play_id,frame_id,nfl_id,object_type,x,y,source
1869,18,54600,player,71.25,14.46,tracking
1869,18,-1,ball,72.0299987792969,31.0799999237061,tracking
1869,19,54600,player,70.76,14.5,tracking
1869,19,-1,ball,72.0299987792969,31.0799999237061,tracking
1869,20,54600,player,70.24,14.51,tracking
1869,20,-1,ball,72.0299987792969,31.0799999237061,tracking
1869,21,54600,player,69.69,14.51,tracking
1869,21,-1,ball,72.0299987792969,31.0799999237061,tracking
1869,22,54600,player,69.13,14.5,tracking
1869,22,-1,ball,72.0299987792969,31.0799999237061,tracking
1869,23,54600,player,68.56,14.49,tracking
1869,23,-1,ball,72.0299987792969,31.0799999237061,tracking
1869,24,54600,player,67.99,14.49,tracking
1869,24,-1,ball,72.0299987792969,31.0799999237061,tracking
1869,25,54600,player,67.42,14.51,tracking
1869,25,-1,ball,72.0299987792969,31.0799999237061,tracking
1869,26,54600,player,66.86,14.56,tracking
1869,26,-1,ball,72.0299987792969,31.0799999237061,tracking
1869,27,54600,player,66.31,14.64,tracking
1869,27,-1,ball,72.0299987792969,31.0799999237061,tracking
1869,28,54600,player,65.78,14.78,tracking
1869,28,-1,ball,72.0299987792969,31.0799999237061,tracking
1869,18,52546,player,70.31,38.99,tracking
1869,18,-1,ball,72.0299987792969,31.0799999237061,tracking
1869,19,52546,player,70.02,38.93,tracking
1869,19,-1,ball,72.0299987792969,31.0799999237061,tracking
1869,20,52546,player,69.74,38.86,tracking
1869,20,-1,ball,72.0299987792969,31.0799999237061,tracking
1869,21,52546,player,69.47,38.79,tracking
1869,21,-1,ball,72.0299987792969,31.0799999237061,tracking
1869,22,52546,player,69.23,38.71,tracking
1869,22,-1,ball,72.0299987792969,31.0799999237061,tracking
1869,23,52546,player,69.02,38.62,tracking
1869,23,-1,ball,72.0299987792969,31.0799999237061,tracking
1869,24,52546,player,68.85,38.53,tracking
1869,24,-1,ball,72.0299987792969,31.0799999237061,tracking
1869,25,52546,player,68.74,38.41,tracking
1869,25,-1,ball,72.0299987792969,31.0799999237061,tracking
1869,26,52546,player,68.68,38.29,tracking
1869,26,-1,ball,72.0299987792969,31.0799999237061,tracking
1869,27,52546,player,68.67,38.14,tracking
1869,27,-1,ball,72.0299987792969,31.0799999237061,tracking
1869,28,52546,player,68.72,37.97,tracking
1869,28,-1,ball,72.0299987792969,31.0799999237061,tracking
1869,18,54486,player,70.1,35.65,tracking
1869,18,-1,ball,72.0299987792969,31.0799999237061,tracking
1869,19,54486,player,69.48,35.65,tracking
1869,19,-1,ball,72.0299987792969,31.0799999237061,tracking
1869,20,54486,player,68.84,35.66,tracking
1869,20,-1,ball,72.0299987792969,31.0799999237061,tracking
1869,21,54486,player,68.18,35.69,tracking
1869,21,-1,ball,72.0299987792969,31.0799999237061,tracking
1869,22,54486,player,67.48,35.75,tracking
1869,22,-1,ball,72.0299987792969,31.0799999237061,tracking
1869,23,54486,player,66.77,35.82,tracking
1869,23,-1,ball,72.0299987792969,31.0799999237061,tracking
1869,24,54486,player,66.04,35.9,tracking
1869,24,-1,ball,72.0299987792969,31.0799999237061,tracking
1869,25,54486,player,65.3,35.98,tracking
1869,25,-1,ball,72.0299987792969,31.0799999237061,tracking
1869,26,54486,player,64.53,36.07,tracking
1869,26,-1,ball,72.0299987792969,31.0799999237061,tracking
1869,27,54486,player,63.76,36.15,tracking
1869,27,-1,ball,72.0299987792969,31.0799999237061,tracking
1869,28,54486,player,62.97,36.22,tracking
1869,28,-1,ball,72.0299987792969,31.0799999237061,tracking
1869,18,53541,player,71.17,15.53,tracking
1869,18,-1,ball,72.0299987792969,31.0799999237061,tracking
1869,19,53541,player,70.58,15.66,tracking
1869,19,-1,ball,72.0299987792969,31.0799999237061,tracking
1869,20,53541,player,69.99,15.79,tracking
1869,20,-1,ball,72.0299987792969,31.0799999237061,tracking
1869,21,53541,player,69.41,15.92,tracking
1869,21,-1,ball,72.0299987792969,31.0799999237061,tracking
1869,22,53541,player,68.85,16.07,tracking
1869,22,-1,ball,72.0299987792969,31.0799999237061,tracking
1869,23,53541,player,68.31,16.24,tracking
1869,23,-1,ball,72.0299987792969,31.0799999237061,tracking
1869,24,53541,player,67.79,16.44,tracking
1869,24,-1,ball,72.0299987792969,31.0799999237061,tracking
1869,25,53541,player,67.31,16.68,tracking
1869,25,-1,ball,72.0299987792969,31.0799999237061,tracking
1869,26,53541,player,66.86,16.96,tracking
1869,26,-1,ball,72.0299987792969,31.0799999237061,tracking
1869,27,53541,player,66.44,17.29,tracking
1869,27,-1,ball,72.0299987792969,31.0799999237061,tracking
1869,28,53541,player,66.05,17.66,tracking
1869,28,-1,ball,72.0299987792969,31.0799999237061,tracking
1869,18,38696,player,70.51,33.87,tracking
1869,18,-1,ball,72.0299987792969,31.0799999237061,tracking
1869,19,38696,player,69.78,33.89,tracking
1869,19,-1,ball,72.0299987792969,31.0799999237061,tracking
1869,20,38696,player,69.02,33.91,tracking
1869,20,-1,ball,72.0299987792969,31.0799999237061,tracking
1869,21,38696,player,68.25,33.94,tracking
1869,21,-1,ball,72.0299987792969,31.0799999237061,tracking
1869,22,38696,player,67.47,33.97,tracking
1869,22,-1,ball,72.0299987792969,31.0799999237061,tracking
1869,23,38696,player,66.67,34.0,tracking
1869,23,-1,ball,72.0299987792969,31.0799999237061,tracking
1869,24,38696,player,65.86,34.03,tracking
1869,24,-1,ball,72.0299987792969,31.0799999237061,tracking
1869,25,38696,player,65.05,34.06,tracking
1869,25,-1,ball,72.0299987792969,31.0799999237061,tracking
1869,26,38696,player,64.22,34.08,tracking
1869,26,-1,ball,72.0299987792969,31.0799999237061,tracking
1869,27,38696,player,63.39,34.1,tracking
1869,27,-1,ball,72.0299987792969,31.0799999237061,tracking
1869,28,38696,player,62.56,34.1,tracking
1869,28,-1,ball,72.0299987792969,31.0799999237061,tracking
1869,18,44930,player,73.04,35.56,tracking
1869,18,-1,ball,72.0299987792969,31.0799999237061,tracking
1869,19,44930,player,72.58,35.54,tracking
1869,19,-1,ball,72.0299987792969,31.0799999237061,tracking
1869,20,44930,player,72.15,35.51,tracking
1869,20,-1,ball,72.0299987792969,31.0799999237061,tracking
1869,21,44930,player,71.77,35.47,tracking
1869,21,-1,ball,72.0299987792969,31.0799999237061,tracking
1869,22,44930,player,71.44,35.42,tracking
1869,22,-1,ball,72.0299987792969,31.0799999237061,tracking
1869,23,44930,player,71.17,35.36,tracking
1869,23,-1,ball,72.0299987792969,31.0799999237061,tracking
1869,24,44930,player,70.94,35.27,tracking
1869,24,-1,ball,72.0299987792969,31.0799999237061,tracking
1869,25,44930,player,70.75,35.16,tracking
1869,25,-1,ball,72.0299987792969,31.0799999237061,tracking
1869,26,44930,player,70.62,35.02,tracking
1869,26,-1,ball,72.0299987792969,31.0799999237061,tracking
1869,27,44930,player,70.52,34.85,tracking
1869,27,-1,ball,72.0299987792969,31.0799999237061,tracking
1869,28,44930,player,70.46,34.64,tracking
1869,28,-1,ball,72.0299987792969,31.0799999237061,tracking
2613,25,54486,player,81.27,17.72,tracking
2613,25,-1,ball,69.7900009155273,22.3299999237061,tracking
2613,26,54486,player,80.71,17.71,tracking
2613,26,-1,ball,69.7900009155273,22.3299999237061,tracking
2613,27,54486,player,80.12,17.68,tracking
2613,27,-1,ball,69.7900009155273,22.3299999237061,tracking
2613,28,54486,player,79.51,17.61,tracking
2613,28,-1,ball,69.7900009155273,22.3299999237061,tracking
2613,29,54486,player,78.87,17.5,tracking
2613,29,-1,ball,69.7900009155273,22.3299999237061,tracking
2613,30,54486,player,78.22,17.34,tracking
2613,30,-1,ball,69.7900009155273,22.3299999237061,tracking
2613,31,54486,player,77.56,17.17,tracking
2613,31,-1,ball,69.7900009155273,22.3299999237061,tracking
2613,32,54486,player,76.9,16.98,tracking
2613,32,-1,ball,69.7900009155273,22.3299999237061,tracking
2613,33,54486,player,76.24,16.79,tracking
2613,33,-1,ball,69.7900009155273,22.3299999237061,tracking
2613,34,54486,player,75.59,16.62,tracking
2613,34,-1,ball,69.7900009155273,22.3299999237061,tracking
2613,35,54486,player,74.95,16.48,tracking
2613,35,-1,ball,69.7900009155273,22.3299999237061,tracking
2613,25,44930,player,78.3,21.61,tracking
2613,25,-1,ball,69.7900009155273,22.3299999237061,tracking
2613,26,44930,player,77.55,21.81,tracking
2613,26,-1,ball,69.7900009155273,22.3299999237061,tracking
2613,27,44930,player,76.79,22.05,tracking
2613,27,-1,ball,69.7900009155273,22.3299999237061,tracking
2613,28,44930,player,76.03,22.33,tracking
2613,28,-1,ball,69.7900009155273,22.3299999237061,tracking
2613,29,44930,player,75.26,22.64,tracking
2613,29,-1,ball,69.7900009155273,22.3299999237061,tracking
2613,30,44930,player,74.49,22.98,tracking
2613,30,-1,ball,69.7900009155273,22.3299999237061,tracking
2613,31,44930,player,73.73,23.35,tracking
2613,31,-1,ball,69.7900009155273,22.3299999237061,tracking
2613,32,44930,player,72.99,23.75,tracking
2613,32,-1,ball,69.7900009155273,22.3299999237061,tracking
2613,33,44930,player,72.26,24.16,tracking
2613,33,-1,ball,69.7900009155273,22.3299999237061,tracking
2613,34,44930,player,71.56,24.6,tracking
2613,34,-1,ball,69.7900009155273,22.3299999237061,tracking
2613,35,44930,player,70.86,25.04,tracking
2613,35,-1,ball,69.7900009155273,22.3299999237061,tracking
2613,25,53541,player,80.86,18.44,tracking
2613,25,-1,ball,69.7900009155273,22.3299999237061,tracking
2613,26,53541,player,80.22,18.4,tracking
2613,26,-1,ball,69.7900009155273,22.3299999237061,tracking
2613,27,53541,player,79.57,18.33,tracking
2613,27,-1,ball,69.7900009155273,22.3299999237061,tracking
2613,28,53541,player,78.92,18.23,tracking
2613,28,-1,ball,69.7900009155273,22.3299999237061,tracking
2613,29,53541,player,78.25,18.09,tracking
2613,29,-1,ball,69.7900009155273,22.3299999237061,tracking
2613,30,53541,player,77.58,17.94,tracking
2613,30,-1,ball,69.7900009155273,22.3299999237061,tracking
2613,31,53541,player,76.9,17.8,tracking
2613,31,-1,ball,69.7900009155273,22.3299999237061,tracking
2613,32,53541,player,76.23,17.68,tracking
2613,32,-1,ball,69.7900009155273,22.3299999237061,tracking
2613,33,53541,player,75.58,17.6,tracking
2613,33,-1,ball,69.7900009155273,22.3299999237061,tracking
2613,34,53541,player,74.95,17.57,tracking
2613,34,-1,ball,69.7900009155273,22.3299999237061,tracking
2613,35,53541,player,74.34,17.61,tracking
2613,35,-1,ball,69.7900009155273,22.3299999237061,tracking
3302,15,54468,player,39.85,10.19,tracking
3302,15,-1,ball,39.560001373291,50.4099998474121,tracking
3302,16,54468,player,40.35,10.22,tracking
3302,16,-1,ball,39.560001373291,50.4099998474121,tracking
3302,17,54468,player,40.84,10.24,tracking
3302,17,-1,ball,39.560001373291,50.4099998474121,tracking
3302,18,54468,player,41.33,10.25,tracking
3302,18,-1,ball,39.560001373291,50.4099998474121,tracking
3302,19,54468,player,41.81,10.25,tracking
3302,19,-1,ball,39.560001373291,50.4099998474121,tracking
3302,20,54468,player,42.25,10.24,tracking
3302,20,-1,ball,39.560001373291,50.4099998474121,tracking
3302,21,54468,player,42.64,10.24,tracking
3302,21,-1,ball,39.560001373291,50.4099998474121,tracking
3302,22,54468,player,43.0,10.23,tracking
3302,22,-1,ball,39.560001373291,50.4099998474121,tracking
3302,23,54468,player,43.3,10.23,tracking
3302,23,-1,ball,39.560001373291,50.4099998474121,tracking
3302,24,54468,player,43.55,10.26,tracking
3302,24,-1,ball,39.560001373291,50.4099998474121,tracking
3302,25,54468,player,43.74,10.31,tracking
3302,25,-1,ball,39.560001373291,50.4099998474121,tracking
3302,15,42441,player,39.87,43.16,tracking
3302,15,-1,ball,39.560001373291,50.4099998474121,tracking
3302,16,42441,player,40.37,43.16,tracking
3302,16,-1,ball,39.560001373291,50.4099998474121,tracking
3302,17,42441,player,40.87,43.14,tracking
3302,17,-1,ball,39.560001373291,50.4099998474121,tracking
3302,18,42441,player,41.36,43.12,tracking
3302,18,-1,ball,39.560001373291,50.4099998474121,tracking
3302,19,42441,player,41.81,43.11,tracking
3302,19,-1,ball,39.560001373291,50.4099998474121,tracking
3302,20,42441,player,42.21,43.12,tracking
3302,20,-1,ball,39.560001373291,50.4099998474121,tracking
3302,21,42441,player,42.55,43.15,tracking
3302,21,-1,ball,39.560001373291,50.4099998474121,tracking
3302,22,42441,player,42.84,43.19,tracking
3302,22,-1,ball,39.560001373291,50.4099998474121,tracking
3302,23,42441,player,43.05,43.31,tracking
3302,23,-1,ball,39.560001373291,50.4099998474121,tracking
3302,24,42441,player,43.22,43.44,tracking
3302,24,-1,ball,39.560001373291,50.4099998474121,tracking
3302,25,42441,player,43.32,43.65,tracking
3302,25,-1,ball,39.560001373291,50.4099998474121,tracking
3302,15,42363,player,34.22,17.62,tracking
3302,15,-1,ball,39.560001373291,50.4099998474121,tracking
3302,16,42363,player,34.52,17.96,tracking
3302,16,-1,ball,39.560001373291,50.4099998474121,tracking
3302,17,42363,player,34.78,18.35,tracking
3302,17,-1,ball,39.560001373291,50.4099998474121,tracking
3302,18,42363,player,35.01,18.79,tracking
3302,18,-1,ball,39.560001373291,50.4099998474121,tracking
3302,19,42363,player,35.2,19.26,tracking
3302,19,-1,ball,39.560001373291,50.4099998474121,tracking
3302,20,42363,player,35.35,19.78,tracking
3302,20,-1,ball,39.560001373291,50.4099998474121,tracking
3302,21,42363,player,35.46,20.32,tracking
3302,21,-1,ball,39.560001373291,50.4099998474121,tracking
3302,22,42363,player,35.55,20.89,tracking
3302,22,-1,ball,39.560001373291,50.4099998474121,tracking
3302,23,42363,player,35.63,21.49,tracking
3302,23,-1,ball,39.560001373291,50.4099998474121,tracking
3302,24,42363,player,35.71,22.11,tracking
3302,24,-1,ball,39.560001373291,50.4099998474121,tracking
3302,25,42363,player,35.8,22.73,tracking
3302,25,-1,ball,39.560001373291,50.4099998474121,tracking
3302,15,55886,player,34.84,9.28,tracking
3302,15,-1,ball,39.560001373291,50.4099998474121,tracking
3302,16,55886,player,35.3,9.14,tracking
3302,16,-1,ball,39.560001373291,50.4099998474121,tracking
3302,17,55886,player,35.74,9.01,tracking
3302,17,-1,ball,39.560001373291,50.4099998474121,tracking
3302,18,55886,player,36.15,8.9,tracking
3302,18,-1,ball,39.560001373291,50.4099998474121,tracking
3302,19,55886,player,36.54,8.79,tracking
3302,19,-1,ball,39.560001373291,50.4099998474121,tracking
3302,20,55886,player,36.89,8.72,tracking
3302,20,-1,ball,39.560001373291,50.4099998474121,tracking
3302,21,55886,player,37.2,8.69,tracking
3302,21,-1,ball,39.560001373291,50.4099998474121,tracking
3302,22,55886,player,37.46,8.7,tracking
3302,22,-1,ball,39.560001373291,50.4099998474121,tracking
3302,23,55886,player,37.67,8.77,tracking
3302,23,-1,ball,39.560001373291,50.4099998474121,tracking
3302,24,55886,player,37.83,8.87,tracking
3302,24,-1,ball,39.560001373291,50.4099998474121,tracking
3302,25,55886,player,37.94,9.04,tracking
3302,25,-1,ball,39.560001373291,50.4099998474121,tracking
3302,15,41238,player,36.13,42.84,tracking
3302,15,-1,ball,39.560001373291,50.4099998474121,tracking
3302,16,41238,player,36.79,42.87,tracking
3302,16,-1,ball,39.560001373291,50.4099998474121,tracking
3302,17,41238,player,37.43,42.94,tracking
3302,17,-1,ball,39.560001373291,50.4099998474121,tracking
3302,18,41238,player,38.06,43.04,tracking
3302,18,-1,ball,39.560001373291,50.4099998474121,tracking
3302,19,41238,player,38.67,43.19,tracking
3302,19,-1,ball,39.560001373291,50.4099998474121,tracking
3302,20,41238,player,39.24,43.39,tracking
3302,20,-1,ball,39.560001373291,50.4099998474121,tracking
3302,21,41238,player,39.76,43.65,tracking
3302,21,-1,ball,39.560001373291,50.4099998474121,tracking
3302,22,41238,player,40.25,43.96,tracking
3302,22,-1,ball,39.560001373291,50.4099998474121,tracking
3302,23,41238,player,40.67,44.33,tracking
3302,23,-1,ball,39.560001373291,50.4099998474121,tracking
3302,24,41238,player,41.05,44.75,tracking
3302,24,-1,ball,39.560001373291,50.4099998474121,tracking
3302,25,41238,player,41.37,45.21,tracking
3302,25,-1,ball,39.560001373291,50.4099998474121,tracking
1944,39,46073,player,80.8,45.75,tracking
1944,39,-1,ball,87.0400009155273,53.060001373291,tracking
1944,40,46073,player,80.6,46.18,tracking
1944,40,-1,ball,87.0400009155273,53.060001373291,tracking
1944,41,46073,player,80.43,46.59,tracking
1944,41,-1,ball,87.0400009155273,53.060001373291,tracking
1944,42,46073,player,80.33,47.02,tracking
1944,42,-1,ball,87.0400009155273,53.060001373291,tracking
1944,43,46073,player,80.23,47.43,tracking
1944,43,-1,ball,87.0400009155273,53.060001373291,tracking
1944,44,46073,player,80.18,47.84,tracking
1944,44,-1,ball,87.0400009155273,53.060001373291,tracking
1944,45,46073,player,80.15,48.23,tracking
1944,45,-1,ball,87.0400009155273,53.060001373291,tracking
1944,46,46073,player,80.16,48.61,tracking
1944,46,-1,ball,87.0400009155273,53.060001373291,tracking
1944,47,46073,player,80.21,48.98,tracking
1944,47,-1,ball,87.0400009155273,53.060001373291,tracking
1944,48,46073,player,80.33,49.35,tracking
1944,48,-1,ball,87.0400009155273,53.060001373291,tracking
1944,49,46073,player,80.53,49.72,tracking
1944,49,-1,ball,87.0400009155273,53.060001373291,tracking
1944,39,53455,player,81.42,39.79,tracking
1944,39,-1,ball,87.0400009155273,53.060001373291,tracking
1944,40,53455,player,81.2,40.2,tracking
1944,40,-1,ball,87.0400009155273,53.060001373291,tracking
1944,41,53455,player,81.02,40.61,tracking
1944,41,-1,ball,87.0400009155273,53.060001373291,tracking
1944,42,53455,player,80.86,41.02,tracking
1944,42,-1,ball,87.0400009155273,53.060001373291,tracking
1944,43,53455,player,80.73,41.45,tracking
1944,43,-1,ball,87.0400009155273,53.060001373291,tracking
1944,44,53455,player,80.62,41.88,tracking
1944,44,-1,ball,87.0400009155273,53.060001373291,tracking
1944,45,53455,player,80.54,42.32,tracking
1944,45,-1,ball,87.0400009155273,53.060001373291,tracking
1944,46,53455,player,80.48,42.77,tracking
1944,46,-1,ball,87.0400009155273,53.060001373291,tracking
1944,47,53455,player,80.47,43.24,tracking
1944,47,-1,ball,87.0400009155273,53.060001373291,tracking
1944,48,53455,player,80.49,43.73,tracking
1944,48,-1,ball,87.0400009155273,53.060001373291,tracking
1944,49,53455,player,80.55,44.25,tracking
1944,49,-1,ball,87.0400009155273,53.060001373291,tracking
1944,39,54533,player,83.11,11.32,tracking
1944,39,-1,ball,87.0400009155273,53.060001373291,tracking
1944,40,54533,player,83.23,11.56,tracking
1944,40,-1,ball,87.0400009155273,53.060001373291,tracking
1944,41,54533,player,83.34,11.86,tracking
1944,41,-1,ball,87.0400009155273,53.060001373291,tracking
1944,42,54533,player,83.48,12.19,tracking
1944,42,-1,ball,87.0400009155273,53.060001373291,tracking
1944,43,54533,player,83.6,12.58,tracking
1944,43,-1,ball,87.0400009155273,53.060001373291,tracking
1944,44,54533,player,83.72,13.0,tracking
1944,44,-1,ball,87.0400009155273,53.060001373291,tracking
1944,45,54533,player,83.84,13.5,tracking
1944,45,-1,ball,87.0400009155273,53.060001373291,tracking
1944,46,54533,player,83.95,14.02,tracking
1944,46,-1,ball,87.0400009155273,53.060001373291,tracking
1944,47,54533,player,84.04,14.59,tracking
1944,47,-1,ball,87.0400009155273,53.060001373291,tracking
1944,48,54533,player,84.12,15.18,tracking
1944,48,-1,ball,87.0400009155273,53.060001373291,tracking
1944,49,54533,player,84.18,15.81,tracking
1944,49,-1,ball,87.0400009155273,53.060001373291,tracking
1944,39,53434,player,78.25,21.98,tracking
1944,39,-1,ball,87.0400009155273,53.060001373291,tracking
1944,40,53434,player,78.06,22.72,tracking
1944,40,-1,ball,87.0400009155273,53.060001373291,tracking
1944,41,53434,player,77.88,23.46,tracking
1944,41,-1,ball,87.0400009155273,53.060001373291,tracking
1944,42,53434,player,77.71,24.21,tracking
1944,42,-1,ball,87.0400009155273,53.060001373291,tracking
1944,43,53434,player,77.54,24.97,tracking
1944,43,-1,ball,87.0400009155273,53.060001373291,tracking
1944,44,53434,player,77.38,25.74,tracking
1944,44,-1,ball,87.0400009155273,53.060001373291,tracking
1944,45,53434,player,77.21,26.51,tracking
1944,45,-1,ball,87.0400009155273,53.060001373291,tracking
1944,46,53434,player,77.02,27.28,tracking
1944,46,-1,ball,87.0400009155273,53.060001373291,tracking
1944,47,53434,player,76.83,28.05,tracking
1944,47,-1,ball,87.0400009155273,53.060001373291,tracking
1944,48,53434,player,76.63,28.82,tracking
1944,48,-1,ball,87.0400009155273,53.060001373291,tracking
1944,49,53434,player,76.42,29.57,tracking
1944,49,-1,ball,87.0400009155273,53.060001373291,tracking
1944,39,52441,player,75.45,47.6,tracking
1944,39,-1,ball,87.0400009155273,53.060001373291,tracking
1944,40,52441,player,75.1,48.1,tracking
1944,40,-1,ball,87.0400009155273,53.060001373291,tracking
1944,41,52441,player,74.77,48.56,tracking
1944,41,-1,ball,87.0400009155273,53.060001373291,tracking
1944,42,52441,player,74.43,48.99,tracking
1944,42,-1,ball,87.0400009155273,53.060001373291,tracking
1944,43,52441,player,74.12,49.38,tracking
1944,43,-1,ball,87.0400009155273,53.060001373291,tracking
1944,44,52441,player,73.81,49.74,tracking
1944,44,-1,ball,87.0400009155273,53.060001373291,tracking
1944,45,52441,player,73.53,50.06,tracking
1944,45,-1,ball,87.0400009155273,53.060001373291,tracking
1944,46,52441,player,73.27,50.35,tracking
1944,46,-1,ball,87.0400009155273,53.060001373291,tracking
1944,47,52441,player,73.04,50.59,tracking
1944,47,-1,ball,87.0400009155273,53.060001373291,tracking
1944,48,52441,player,72.84,50.8,tracking
1944,48,-1,ball,87.0400009155273,53.060001373291,tracking
1944,49,52441,player,72.67,50.98,tracking
1944,49,-1,ball,87.0400009155273,53.060001373291,tracking
1944,39,43344,player,87.39,42.62,tracking
1944,39,-1,ball,87.0400009155273,53.060001373291,tracking
1944,40,43344,player,87.37,43.25,tracking
1944,40,-1,ball,87.0400009155273,53.060001373291,tracking
1944,41,43344,player,87.34,43.88,tracking
1944,41,-1,ball,87.0400009155273,53.060001373291,tracking
1944,42,43344,player,87.32,44.5,tracking
1944,42,-1,ball,87.0400009155273,53.060001373291,tracking
1944,43,43344,player,87.29,45.12,tracking
1944,43,-1,ball,87.0400009155273,53.060001373291,tracking
1944,44,43344,player,87.25,45.74,tracking
1944,44,-1,ball,87.0400009155273,53.060001373291,tracking
1944,45,43344,player,87.22,46.36,tracking
1944,45,-1,ball,87.0400009155273,53.060001373291,tracking
1944,46,43344,player,87.17,46.96,tracking
1944,46,-1,ball,87.0400009155273,53.060001373291,tracking
1944,47,43344,player,87.13,47.56,tracking
1944,47,-1,ball,87.0400009155273,53.060001373291,tracking
1944,48,43344,player,87.07,48.15,tracking
1944,48,-1,ball,87.0400009155273,53.060001373291,tracking
1944,49,43344,player,87.01,48.73,tracking
1944,49,-1,ball,87.0400009155273,53.060001373291,tracking
3335,10,46456,player,88.2,44.52,tracking
3335,10,-1,ball,87.2799987792969,38.5400009155273,tracking
3335,11,46456,player,88.11,44.49,tracking
3335,11,-1,ball,87.2799987792969,38.5400009155273,tracking
3335,12,46456,player,88.01,44.45,tracking
3335,12,-1,ball,87.2799987792969,38.5400009155273,tracking
3335,13,46456,player,87.92,44.4,tracking
3335,13,-1,ball,87.2799987792969,38.5400009155273,tracking
3335,14,46456,player,87.82,44.35,tracking
3335,14,-1,ball,87.2799987792969,38.5400009155273,tracking
3335,15,46456,player,87.72,44.28,tracking
3335,15,-1,ball,87.2799987792969,38.5400009155273,tracking
3335,16,46456,player,87.61,44.18,tracking
3335,16,-1,ball,87.2799987792969,38.5400009155273,tracking
3335,17,46456,player,87.49,44.05,tracking
3335,17,-1,ball,87.2799987792969,38.5400009155273,tracking
3335,18,46456,player,87.36,43.9,tracking
3335,18,-1,ball,87.2799987792969,38.5400009155273,tracking
3335,19,46456,player,87.23,43.7,tracking
3335,19,-1,ball,87.2799987792969,38.5400009155273,tracking
3335,20,46456,player,87.09,43.46,tracking
3335,20,-1,ball,87.2799987792969,38.5400009155273,tracking
3335,10,53462,player,91.3,9.16,tracking
3335,10,-1,ball,87.2799987792969,38.5400009155273,tracking
3335,11,53462,player,91.28,9.0,tracking
3335,11,-1,ball,87.2799987792969,38.5400009155273,tracking
3335,12,53462,player,91.23,8.78,tracking
3335,12,-1,ball,87.2799987792969,38.5400009155273,tracking
3335,13,53462,player,91.14,8.5,tracking
3335,13,-1,ball,87.2799987792969,38.5400009155273,tracking
3335,14,53462,player,91.01,8.19,tracking
3335,14,-1,ball,87.2799987792969,38.5400009155273,tracking
3335,15,53462,player,90.84,7.84,tracking
3335,15,-1,ball,87.2799987792969,38.5400009155273,tracking
3335,16,53462,player,90.64,7.49,tracking
3335,16,-1,ball,87.2799987792969,38.5400009155273,tracking
3335,17,53462,player,90.4,7.13,tracking
3335,17,-1,ball,87.2799987792969,38.5400009155273,tracking
3335,18,53462,player,90.13,6.77,tracking
3335,18,-1,ball,87.2799987792969,38.5400009155273,tracking
3335,19,53462,player,89.82,6.44,tracking
3335,19,-1,ball,87.2799987792969,38.5400009155273,tracking
3335,20,53462,player,89.48,6.14,tracking
3335,20,-1,ball,87.2799987792969,38.5400009155273,tracking
3335,10,55944,player,91.45,34.63,tracking
3335,10,-1,ball,87.2799987792969,38.5400009155273,tracking
3335,11,55944,player,90.93,34.66,tracking
3335,11,-1,ball,87.2799987792969,38.5400009155273,tracking
3335,12,55944,player,90.36,34.69,tracking
3335,12,-1,ball,87.2799987792969,38.5400009155273,tracking
3335,13,55944,player,89.76,34.72,tracking
3335,13,-1,ball,87.2799987792969,38.5400009155273,tracking
3335,14,55944,player,89.13,34.75,tracking
3335,14,-1,ball,87.2799987792969,38.5400009155273,tracking
3335,15,55944,player,88.48,34.78,tracking
3335,15,-1,ball,87.2799987792969,38.5400009155273,tracking
3335,16,55944,player,87.82,34.79,tracking
3335,16,-1,ball,87.2799987792969,38.5400009155273,tracking
3335,17,55944,player,87.16,34.78,tracking
3335,17,-1,ball,87.2799987792969,38.5400009155273,tracking
3335,18,55944,player,86.5,34.77,tracking
3335,18,-1,ball,87.2799987792969,38.5400009155273,tracking
3335,19,55944,player,85.85,34.73,tracking
3335,19,-1,ball,87.2799987792969,38.5400009155273,tracking
3335,20,55944,player,85.23,34.65,tracking
3335,20,-1,ball,87.2799987792969,38.5400009155273,tracking
3335,10,52442,player,93.7,8.82,tracking
3335,10,-1,ball,87.2799987792969,38.5400009155273,tracking
3335,11,52442,player,93.37,8.54,tracking
3335,11,-1,ball,87.2799987792969,38.5400009155273,tracking
3335,12,52442,player,93.02,8.24,tracking
3335,12,-1,ball,87.2799987792969,38.5400009155273,tracking
3335,13,52442,player,92.64,7.89,tracking
3335,13,-1,ball,87.2799987792969,38.5400009155273,tracking
3335,14,52442,player,92.25,7.49,tracking
3335,14,-1,ball,87.2799987792969,38.5400009155273,tracking
3335,15,52442,player,91.83,7.07,tracking
3335,15,-1,ball,87.2799987792969,38.5400009155273,tracking
3335,16,52442,player,91.39,6.64,tracking
3335,16,-1,ball,87.2799987792969,38.5400009155273,tracking
3335,17,52442,player,90.93,6.19,tracking
3335,17,-1,ball,87.2799987792969,38.5400009155273,tracking
3335,18,52442,player,90.44,5.73,tracking
3335,18,-1,ball,87.2799987792969,38.5400009155273,tracking
3335,19,52442,player,89.93,5.29,tracking
3335,19,-1,ball,87.2799987792969,38.5400009155273,tracking
3335,20,52442,player,89.39,4.87,tracking
3335,20,-1,ball,87.2799987792969,38.5400009155273,tracking
3335,10,54518,player,92.35,44.65,tracking
3335,10,-1,ball,87.2799987792969,38.5400009155273,tracking
3335,11,54518,player,91.95,44.62,tracking
3335,11,-1,ball,87.2799987792969,38.5400009155273,tracking
3335,12,54518,player,91.52,44.6,tracking
3335,12,-1,ball,87.2799987792969,38.5400009155273,tracking
3335,13,54518,player,91.05,44.56,tracking
3335,13,-1,ball,87.2799987792969,38.5400009155273,tracking
3335,14,54518,player,90.56,44.52,tracking
3335,14,-1,ball,87.2799987792969,38.5400009155273,tracking
3335,15,54518,player,90.08,44.45,tracking
3335,15,-1,ball,87.2799987792969,38.5400009155273,tracking
3335,16,54518,player,89.62,44.34,tracking
3335,16,-1,ball,87.2799987792969,38.5400009155273,tracking
3335,17,54518,player,89.18,44.2,tracking
3335,17,-1,ball,87.2799987792969,38.5400009155273,tracking
3335,18,54518,player,88.79,44.01,tracking
3335,18,-1,ball,87.2799987792969,38.5400009155273,tracking
3335,19,54518,player,88.44,43.79,tracking
3335,19,-1,ball,87.2799987792969,38.5400009155273,tracking
3335,20,54518,player,88.15,43.49,tracking
3335,20,-1,ball,87.2799987792969,38.5400009155273,tracking
1190,16,52584,player,29.44,32.62,tracking
1190,16,-1,ball,39.4900016784668,19.7800006866455,tracking
1190,17,52584,player,30.0,32.91,tracking
1190,17,-1,ball,39.4900016784668,19.7800006866455,tracking
1190,18,52584,player,30.61,33.17,tracking
1190,18,-1,ball,39.4900016784668,19.7800006866455,tracking
1190,19,52584,player,31.23,33.42,tracking
1190,19,-1,ball,39.4900016784668,19.7800006866455,tracking
1190,20,52584,player,31.88,33.64,tracking
1190,20,-1,ball,39.4900016784668,19.7800006866455,tracking
1190,21,52584,player,32.56,33.85,tracking
1190,21,-1,ball,39.4900016784668,19.7800006866455,tracking
1190,22,52584,player,33.25,34.03,tracking
1190,22,-1,ball,39.4900016784668,19.7800006866455,tracking
1190,23,52584,player,33.96,34.19,tracking
1190,23,-1,ball,39.4900016784668,19.7800006866455,tracking
1190,24,52584,player,34.67,34.35,tracking
1190,24,-1,ball,39.4900016784668,19.7800006866455,tracking
1190,25,52584,player,35.39,34.51,tracking
1190,25,-1,ball,39.4900016784668,19.7800006866455,tracking
1190,26,52584,player,36.1,34.68,tracking
1190,26,-1,ball,39.4900016784668,19.7800006866455,tracking
1190,16,52430,player,28.72,13.64,tracking
1190,16,-1,ball,39.4900016784668,19.7800006866455,tracking
1190,17,52430,player,29.24,13.57,tracking
1190,17,-1,ball,39.4900016784668,19.7800006866455,tracking
1190,18,52430,player,29.79,13.55,tracking
1190,18,-1,ball,39.4900016784668,19.7800006866455,tracking
1190,19,52430,player,30.36,13.55,tracking
1190,19,-1,ball,39.4900016784668,19.7800006866455,tracking
1190,20,52430,player,30.96,13.59,tracking
1190,20,-1,ball,39.4900016784668,19.7800006866455,tracking
1190,21,52430,player,31.59,13.65,tracking
1190,21,-1,ball,39.4900016784668,19.7800006866455,tracking
1190,22,52430,player,32.22,13.75,tracking
1190,22,-1,ball,39.4900016784668,19.7800006866455,tracking
1190,23,52430,player,32.86,13.88,tracking
1190,23,-1,ball,39.4900016784668,19.7800006866455,tracking
1190,24,52430,player,33.49,14.05,tracking
1190,24,-1,ball,39.4900016784668,19.7800006866455,tracking
1190,25,52430,player,34.12,14.25,tracking
1190,25,-1,ball,39.4900016784668,19.7800006866455,tracking
1190,26,52430,player,34.75,14.48,tracking
1190,26,-1,ball,39.4900016784668,19.7800006866455,tracking
4147,28,54514,player,21.44,17.12,tracking
4147,28,-1,ball,21.5,29.2000007629395,tracking
4147,29,54514,player,21.45,17.13,tracking
4147,29,-1,ball,21.5,29.2000007629395,tracking
4147,30,54514,player,21.46,17.16,tracking
4147,30,-1,ball,21.5,29.2000007629395,tracking
4147,31,54514,player,21.48,17.21,tracking
4147,31,-1,ball,21.5,29.2000007629395,tracking
4147,32,54514,player,21.51,17.29,tracking
4147,32,-1,ball,21.5,29.2000007629395,tracking
4147,33,54514,player,21.53,17.38,tracking
4147,33,-1,ball,21.5,29.2000007629395,tracking
4147,34,54514,player,21.54,17.52,tracking
4147,34,-1,ball,21.5,29.2000007629395,tracking
4147,35,54514,player,21.55,17.69,tracking
4147,35,-1,ball,21.5,29.2000007629395,tracking
4147,36,54514,player,21.56,17.91,tracking
4147,36,-1,ball,21.5,29.2000007629395,tracking
4147,37,54514,player,21.56,18.17,tracking
4147,37,-1,ball,21.5,29.2000007629395,tracking
4147,38,54514,player,21.55,18.47,tracking
4147,38,-1,ball,21.5,29.2000007629395,tracking
4147,28,44823,player,16.69,8.82,tracking
4147,28,-1,ball,21.5,29.2000007629395,tracking
4147,29,44823,player,16.3,8.73,tracking
4147,29,-1,ball,21.5,29.2000007629395,tracking
4147,30,44823,player,15.91,8.62,tracking
4147,30,-1,ball,21.5,29.2000007629395,tracking
4147,31,44823,player,15.51,8.49,tracking
4147,31,-1,ball,21.5,29.2000007629395,tracking
4147,32,44823,player,15.08,8.33,tracking
4147,32,-1,ball,21.5,29.2000007629395,tracking
4147,33,44823,player,14.65,8.16,tracking
4147,33,-1,ball,21.5,29.2000007629395,tracking
4147,34,44823,player,14.21,7.96,tracking
4147,34,-1,ball,21.5,29.2000007629395,tracking
4147,35,44823,player,13.76,7.74,tracking
4147,35,-1,ball,21.5,29.2000007629395,tracking
4147,36,44823,player,13.3,7.51,tracking
4147,36,-1,ball,21.5,29.2000007629395,tracking
4147,37,44823,player,12.82,7.27,tracking
4147,37,-1,ball,21.5,29.2000007629395,tracking
4147,38,44823,player,12.33,7.02,tracking
4147,38,-1,ball,21.5,29.2000007629395,tracking
4147,28,53505,player,16.78,45.39,tracking
4147,28,-1,ball,21.5,29.2000007629395,tracking
4147,29,53505,player,16.49,45.45,tracking
4147,29,-1,ball,21.5,29.2000007629395,tracking
4147,30,53505,player,16.21,45.5,tracking
4147,30,-1,ball,21.5,29.2000007629395,tracking
4147,31,53505,player,15.93,45.55,tracking
4147,31,-1,ball,21.5,29.2000007629395,tracking
4147,32,53505,player,15.66,45.59,tracking
4147,32,-1,ball,21.5,29.2000007629395,tracking
4147,33,53505,player,15.41,45.62,tracking
4147,33,-1,ball,21.5,29.2000007629395,tracking
4147,34,53505,player,15.15,45.61,tracking
4147,34,-1,ball,21.5,29.2000007629395,tracking
4147,35,53505,player,14.89,45.58,tracking
4147,35,-1,ball,21.5,29.2000007629395,tracking
4147,36,53505,player,14.62,45.52,tracking
4147,36,-1,ball,21.5,29.2000007629395,tracking
4147,37,53505,player,14.36,45.42,tracking
4147,37,-1,ball,21.5,29.2000007629395,tracking
4147,38,53505,player,14.09,45.3,tracking
4147,38,-1,ball,21.5,29.2000007629395,tracking
4147,28,53074,player,23.15,10.05,tracking
4147,28,-1,ball,21.5,29.2000007629395,tracking
4147,29,53074,player,23.15,10.06,tracking
4147,29,-1,ball,21.5,29.2000007629395,tracking
4147,30,53074,player,23.16,10.09,tracking
4147,30,-1,ball,21.5,29.2000007629395,tracking
4147,31,53074,player,23.18,10.13,tracking
4147,31,-1,ball,21.5,29.2000007629395,tracking
4147,32,53074,player,23.19,10.17,tracking
4147,32,-1,ball,21.5,29.2000007629395,tracking
4147,33,53074,player,23.2,10.22,tracking
4147,33,-1,ball,21.5,29.2000007629395,tracking
4147,34,53074,player,23.21,10.24,tracking
4147,34,-1,ball,21.5,29.2000007629395,tracking
4147,35,53074,player,23.21,10.24,tracking
4147,35,-1,ball,21.5,29.2000007629395,tracking
4147,36,53074,player,23.21,10.21,tracking
4147,36,-1,ball,21.5,29.2000007629395,tracking
4147,37,53074,player,23.21,10.15,tracking
4147,37,-1,ball,21.5,29.2000007629395,tracking
4147,38,53074,player,23.2,10.04,tracking
4147,38,-1,ball,21.5,29.2000007629395,tracking
4147,28,54483,player,14.79,42.77,tracking
4147,28,-1,ball,21.5,29.2000007629395,tracking
4147,29,54483,player,14.17,42.59,tracking
4147,29,-1,ball,21.5,29.2000007629395,tracking
4147,30,54483,player,13.59,42.38,tracking
4147,30,-1,ball,21.5,29.2000007629395,tracking
4147,31,54483,player,13.03,42.12,tracking
4147,31,-1,ball,21.5,29.2000007629395,tracking
4147,32,54483,player,12.52,41.8,tracking
4147,32,-1,ball,21.5,29.2000007629395,tracking
4147,33,54483,player,12.04,41.42,tracking
4147,33,-1,ball,21.5,29.2000007629395,tracking
4147,34,54483,player,11.6,40.99,tracking
4147,34,-1,ball,21.5,29.2000007629395,tracking
4147,35,54483,player,11.21,40.52,tracking
4147,35,-1,ball,21.5,29.2000007629395,tracking
4147,36,54483,player,10.86,40.0,tracking
4147,36,-1,ball,21.5,29.2000007629395,tracking
4147,37,54483,player,10.56,39.45,tracking
4147,37,-1,ball,21.5,29.2000007629395,tracking
4147,38,54483,player,10.3,38.88,tracking
4147,38,-1,ball,21.5,29.2000007629395,tracking
4147,28,39973,player,22.55,22.29,tracking
4147,28,-1,ball,21.5,29.2000007629395,tracking
4147,29,39973,player,22.33,22.46,tracking
4147,29,-1,ball,21.5,29.2000007629395,tracking
4147,30,39973,player,22.11,22.68,tracking
4147,30,-1,ball,21.5,29.2000007629395,tracking
4147,31,39973,player,21.89,22.95,tracking
4147,31,-1,ball,21.5,29.2000007629395,tracking
4147,32,39973,player,21.67,23.27,tracking
4147,32,-1,ball,21.5,29.2000007629395,tracking
4147,33,39973,player,21.45,23.63,tracking
4147,33,-1,ball,21.5,29.2000007629395,tracking
4147,34,39973,player,21.24,24.03,tracking
4147,34,-1,ball,21.5,29.2000007629395,tracking
4147,35,39973,player,21.04,24.46,tracking
4147,35,-1,ball,21.5,29.2000007629395,tracking
4147,36,39973,player,20.86,24.91,tracking
4147,36,-1,ball,21.5,29.2000007629395,tracking
4147,37,39973,player,20.69,25.39,tracking
4147,37,-1,ball,21.5,29.2000007629395,tracking
4147,38,39973,player,20.54,25.87,tracking
4147,38,-1,ball,21.5,29.2000007629395,tracking
147,29,56045,player,61.13,15.23,tracking
147,29,-1,ball,58.5699996948242,21.25,tracking
147,30,56045,player,61.65,15.45,tracking
147,30,-1,ball,58.5699996948242,21.25,tracking
147,31,56045,player,62.16,15.7,tracking
147,31,-1,ball,58.5699996948242,21.25,tracking
147,32,56045,player,62.61,15.97,tracking
147,32,-1,ball,58.5699996948242,21.25,tracking
147,33,56045,player,62.99,16.27,tracking
147,33,-1,ball,58.5699996948242,21.25,tracking
147,34,56045,player,63.31,16.58,tracking
147,34,-1,ball,58.5699996948242,21.25,tracking
147,35,56045,player,63.58,16.89,tracking
147,35,-1,ball,58.5699996948242,21.25,tracking
147,36,56045,player,63.78,17.21,tracking
147,36,-1,ball,58.5699996948242,21.25,tracking
147,37,56045,player,63.9,17.53,tracking
147,37,-1,ball,58.5699996948242,21.25,tracking
147,38,56045,player,63.95,17.84,tracking
147,38,-1,ball,58.5699996948242,21.25,tracking
147,39,56045,player,63.92,18.15,tracking
147,39,-1,ball,58.5699996948242,21.25,tracking
147,29,53565,player,63.65,40.81,tracking
147,29,-1,ball,58.5699996948242,21.25,tracking
147,30,53565,player,64.09,40.81,tracking
147,30,-1,ball,58.5699996948242,21.25,tracking
147,31,53565,player,64.5,40.81,tracking
147,31,-1,ball,58.5699996948242,21.25,tracking
147,32,53565,player,64.84,40.78,tracking
147,32,-1,ball,58.5699996948242,21.25,tracking
147,33,53565,player,65.12,40.75,tracking
147,33,-1,ball,58.5699996948242,21.25,tracking
147,34,53565,player,65.34,40.71,tracking
147,34,-1,ball,58.5699996948242,21.25,tracking
147,35,53565,player,65.48,40.67,tracking
147,35,-1,ball,58.5699996948242,21.25,tracking
147,36,53565,player,65.53,40.62,tracking
147,36,-1,ball,58.5699996948242,21.25,tracking
147,37,53565,player,65.54,40.56,tracking
147,37,-1,ball,58.5699996948242,21.25,tracking
147,38,53565,player,65.49,40.48,tracking
147,38,-1,ball,58.5699996948242,21.25,tracking
147,39,53565,player,65.39,40.37,tracking
147,39,-1,ball,58.5699996948242,21.25,tracking
147,29,53511,player,60.19,46.73,tracking
147,29,-1,ball,58.5699996948242,21.25,tracking
147,30,53511,player,61.12,46.98,tracking
147,30,-1,ball,58.5699996948242,21.25,tracking
147,31,53511,player,62.05,47.23,tracking
147,31,-1,ball,58.5699996948242,21.25,tracking
147,32,53511,player,62.97,47.45,tracking
147,32,-1,ball,58.5699996948242,21.25,tracking
147,33,53511,player,63.9,47.67,tracking
147,33,-1,ball,58.5699996948242,21.25,tracking
147,34,53511,player,64.82,47.87,tracking
147,34,-1,ball,58.5699996948242,21.25,tracking
147,35,53511,player,65.74,48.07,tracking
147,35,-1,ball,58.5699996948242,21.25,tracking
147,36,53511,player,66.66,48.25,tracking
147,36,-1,ball,58.5699996948242,21.25,tracking
147,37,53511,player,67.57,48.42,tracking
147,37,-1,ball,58.5699996948242,21.25,tracking
147,38,53511,player,68.47,48.57,tracking
147,38,-1,ball,58.5699996948242,21.25,tracking
147,39,53511,player,69.37,48.71,tracking
147,39,-1,ball,58.5699996948242,21.25,tracking
147,29,47859,player,61.4,38.16,tracking
147,29,-1,ball,58.5699996948242,21.25,tracking
147,30,47859,player,61.9,38.11,tracking
147,30,-1,ball,58.5699996948242,21.25,tracking
147,31,47859,player,62.32,38.06,tracking
147,31,-1,ball,58.5699996948242,21.25,tracking
147,32,47859,player,62.66,38.01,tracking
147,32,-1,ball,58.5699996948242,21.25,tracking
147,33,47859,player,62.93,37.96,tracking
147,33,-1,ball,58.5699996948242,21.25,tracking
147,34,47859,player,63.14,37.92,tracking
147,34,-1,ball,58.5699996948242,21.25,tracking
147,35,47859,player,63.28,37.86,tracking
147,35,-1,ball,58.5699996948242,21.25,tracking
147,36,47859,player,63.37,37.8,tracking
147,36,-1,ball,58.5699996948242,21.25,tracking
147,37,47859,player,63.42,37.7,tracking
147,37,-1,ball,58.5699996948242,21.25,tracking
147,38,47859,player,63.44,37.58,tracking
147,38,-1,ball,58.5699996948242,21.25,tracking
147,39,47859,player,63.43,37.43,tracking
147,39,-1,ball,58.5699996948242,21.25,tracking
147,29,54481,player,60.26,17.47,tracking
147,29,-1,ball,58.5699996948242,21.25,tracking
147,30,54481,player,60.83,17.63,tracking
147,30,-1,ball,58.5699996948242,21.25,tracking
147,31,54481,player,61.32,17.81,tracking
147,31,-1,ball,58.5699996948242,21.25,tracking
147,32,54481,player,61.73,17.99,tracking
147,32,-1,ball,58.5699996948242,21.25,tracking
147,33,54481,player,62.05,18.17,tracking
147,33,-1,ball,58.5699996948242,21.25,tracking
147,34,54481,player,62.28,18.37,tracking
147,34,-1,ball,58.5699996948242,21.25,tracking
147,35,54481,player,62.4,18.57,tracking
147,35,-1,ball,58.5699996948242,21.25,tracking
147,36,54481,player,62.44,18.77,tracking
147,36,-1,ball,58.5699996948242,21.25,tracking
147,37,54481,player,62.4,18.96,tracking
147,37,-1,ball,58.5699996948242,21.25,tracking
147,38,54481,player,62.29,19.16,tracking
147,38,-1,ball,58.5699996948242,21.25,tracking
147,39,54481,player,62.11,19.36,tracking
147,39,-1,ball,58.5699996948242,21.25,tracking
1946,40,55969,player,5.11,13.09,tracking
1946,40,-1,ball,1.33000004291534,43.5,tracking
1946,41,55969,player,5.19,12.79,tracking
1946,41,-1,ball,1.33000004291534,43.5,tracking
1946,42,55969,player,5.26,12.45,tracking
1946,42,-1,ball,1.33000004291534,43.5,tracking
1946,43,55969,player,5.33,12.09,tracking
1946,43,-1,ball,1.33000004291534,43.5,tracking
1946,44,55969,player,5.39,11.69,tracking
1946,44,-1,ball,1.33000004291534,43.5,tracking
1946,45,55969,player,5.44,11.28,tracking
1946,45,-1,ball,1.33000004291534,43.5,tracking
1946,46,55969,player,5.5,10.86,tracking
1946,46,-1,ball,1.33000004291534,43.5,tracking
1946,47,55969,player,5.56,10.45,tracking
1946,47,-1,ball,1.33000004291534,43.5,tracking
1946,48,55969,player,5.62,10.04,tracking
1946,48,-1,ball,1.33000004291534,43.5,tracking
1946,49,55969,player,5.7,9.64,tracking
1946,49,-1,ball,1.33000004291534,43.5,tracking
1946,50,55969,player,5.77,9.26,tracking
1946,50,-1,ball,1.33000004291534,43.5,tracking
1946,40,42361,player,9.17,45.28,tracking
1946,40,-1,ball,1.33000004291534,43.5,tracking
1946,41,42361,player,9.21,45.71,tracking
1946,41,-1,ball,1.33000004291534,43.5,tracking
1946,42,42361,player,9.25,46.15,tracking
1946,42,-1,ball,1.33000004291534,43.5,tracking
1946,43,42361,player,9.31,46.6,tracking
1946,43,-1,ball,1.33000004291534,43.5,tracking
1946,44,42361,player,9.35,47.05,tracking
1946,44,-1,ball,1.33000004291534,43.5,tracking
1946,45,42361,player,9.39,47.49,tracking
1946,45,-1,ball,1.33000004291534,43.5,tracking
1946,46,42361,player,9.41,47.93,tracking
1946,46,-1,ball,1.33000004291534,43.5,tracking
1946,47,42361,player,9.39,48.33,tracking
1946,47,-1,ball,1.33000004291534,43.5,tracking
1946,48,42361,player,9.33,48.71,tracking
1946,48,-1,ball,1.33000004291534,43.5,tracking
1946,49,42361,player,9.25,49.07,tracking
1946,49,-1,ball,1.33000004291534,43.5,tracking
1946,50,42361,player,9.12,49.41,tracking
1946,50,-1,ball,1.33000004291534,43.5,tracking
1946,40,53596,player,7.78,14.64,tracking
1946,40,-1,ball,1.33000004291534,43.5,tracking
1946,41,53596,player,7.61,14.29,tracking
1946,41,-1,ball,1.33000004291534,43.5,tracking
1946,42,53596,player,7.45,13.96,tracking
1946,42,-1,ball,1.33000004291534,43.5,tracking
1946,43,53596,player,7.32,13.66,tracking
1946,43,-1,ball,1.33000004291534,43.5,tracking
1946,44,53596,player,7.22,13.39,tracking
1946,44,-1,ball,1.33000004291534,43.5,tracking
1946,45,53596,player,7.16,13.17,tracking
1946,45,-1,ball,1.33000004291534,43.5,tracking
1946,46,53596,player,7.13,12.98,tracking
1946,46,-1,ball,1.33000004291534,43.5,tracking
1946,47,53596,player,7.12,12.84,tracking
1946,47,-1,ball,1.33000004291534,43.5,tracking
1946,48,53596,player,7.14,12.74,tracking
1946,48,-1,ball,1.33000004291534,43.5,tracking
1946,49,53596,player,7.18,12.69,tracking
1946,49,-1,ball,1.33000004291534,43.5,tracking
1946,50,53596,player,7.23,12.68,tracking
1946,50,-1,ball,1.33000004291534,43.5,tracking
1946,40,54967,player,7.01,14.83,tracking
1946,40,-1,ball,1.33000004291534,43.5,tracking
1946,41,54967,player,6.82,14.06,tracking
1946,41,-1,ball,1.33000004291534,43.5,tracking
1946,42,54967,player,6.67,13.3,tracking
1946,42,-1,ball,1.33000004291534,43.5,tracking
1946,43,54967,player,6.53,12.55,tracking
1946,43,-1,ball,1.33000004291534,43.5,tracking
1946,44,54967,player,6.43,11.81,tracking
1946,44,-1,ball,1.33000004291534,43.5,tracking
1946,45,54967,player,6.35,11.07,tracking
1946,45,-1,ball,1.33000004291534,43.5,tracking
1946,46,54967,player,6.29,10.35,tracking
1946,46,-1,ball,1.33000004291534,43.5,tracking
1946,47,54967,player,6.24,9.65,tracking
1946,47,-1,ball,1.33000004291534,43.5,tracking
1946,48,54967,player,6.2,8.97,tracking
1946,48,-1,ball,1.33000004291534,43.5,tracking
1946,49,54967,player,6.16,8.32,tracking
1946,49,-1,ball,1.33000004291534,43.5,tracking
1946,50,54967,player,6.12,7.69,tracking
1946,50,-1,ball,1.33000004291534,43.5,tracking
1946,40,48541,player,2.67,23.0,tracking
1946,40,-1,ball,1.33000004291534,43.5,tracking
1946,41,48541,player,2.78,23.08,tracking
1946,41,-1,ball,1.33000004291534,43.5,tracking
1946,42,48541,player,2.88,23.14,tracking
1946,42,-1,ball,1.33000004291534,43.5,tracking
1946,43,48541,player,2.97,23.17,tracking
1946,43,-1,ball,1.33000004291534,43.5,tracking
1946,44,48541,player,3.0,23.21,tracking
1946,44,-1,ball,1.33000004291534,43.5,tracking
1946,45,48541,player,3.03,23.26,tracking
1946,45,-1,ball,1.33000004291534,43.5,tracking
1946,46,48541,player,3.04,23.31,tracking
1946,46,-1,ball,1.33000004291534,43.5,tracking
1946,47,48541,player,3.02,23.39,tracking
1946,47,-1,ball,1.33000004291534,43.5,tracking
1946,48,48541,player,2.98,23.49,tracking
1946,48,-1,ball,1.33000004291534,43.5,tracking
1946,49,48541,player,2.91,23.64,tracking
1946,49,-1,ball,1.33000004291534,43.5,tracking
1946,50,48541,player,2.82,23.83,tracking
1946,50,-1,ball,1.33000004291534,43.5,tracking
1946,40,46109,player,2.95,35.78,tracking
1946,40,-1,ball,1.33000004291534,43.5,tracking
1946,41,46109,player,2.72,36.14,tracking
1946,41,-1,ball,1.33000004291534,43.5,tracking
1946,42,46109,player,2.5,36.44,tracking
1946,42,-1,ball,1.33000004291534,43.5,tracking
1946,43,46109,player,2.29,36.71,tracking
1946,43,-1,ball,1.33000004291534,43.5,tracking
1946,44,46109,player,2.09,36.94,tracking
1946,44,-1,ball,1.33000004291534,43.5,tracking
1946,45,46109,player,1.9,37.15,tracking
1946,45,-1,ball,1.33000004291534,43.5,tracking
1946,46,46109,player,1.73,37.36,tracking
1946,46,-1,ball,1.33000004291534,43.5,tracking
1946,47,46109,player,1.58,37.58,tracking
1946,47,-1,ball,1.33000004291534,43.5,tracking
1946,48,46109,player,1.45,37.82,tracking
1946,48,-1,ball,1.33000004291534,43.5,tracking
1946,49,46109,player,1.33,38.11,tracking
1946,49,-1,ball,1.33000004291534,43.5,tracking
1946,50,46109,player,1.21,38.45,tracking
1946,50,-1,ball,1.33000004291534,43.5,tracking
3140,32,55969,player,93.53,45.11,tracking
3140,32,-1,ball,78.2900009155273,3.03999996185303,tracking
3140,33,55969,player,94.14,45.35,tracking
3140,33,-1,ball,78.2900009155273,3.03999996185303,tracking
3140,34,55969,player,94.74,45.6,tracking
3140,34,-1,ball,78.2900009155273,3.03999996185303,tracking
3140,35,55969,player,95.35,45.83,tracking
3140,35,-1,ball,78.2900009155273,3.03999996185303,tracking
3140,36,55969,player,95.96,46.06,tracking
3140,36,-1,ball,78.2900009155273,3.03999996185303,tracking
3140,37,55969,player,96.57,46.28,tracking
3140,37,-1,ball,78.2900009155273,3.03999996185303,tracking
3140,38,55969,player,97.17,46.48,tracking
3140,38,-1,ball,78.2900009155273,3.03999996185303,tracking
3140,39,55969,player,97.77,46.69,tracking
3140,39,-1,ball,78.2900009155273,3.03999996185303,tracking
3140,40,55969,player,98.36,46.88,tracking
3140,40,-1,ball,78.2900009155273,3.03999996185303,tracking
3140,41,55969,player,98.95,47.06,tracking
3140,41,-1,ball,78.2900009155273,3.03999996185303,tracking
3140,42,55969,player,99.53,47.22,tracking
3140,42,-1,ball,78.2900009155273,3.03999996185303,tracking
3140,32,42361,player,92.63,14.31,tracking
3140,32,-1,ball,78.2900009155273,3.03999996185303,tracking
3140,33,42361,player,93.0,14.44,tracking
3140,33,-1,ball,78.2900009155273,3.03999996185303,tracking
3140,34,42361,player,93.39,14.57,tracking
3140,34,-1,ball,78.2900009155273,3.03999996185303,tracking
3140,35,42361,player,93.77,14.71,tracking
3140,35,-1,ball,78.2900009155273,3.03999996185303,tracking
3140,36,42361,player,94.16,14.85,tracking
3140,36,-1,ball,78.2900009155273,3.03999996185303,tracking
3140,37,42361,player,94.55,14.99,tracking
3140,37,-1,ball,78.2900009155273,3.03999996185303,tracking
3140,38,42361,player,94.94,15.13,tracking
3140,38,-1,ball,78.2900009155273,3.03999996185303,tracking
3140,39,42361,player,95.31,15.27,tracking
3140,39,-1,ball,78.2900009155273,3.03999996185303,tracking
3140,40,42361,player,95.66,15.42,tracking
3140,40,-1,ball,78.2900009155273,3.03999996185303,tracking
3140,41,42361,player,95.98,15.56,tracking
3140,41,-1,ball,78.2900009155273,3.03999996185303,tracking
3140,42,42361,player,96.25,15.69,tracking
3140,42,-1,ball,78.2900009155273,3.03999996185303,tracking
3140,32,53596,player,92.93,35.7,tracking
3140,32,-1,ball,78.2900009155273,3.03999996185303,tracking
3140,33,53596,player,93.32,35.26,tracking
3140,33,-1,ball,78.2900009155273,3.03999996185303,tracking
3140,34,53596,player,93.64,34.75,tracking
3140,34,-1,ball,78.2900009155273,3.03999996185303,tracking
3140,35,53596,player,93.91,34.2,tracking
3140,35,-1,ball,78.2900009155273,3.03999996185303,tracking
3140,36,53596,player,94.13,33.61,tracking
3140,36,-1,ball,78.2900009155273,3.03999996185303,tracking
3140,37,53596,player,94.3,32.98,tracking
3140,37,-1,ball,78.2900009155273,3.03999996185303,tracking
3140,38,53596,player,94.42,32.33,tracking
3140,38,-1,ball,78.2900009155273,3.03999996185303,tracking
3140,39,53596,player,94.49,31.65,tracking
3140,39,-1,ball,78.2900009155273,3.03999996185303,tracking
3140,40,53596,player,94.52,30.96,tracking
3140,40,-1,ball,78.2900009155273,3.03999996185303,tracking
3140,41,53596,player,94.5,30.25,tracking
3140,41,-1,ball,78.2900009155273,3.03999996185303,tracking
3140,42,53596,player,94.43,29.53,tracking
3140,42,-1,ball,78.2900009155273,3.03999996185303,tracking
3140,32,46109,player,90.02,34.38,tracking
3140,32,-1,ball,78.2900009155273,3.03999996185303,tracking
3140,33,46109,player,90.3,33.81,tracking
3140,33,-1,ball,78.2900009155273,3.03999996185303,tracking
3140,34,46109,player,90.53,33.22,tracking
3140,34,-1,ball,78.2900009155273,3.03999996185303,tracking
3140,35,46109,player,90.73,32.6,tracking
3140,35,-1,ball,78.2900009155273,3.03999996185303,tracking
3140,36,46109,player,90.89,31.96,tracking
3140,36,-1,ball,78.2900009155273,3.03999996185303,tracking
3140,37,46109,player,91.02,31.32,tracking
3140,37,-1,ball,78.2900009155273,3.03999996185303,tracking
3140,38,46109,player,91.11,30.68,tracking
3140,38,-1,ball,78.2900009155273,3.03999996185303,tracking
3140,39,46109,player,91.18,30.03,tracking
3140,39,-1,ball,78.2900009155273,3.03999996185303,tracking
3140,40,46109,player,91.21,29.38,tracking
3140,40,-1,ball,78.2900009155273,3.03999996185303,tracking
3140,41,46109,player,91.21,28.74,tracking
3140,41,-1,ball,78.2900009155273,3.03999996185303,tracking
3140,42,46109,player,91.19,28.1,tracking
3140,42,-1,ball,78.2900009155273,3.03999996185303,tracking
3140,32,42372,player,90.86,47.1,tracking
3140,32,-1,ball,78.2900009155273,3.03999996185303,tracking
3140,33,42372,player,91.73,47.44,tracking
3140,33,-1,ball,78.2900009155273,3.03999996185303,tracking
3140,34,42372,player,92.58,47.77,tracking
3140,34,-1,ball,78.2900009155273,3.03999996185303,tracking
3140,35,42372,player,93.4,48.09,tracking
3140,35,-1,ball,78.2900009155273,3.03999996185303,tracking
3140,36,42372,player,94.25,48.37,tracking
3140,36,-1,ball,78.2900009155273,3.03999996185303,tracking
3140,37,42372,player,95.09,48.64,tracking
3140,37,-1,ball,78.2900009155273,3.03999996185303,tracking
3140,38,42372,player,95.92,48.87,tracking
3140,38,-1,ball,78.2900009155273,3.03999996185303,tracking
3140,39,42372,player,96.75,49.07,tracking
3140,39,-1,ball,78.2900009155273,3.03999996185303,tracking
3140,40,42372,player,97.55,49.23,tracking
3140,40,-1,ball,78.2900009155273,3.03999996185303,tracking
3140,41,42372,player,98.34,49.36,tracking
3140,41,-1,ball,78.2900009155273,3.03999996185303,tracking
3140,42,42372,player,99.13,49.43,tracking
3140,42,-1,ball,78.2900009155273,3.03999996185303,tracking
1810,8,53476,player,53.57,34.96,tracking
1810,8,-1,ball,55.7799987792969,34.7299995422363,tracking
1810,9,53476,player,53.52,35.0,tracking
1810,9,-1,ball,55.7799987792969,34.7299995422363,tracking
1810,10,53476,player,53.45,35.06,tracking
1810,10,-1,ball,55.7799987792969,34.7299995422363,tracking
1810,11,53476,player,53.36,35.15,tracking
1810,11,-1,ball,55.7799987792969,34.7299995422363,tracking
1810,12,53476,player,53.24,35.27,tracking
1810,12,-1,ball,55.7799987792969,34.7299995422363,tracking
1810,13,53476,player,53.11,35.42,tracking
1810,13,-1,ball,55.7799987792969,34.7299995422363,tracking
1810,14,53476,player,52.95,35.6,tracking
1810,14,-1,ball,55.7799987792969,34.7299995422363,tracking
1810,15,53476,player,52.78,35.8,tracking
1810,15,-1,ball,55.7799987792969,34.7299995422363,tracking
1810,16,53476,player,52.56,36.01,tracking
1810,16,-1,ball,55.7799987792969,34.7299995422363,tracking
1810,17,53476,player,52.32,36.25,tracking
1810,17,-1,ball,55.7799987792969,34.7299995422363,tracking
1810,18,53476,player,52.05,36.49,tracking
1810,18,-1,ball,55.7799987792969,34.7299995422363,tracking
1810,8,46775,player,58.56,13.54,tracking
1810,8,-1,ball,55.7799987792969,34.7299995422363,tracking
1810,9,46775,player,58.56,13.55,tracking
1810,9,-1,ball,55.7799987792969,34.7299995422363,tracking
1810,10,46775,player,58.5,13.48,tracking
1810,10,-1,ball,55.7799987792969,34.7299995422363,tracking
1810,11,46775,player,58.4,13.37,tracking
1810,11,-1,ball,55.7799987792969,34.7299995422363,tracking
1810,12,46775,player,58.23,13.21,tracking
1810,12,-1,ball,55.7799987792969,34.7299995422363,tracking
1810,13,46775,player,58.02,13.0,tracking
1810,13,-1,ball,55.7799987792969,34.7299995422363,tracking
1810,14,46775,player,57.75,12.76,tracking
1810,14,-1,ball,55.7799987792969,34.7299995422363,tracking
1810,15,46775,player,57.45,12.5,tracking
1810,15,-1,ball,55.7799987792969,34.7299995422363,tracking
1810,16,46775,player,57.1,12.2,tracking
1810,16,-1,ball,55.7799987792969,34.7299995422363,tracking
1810,17,46775,player,56.71,11.89,tracking
1810,17,-1,ball,55.7799987792969,34.7299995422363,tracking
1810,18,46775,player,56.28,11.57,tracking
1810,18,-1,ball,55.7799987792969,34.7299995422363,tracking
1810,8,45571,player,52.66,42.26,tracking
1810,8,-1,ball,55.7799987792969,34.7299995422363,tracking
1810,9,45571,player,52.61,42.25,tracking
1810,9,-1,ball,55.7799987792969,34.7299995422363,tracking
1810,10,45571,player,52.57,42.23,tracking
1810,10,-1,ball,55.7799987792969,34.7299995422363,tracking
1810,11,45571,player,52.44,42.22,tracking
1810,11,-1,ball,55.7799987792969,34.7299995422363,tracking
1810,12,45571,player,52.29,42.19,tracking
1810,12,-1,ball,55.7799987792969,34.7299995422363,tracking
1810,13,45571,player,52.13,42.18,tracking
1810,13,-1,ball,55.7799987792969,34.7299995422363,tracking
1810,14,45571,player,51.97,42.15,tracking
1810,14,-1,ball,55.7799987792969,34.7299995422363,tracking
1810,15,45571,player,51.79,42.12,tracking
1810,15,-1,ball,55.7799987792969,34.7299995422363,tracking
1810,16,45571,player,51.63,42.08,tracking
1810,16,-1,ball,55.7799987792969,34.7299995422363,tracking
1810,17,45571,player,51.47,42.03,tracking
1810,17,-1,ball,55.7799987792969,34.7299995422363,tracking
1810,18,45571,player,51.35,41.96,tracking
1810,18,-1,ball,55.7799987792969,34.7299995422363,tracking
1810,8,46279,player,60.44,13.76,tracking
1810,8,-1,ball,55.7799987792969,34.7299995422363,tracking
1810,9,46279,player,60.27,13.52,tracking
1810,9,-1,ball,55.7799987792969,34.7299995422363,tracking
1810,10,46279,player,60.08,13.26,tracking
1810,10,-1,ball,55.7799987792969,34.7299995422363,tracking
1810,11,46279,player,59.8,12.92,tracking
1810,11,-1,ball,55.7799987792969,34.7299995422363,tracking
1810,12,46279,player,59.52,12.56,tracking
1810,12,-1,ball,55.7799987792969,34.7299995422363,tracking
1810,13,46279,player,59.2,12.18,tracking
1810,13,-1,ball,55.7799987792969,34.7299995422363,tracking
1810,14,46279,player,58.84,11.77,tracking
1810,14,-1,ball,55.7799987792969,34.7299995422363,tracking
1810,15,46279,player,58.44,11.35,tracking
1810,15,-1,ball,55.7799987792969,34.7299995422363,tracking
1810,16,46279,player,57.99,10.92,tracking
1810,16,-1,ball,55.7799987792969,34.7299995422363,tracking
1810,17,46279,player,57.51,10.48,tracking
1810,17,-1,ball,55.7799987792969,34.7299995422363,tracking
1810,18,46279,player,56.97,10.06,tracking
1810,18,-1,ball,55.7799987792969,34.7299995422363,tracking
1810,8,54590,player,61.35,33.85,tracking
1810,8,-1,ball,55.7799987792969,34.7299995422363,tracking
1810,9,54590,player,61.11,33.98,tracking
1810,9,-1,ball,55.7799987792969,34.7299995422363,tracking
1810,10,54590,player,60.79,34.16,tracking
1810,10,-1,ball,55.7799987792969,34.7299995422363,tracking
1810,11,54590,player,60.41,34.38,tracking
1810,11,-1,ball,55.7799987792969,34.7299995422363,tracking
1810,12,54590,player,59.98,34.62,tracking
1810,12,-1,ball,55.7799987792969,34.7299995422363,tracking
1810,13,54590,player,59.49,34.89,tracking
1810,13,-1,ball,55.7799987792969,34.7299995422363,tracking
1810,14,54590,player,58.96,35.19,tracking
1810,14,-1,ball,55.7799987792969,34.7299995422363,tracking
1810,15,54590,player,58.4,35.5,tracking
1810,15,-1,ball,55.7799987792969,34.7299995422363,tracking
1810,16,54590,player,57.8,35.83,tracking
1810,16,-1,ball,55.7799987792969,34.7299995422363,tracking
1810,17,54590,player,57.18,36.17,tracking
1810,17,-1,ball,55.7799987792969,34.7299995422363,tracking
1810,18,54590,player,56.52,36.52,tracking
1810,18,-1,ball,55.7799987792969,34.7299995422363,tracking
1810,8,53435,player,60.42,43.49,tracking
1810,8,-1,ball,55.7799987792969,34.7299995422363,tracking
1810,9,53435,player,60.11,43.42,tracking
1810,9,-1,ball,55.7799987792969,34.7299995422363,tracking
1810,10,53435,player,59.74,43.36,tracking
1810,10,-1,ball,55.7799987792969,34.7299995422363,tracking
1810,11,53435,player,59.33,43.28,tracking
1810,11,-1,ball,55.7799987792969,34.7299995422363,tracking
1810,12,53435,player,58.86,43.19,tracking
1810,12,-1,ball,55.7799987792969,34.7299995422363,tracking
1810,13,53435,player,58.37,43.1,tracking
1810,13,-1,ball,55.7799987792969,34.7299995422363,tracking
1810,14,53435,player,57.87,42.98,tracking
1810,14,-1,ball,55.7799987792969,34.7299995422363,tracking
1810,15,53435,player,57.38,42.86,tracking
1810,15,-1,ball,55.7799987792969,34.7299995422363,tracking
1810,16,53435,player,56.91,42.71,tracking
1810,16,-1,ball,55.7799987792969,34.7299995422363,tracking
1810,17,53435,player,56.48,42.53,tracking
1810,17,-1,ball,55.7799987792969,34.7299995422363,tracking
1810,18,53435,player,56.08,42.3,tracking
1810,18,-1,ball,55.7799987792969,34.7299995422363,tracking
2449,18,55881,player,48.04,11.03,tracking
2449,18,-1,ball,51.9799995422363,22.0100002288818,tracking
2449,19,55881,player,48.51,11.01,tracking
2449,19,-1,ball,51.9799995422363,22.0100002288818,tracking
2449,20,55881,player,49.0,10.99,tracking
2449,20,-1,ball,51.9799995422363,22.0100002288818,tracking
2449,21,55881,player,49.51,10.99,tracking
2449,21,-1,ball,51.9799995422363,22.0100002288818,tracking
2449,22,55881,player,50.02,11.03,tracking
2449,22,-1,ball,51.9799995422363,22.0100002288818,tracking
2449,23,55881,player,50.52,11.1,tracking
2449,23,-1,ball,51.9799995422363,22.0100002288818,tracking
2449,24,55881,player,51.0,11.22,tracking
2449,24,-1,ball,51.9799995422363,22.0100002288818,tracking
2449,25,55881,player,51.47,11.38,tracking
2449,25,-1,ball,51.9799995422363,22.0100002288818,tracking
2449,26,55881,player,51.9,11.61,tracking
2449,26,-1,ball,51.9799995422363,22.0100002288818,tracking
2449,27,55881,player,52.31,11.88,tracking
2449,27,-1,ball,51.9799995422363,22.0100002288818,tracking
2449,28,55881,player,52.67,12.21,tracking
2449,28,-1,ball,51.9799995422363,22.0100002288818,tracking
2449,18,43700,player,44.53,41.88,tracking
2449,18,-1,ball,51.9799995422363,22.0100002288818,tracking
2449,19,43700,player,44.74,41.73,tracking
2449,19,-1,ball,51.9799995422363,22.0100002288818,tracking
2449,20,43700,player,45.0,41.59,tracking
2449,20,-1,ball,51.9799995422363,22.0100002288818,tracking
2449,21,43700,player,45.29,41.45,tracking
2449,21,-1,ball,51.9799995422363,22.0100002288818,tracking
2449,22,43700,player,45.61,41.3,tracking
2449,22,-1,ball,51.9799995422363,22.0100002288818,tracking
2449,23,43700,player,45.94,41.16,tracking
2449,23,-1,ball,51.9799995422363,22.0100002288818,tracking
2449,24,43700,player,46.26,41.02,tracking
2449,24,-1,ball,51.9799995422363,22.0100002288818,tracking
2449,25,43700,player,46.56,40.92,tracking
2449,25,-1,ball,51.9799995422363,22.0100002288818,tracking
2449,26,43700,player,46.85,40.85,tracking
2449,26,-1,ball,51.9799995422363,22.0100002288818,tracking
2449,27,43700,player,47.13,40.8,tracking
2449,27,-1,ball,51.9799995422363,22.0100002288818,tracking
2449,28,43700,player,47.37,40.79,tracking
2449,28,-1,ball,51.9799995422363,22.0100002288818,tracking
2449,18,53439,player,43.66,41.17,tracking
2449,18,-1,ball,51.9799995422363,22.0100002288818,tracking
2449,19,53439,player,44.2,41.01,tracking
2449,19,-1,ball,51.9799995422363,22.0100002288818,tracking
2449,20,53439,player,44.73,40.82,tracking
2449,20,-1,ball,51.9799995422363,22.0100002288818,tracking
2449,21,53439,player,45.25,40.61,tracking
2449,21,-1,ball,51.9799995422363,22.0100002288818,tracking
2449,22,53439,player,45.76,40.39,tracking
2449,22,-1,ball,51.9799995422363,22.0100002288818,tracking
2449,23,53439,player,46.25,40.15,tracking
2449,23,-1,ball,51.9799995422363,22.0100002288818,tracking
2449,24,53439,player,46.71,39.91,tracking
2449,24,-1,ball,51.9799995422363,22.0100002288818,tracking
2449,25,53439,player,47.14,39.67,tracking
2449,25,-1,ball,51.9799995422363,22.0100002288818,tracking
2449,26,53439,player,47.54,39.43,tracking
2449,26,-1,ball,51.9799995422363,22.0100002288818,tracking
2449,27,53439,player,47.9,39.21,tracking
2449,27,-1,ball,51.9799995422363,22.0100002288818,tracking
2449,28,53439,player,48.22,39.0,tracking
2449,28,-1,ball,51.9799995422363,22.0100002288818,tracking
2449,18,52608,player,41.99,29.55,tracking
2449,18,-1,ball,51.9799995422363,22.0100002288818,tracking
2449,19,52608,player,42.48,29.14,tracking
2449,19,-1,ball,51.9799995422363,22.0100002288818,tracking
2449,20,52608,player,42.95,28.73,tracking
2449,20,-1,ball,51.9799995422363,22.0100002288818,tracking
2449,21,52608,player,43.39,28.33,tracking
2449,21,-1,ball,51.9799995422363,22.0100002288818,tracking
2449,22,52608,player,43.79,27.94,tracking
2449,22,-1,ball,51.9799995422363,22.0100002288818,tracking
2449,23,52608,player,44.16,27.57,tracking
2449,23,-1,ball,51.9799995422363,22.0100002288818,tracking
2449,24,52608,player,44.48,27.21,tracking
2449,24,-1,ball,51.9799995422363,22.0100002288818,tracking
2449,25,52608,player,44.74,26.88,tracking
2449,25,-1,ball,51.9799995422363,22.0100002288818,tracking
2449,26,52608,player,44.97,26.59,tracking
2449,26,-1,ball,51.9799995422363,22.0100002288818,tracking
2449,27,52608,player,45.16,26.35,tracking
2449,27,-1,ball,51.9799995422363,22.0100002288818,tracking
2449,28,52608,player,45.31,26.14,tracking
2449,28,-1,ball,51.9799995422363,22.0100002288818,tracking
2449,18,47834,player,43.95,12.19,tracking
2449,18,-1,ball,51.9799995422363,22.0100002288818,tracking
2449,19,47834,player,44.67,12.24,tracking
2449,19,-1,ball,51.9799995422363,22.0100002288818,tracking
2449,20,47834,player,45.39,12.32,tracking
2449,20,-1,ball,51.9799995422363,22.0100002288818,tracking
2449,21,47834,player,46.09,12.43,tracking
2449,21,-1,ball,51.9799995422363,22.0100002288818,tracking
2449,22,47834,player,46.78,12.59,tracking
2449,22,-1,ball,51.9799995422363,22.0100002288818,tracking
2449,23,47834,player,47.44,12.79,tracking
2449,23,-1,ball,51.9799995422363,22.0100002288818,tracking
2449,24,47834,player,48.06,13.03,tracking
2449,24,-1,ball,51.9799995422363,22.0100002288818,tracking
2449,25,47834,player,48.66,13.32,tracking
2449,25,-1,ball,51.9799995422363,22.0100002288818,tracking
2449,26,47834,player,49.23,13.66,tracking
2449,26,-1,ball,51.9799995422363,22.0100002288818,tracking
2449,27,47834,player,49.75,14.05,tracking
2449,27,-1,ball,51.9799995422363,22.0100002288818,tracking
2449,28,47834,player,50.25,14.5,tracking
2449,28,-1,ball,51.9799995422363,22.0100002288818,tracking
3140,16,55881,player,39.31,42.96,tracking
3140,16,-1,ball,30.8700008392334,5.01000022888184,tracking
3140,17,55881,player,39.8,42.94,tracking
3140,17,-1,ball,30.8700008392334,5.01000022888184,tracking
3140,18,55881,player,40.3,42.91,tracking
3140,18,-1,ball,30.8700008392334,5.01000022888184,tracking
3140,19,55881,player,40.81,42.87,tracking
3140,19,-1,ball,30.8700008392334,5.01000022888184,tracking
3140,20,55881,player,41.33,42.82,tracking
3140,20,-1,ball,30.8700008392334,5.01000022888184,tracking
3140,21,55881,player,41.86,42.76,tracking
3140,21,-1,ball,30.8700008392334,5.01000022888184,tracking
3140,22,55881,player,42.41,42.69,tracking
3140,22,-1,ball,30.8700008392334,5.01000022888184,tracking
3140,23,55881,player,42.97,42.61,tracking
3140,23,-1,ball,30.8700008392334,5.01000022888184,tracking
3140,24,55881,player,43.54,42.52,tracking
3140,24,-1,ball,30.8700008392334,5.01000022888184,tracking
3140,25,55881,player,44.11,42.43,tracking
3140,25,-1,ball,30.8700008392334,5.01000022888184,tracking
3140,26,55881,player,44.69,42.31,tracking
3140,26,-1,ball,30.8700008392334,5.01000022888184,tracking
3140,16,54550,player,41.79,13.32,tracking
3140,16,-1,ball,30.8700008392334,5.01000022888184,tracking
3140,17,54550,player,42.11,13.29,tracking
3140,17,-1,ball,30.8700008392334,5.01000022888184,tracking
3140,18,54550,player,42.44,13.26,tracking
3140,18,-1,ball,30.8700008392334,5.01000022888184,tracking
3140,19,54550,player,42.79,13.24,tracking
3140,19,-1,ball,30.8700008392334,5.01000022888184,tracking
3140,20,54550,player,43.16,13.21,tracking
3140,20,-1,ball,30.8700008392334,5.01000022888184,tracking
3140,21,54550,player,43.54,13.18,tracking
3140,21,-1,ball,30.8700008392334,5.01000022888184,tracking
3140,22,54550,player,43.94,13.15,tracking
3140,22,-1,ball,30.8700008392334,5.01000022888184,tracking
3140,23,54550,player,44.34,13.11,tracking
3140,23,-1,ball,30.8700008392334,5.01000022888184,tracking
3140,24,54550,player,44.75,13.07,tracking
3140,24,-1,ball,30.8700008392334,5.01000022888184,tracking
3140,25,54550,player,45.17,13.02,tracking
3140,25,-1,ball,30.8700008392334,5.01000022888184,tracking
3140,26,54550,player,45.54,12.93,tracking
3140,26,-1,ball,30.8700008392334,5.01000022888184,tracking
3140,16,47834,player,36.27,43.22,tracking
3140,16,-1,ball,30.8700008392334,5.01000022888184,tracking
3140,17,47834,player,36.77,43.1,tracking
3140,17,-1,ball,30.8700008392334,5.01000022888184,tracking
3140,18,47834,player,37.23,42.97,tracking
3140,18,-1,ball,30.8700008392334,5.01000022888184,tracking
3140,19,47834,player,37.63,42.8,tracking
3140,19,-1,ball,30.8700008392334,5.01000022888184,tracking
3140,20,47834,player,37.96,42.6,tracking
3140,20,-1,ball,30.8700008392334,5.01000022888184,tracking
3140,21,47834,player,38.22,42.4,tracking
3140,21,-1,ball,30.8700008392334,5.01000022888184,tracking
3140,22,47834,player,38.42,42.16,tracking
3140,22,-1,ball,30.8700008392334,5.01000022888184,tracking
3140,23,47834,player,38.55,41.9,tracking
3140,23,-1,ball,30.8700008392334,5.01000022888184,tracking
3140,24,47834,player,38.62,41.61,tracking
3140,24,-1,ball,30.8700008392334,5.01000022888184,tracking
3140,25,47834,player,38.65,41.32,tracking
3140,25,-1,ball,30.8700008392334,5.01000022888184,tracking
3140,26,47834,player,38.64,41.01,tracking
3140,26,-1,ball,30.8700008392334,5.01000022888184,tracking
3140,16,53439,player,34.9,17.77,tracking
3140,16,-1,ball,30.8700008392334,5.01000022888184,tracking
3140,17,53439,player,35.3,17.65,tracking
3140,17,-1,ball,30.8700008392334,5.01000022888184,tracking
3140,18,53439,player,35.7,17.5,tracking
3140,18,-1,ball,30.8700008392334,5.01000022888184,tracking
3140,19,53439,player,36.1,17.33,tracking
3140,19,-1,ball,30.8700008392334,5.01000022888184,tracking
3140,20,53439,player,36.5,17.14,tracking
3140,20,-1,ball,30.8700008392334,5.01000022888184,tracking
3140,21,53439,player,36.9,16.94,tracking
3140,21,-1,ball,30.8700008392334,5.01000022888184,tracking
3140,22,53439,player,37.31,16.73,tracking
3140,22,-1,ball,30.8700008392334,5.01000022888184,tracking
3140,23,53439,player,37.7,16.53,tracking
3140,23,-1,ball,30.8700008392334,5.01000022888184,tracking
3140,24,53439,player,38.07,16.33,tracking
3140,24,-1,ball,30.8700008392334,5.01000022888184,tracking
3140,25,53439,player,38.41,16.15,tracking
3140,25,-1,ball,30.8700008392334,5.01000022888184,tracking
3140,26,53439,player,38.72,15.99,tracking
3140,26,-1,ball,30.8700008392334,5.01000022888184,tracking
3140,16,52608,player,36.02,19.11,tracking
3140,16,-1,ball,30.8700008392334,5.01000022888184,tracking
3140,17,52608,player,36.68,19.12,tracking
3140,17,-1,ball,30.8700008392334,5.01000022888184,tracking
3140,18,52608,player,37.38,19.12,tracking
3140,18,-1,ball,30.8700008392334,5.01000022888184,tracking
3140,19,52608,player,38.12,19.09,tracking
3140,19,-1,ball,30.8700008392334,5.01000022888184,tracking
3140,20,52608,player,38.89,19.06,tracking
3140,20,-1,ball,30.8700008392334,5.01000022888184,tracking
3140,21,52608,player,39.66,19.01,tracking
3140,21,-1,ball,30.8700008392334,5.01000022888184,tracking
3140,22,52608,player,40.43,18.94,tracking
3140,22,-1,ball,30.8700008392334,5.01000022888184,tracking
3140,23,52608,player,41.19,18.82,tracking
3140,23,-1,ball,30.8700008392334,5.01000022888184,tracking
3140,24,52608,player,41.94,18.67,tracking
3140,24,-1,ball,30.8700008392334,5.01000022888184,tracking
3140,25,52608,player,42.67,18.48,tracking
3140,25,-1,ball,30.8700008392334,5.01000022888184,tracking
3140,26,52608,player,43.36,18.25,tracking
3140,26,-1,ball,30.8700008392334,5.01000022888184,tracking
3140,23,54618,player,29.92,13.06,tracking
3140,23,-1,ball,28.2399997711182,8.17000007629395,tracking
3140,24,54618,player,29.26,13.06,tracking
3140,24,-1,ball,28.2399997711182,8.17000007629395,tracking
3140,25,54618,player,28.57,13.05,tracking
3140,25,-1,ball,28.2399997711182,8.17000007629395,tracking
3140,26,54618,player,27.84,13.02,tracking
3140,26,-1,ball,28.2399997711182,8.17000007629395,tracking
3140,27,54618,player,27.09,12.97,tracking
3140,27,-1,ball,28.2399997711182,8.17000007629395,tracking
3140,28,54618,player,26.33,12.89,tracking
3140,28,-1,ball,28.2399997711182,8.17000007629395,tracking
3140,29,54618,player,25.55,12.79,tracking
3140,29,-1,ball,28.2399997711182,8.17000007629395,tracking
3140,30,54618,player,24.76,12.65,tracking
3140,30,-1,ball,28.2399997711182,8.17000007629395,tracking
3140,31,54618,player,23.97,12.47,tracking
3140,31,-1,ball,28.2399997711182,8.17000007629395,tracking
3140,32,54618,player,23.17,12.25,tracking
3140,32,-1,ball,28.2399997711182,8.17000007629395,tracking
3140,33,54618,player,22.38,12.0,tracking
3140,33,-1,ball,28.2399997711182,8.17000007629395,tracking
3140,23,53566,player,28.13,39.41,tracking
3140,23,-1,ball,28.2399997711182,8.17000007629395,tracking
3140,24,53566,player,27.52,39.18,tracking
3140,24,-1,ball,28.2399997711182,8.17000007629395,tracking
3140,25,53566,player,26.91,38.91,tracking
3140,25,-1,ball,28.2399997711182,8.17000007629395,tracking
3140,26,53566,player,26.3,38.62,tracking
3140,26,-1,ball,28.2399997711182,8.17000007629395,tracking
3140,27,53566,player,25.68,38.29,tracking
3140,27,-1,ball,28.2399997711182,8.17000007629395,tracking
3140,28,53566,player,25.06,37.94,tracking
3140,28,-1,ball,28.2399997711182,8.17000007629395,tracking
3140,29,53566,player,24.47,37.55,tracking
3140,29,-1,ball,28.2399997711182,8.17000007629395,tracking
3140,30,53566,player,23.87,37.14,tracking
3140,30,-1,ball,28.2399997711182,8.17000007629395,tracking
3140,31,53566,player,23.29,36.71,tracking
3140,31,-1,ball,28.2399997711182,8.17000007629395,tracking
3140,32,53566,player,22.73,36.26,tracking
3140,32,-1,ball,28.2399997711182,8.17000007629395,tracking
3140,33,53566,player,22.18,35.78,tracking
3140,33,-1,ball,28.2399997711182,8.17000007629395,tracking
3140,23,56042,player,30.32,15.72,tracking
3140,23,-1,ball,28.2399997711182,8.17000007629395,tracking
3140,24,56042,player,29.46,15.53,tracking
3140,24,-1,ball,28.2399997711182,8.17000007629395,tracking
3140,25,56042,player,28.6,15.33,tracking
3140,25,-1,ball,28.2399997711182,8.17000007629395,tracking
3140,26,56042,player,27.73,15.13,tracking
3140,26,-1,ball,28.2399997711182,8.17000007629395,tracking
3140,27,56042,player,26.87,14.91,tracking
3140,27,-1,ball,28.2399997711182,8.17000007629395,tracking
3140,28,56042,player,26.02,14.66,tracking
3140,28,-1,ball,28.2399997711182,8.17000007629395,tracking
3140,29,56042,player,25.18,14.39,tracking
3140,29,-1,ball,28.2399997711182,8.17000007629395,tracking
3140,30,56042,player,24.34,14.09,tracking
3140,30,-1,ball,28.2399997711182,8.17000007629395,tracking
3140,31,56042,player,23.51,13.75,tracking
3140,31,-1,ball,28.2399997711182,8.17000007629395,tracking
3140,32,56042,player,22.69,13.37,tracking
3140,32,-1,ball,28.2399997711182,8.17000007629395,tracking
3140,33,56042,player,21.88,12.96,tracking
3140,33,-1,ball,28.2399997711182,8.17000007629395,tracking
3140,23,52465,player,29.71,35.79,tracking
3140,23,-1,ball,28.2399997711182,8.17000007629395,tracking
3140,24,52465,player,29.08,35.45,tracking
3140,24,-1,ball,28.2399997711182,8.17000007629395,tracking
3140,25,52465,player,28.46,35.11,tracking
3140,25,-1,ball,28.2399997711182,8.17000007629395,tracking
3140,26,52465,player,27.84,34.75,tracking
3140,26,-1,ball,28.2399997711182,8.17000007629395,tracking
3140,27,52465,player,27.23,34.38,tracking
3140,27,-1,ball,28.2399997711182,8.17000007629395,tracking
3140,28,52465,player,26.62,33.99,tracking
3140,28,-1,ball,28.2399997711182,8.17000007629395,tracking
3140,29,52465,player,26.02,33.59,tracking
3140,29,-1,ball,28.2399997711182,8.17000007629395,tracking
3140,30,52465,player,25.42,33.16,tracking
3140,30,-1,ball,28.2399997711182,8.17000007629395,tracking
3140,31,52465,player,24.83,32.71,tracking
3140,31,-1,ball,28.2399997711182,8.17000007629395,tracking
3140,32,52465,player,24.25,32.24,tracking
3140,32,-1,ball,28.2399997711182,8.17000007629395,tracking
3140,33,52465,player,23.69,31.76,tracking
3140,33,-1,ball,28.2399997711182,8.17000007629395,tracking
3140,23,53486,player,30.18,24.7,tracking
3140,23,-1,ball,28.2399997711182,8.17000007629395,tracking
3140,24,53486,player,29.87,23.98,tracking
3140,24,-1,ball,28.2399997711182,8.17000007629395,tracking
3140,25,53486,player,29.59,23.23,tracking
3140,25,-1,ball,28.2399997711182,8.17000007629395,tracking
3140,26,53486,player,29.35,22.45,tracking
3140,26,-1,ball,28.2399997711182,8.17000007629395,tracking
3140,27,53486,player,29.13,21.64,tracking
3140,27,-1,ball,28.2399997711182,8.17000007629395,tracking
3140,28,53486,player,28.95,20.8,tracking
3140,28,-1,ball,28.2399997711182,8.17000007629395,tracking
3140,29,53486,player,28.79,19.94,tracking
3140,29,-1,ball,28.2399997711182,8.17000007629395,tracking
3140,30,53486,player,28.66,19.06,tracking
3140,30,-1,ball,28.2399997711182,8.17000007629395,tracking
3140,31,53486,player,28.53,18.15,tracking
3140,31,-1,ball,28.2399997711182,8.17000007629395,tracking
3140,32,53486,player,28.42,17.24,tracking
3140,32,-1,ball,28.2399997711182,8.17000007629395,tracking
3140,33,53486,player,28.33,16.33,tracking
3140,33,-1,ball,28.2399997711182,8.17000007629395,tracking
3298,33,54618,player,7.13,21.4,tracking
3298,33,-1,ball,11.1899995803833,44.8699989318848,tracking
3298,34,54618,player,6.72,21.59,tracking
3298,34,-1,ball,11.1899995803833,44.8699989318848,tracking
3298,35,54618,player,6.33,21.82,tracking
3298,35,-1,ball,11.1899995803833,44.8699989318848,tracking
3298,36,54618,player,5.96,22.07,tracking
3298,36,-1,ball,11.1899995803833,44.8699989318848,tracking
3298,37,54618,player,5.62,22.34,tracking
3298,37,-1,ball,11.1899995803833,44.8699989318848,tracking
3298,38,54618,player,5.3,22.61,tracking
3298,38,-1,ball,11.1899995803833,44.8699989318848,tracking
3298,39,54618,player,5.0,22.9,tracking
3298,39,-1,ball,11.1899995803833,44.8699989318848,tracking
3298,40,54618,player,4.72,23.19,tracking
3298,40,-1,ball,11.1899995803833,44.8699989318848,tracking
3298,41,54618,player,4.47,23.49,tracking
3298,41,-1,ball,11.1899995803833,44.8699989318848,tracking
3298,42,54618,player,4.25,23.79,tracking
3298,42,-1,ball,11.1899995803833,44.8699989318848,tracking
3298,43,54618,player,4.03,24.09,tracking
3298,43,-1,ball,11.1899995803833,44.8699989318848,tracking
3298,33,53566,player,5.53,39.27,tracking
3298,33,-1,ball,11.1899995803833,44.8699989318848,tracking
3298,34,53566,player,5.11,39.47,tracking
3298,34,-1,ball,11.1899995803833,44.8699989318848,tracking
3298,35,53566,player,4.72,39.67,tracking
3298,35,-1,ball,11.1899995803833,44.8699989318848,tracking
3298,36,53566,player,4.33,39.89,tracking
3298,36,-1,ball,11.1899995803833,44.8699989318848,tracking
3298,37,53566,player,3.97,40.12,tracking
3298,37,-1,ball,11.1899995803833,44.8699989318848,tracking
3298,38,53566,player,3.66,40.35,tracking
3298,38,-1,ball,11.1899995803833,44.8699989318848,tracking
3298,39,53566,player,3.4,40.59,tracking
3298,39,-1,ball,11.1899995803833,44.8699989318848,tracking
3298,40,53566,player,3.18,40.83,tracking
3298,40,-1,ball,11.1899995803833,44.8699989318848,tracking
3298,41,53566,player,3.03,41.07,tracking
3298,41,-1,ball,11.1899995803833,44.8699989318848,tracking
3298,42,53566,player,2.96,41.32,tracking
3298,42,-1,ball,11.1899995803833,44.8699989318848,tracking
3298,43,53566,player,2.97,41.6,tracking
3298,43,-1,ball,11.1899995803833,44.8699989318848,tracking
3298,33,53678,player,2.61,34.36,tracking
3298,33,-1,ball,11.1899995803833,44.8699989318848,tracking
3298,34,53678,player,2.51,35.05,tracking
3298,34,-1,ball,11.1899995803833,44.8699989318848,tracking
3298,35,53678,player,2.45,35.74,tracking
3298,35,-1,ball,11.1899995803833,44.8699989318848,tracking
3298,36,53678,player,2.43,36.42,tracking
3298,36,-1,ball,11.1899995803833,44.8699989318848,tracking
3298,37,53678,player,2.45,37.09,tracking
3298,37,-1,ball,11.1899995803833,44.8699989318848,tracking
3298,38,53678,player,2.51,37.76,tracking
3298,38,-1,ball,11.1899995803833,44.8699989318848,tracking
3298,39,53678,player,2.63,38.41,tracking
3298,39,-1,ball,11.1899995803833,44.8699989318848,tracking
3298,40,53678,player,2.8,39.07,tracking
3298,40,-1,ball,11.1899995803833,44.8699989318848,tracking
3298,41,53678,player,2.98,39.72,tracking
3298,41,-1,ball,11.1899995803833,44.8699989318848,tracking
3298,42,53678,player,3.18,40.36,tracking
3298,42,-1,ball,11.1899995803833,44.8699989318848,tracking
3298,43,53678,player,3.4,41.0,tracking
3298,43,-1,ball,11.1899995803833,44.8699989318848,tracking
3663,14,43314,player,41.7,34.55,tracking
3663,14,-1,ball,13.6300001144409,2.72000002861023,tracking
3663,15,43314,player,41.65,34.64,tracking
3663,15,-1,ball,13.6300001144409,2.72000002861023,tracking
3663,16,43314,player,41.59,34.75,tracking
3663,16,-1,ball,13.6300001144409,2.72000002861023,tracking
3663,17,43314,player,41.53,34.88,tracking
3663,17,-1,ball,13.6300001144409,2.72000002861023,tracking
3663,18,43314,player,41.46,35.03,tracking
3663,18,-1,ball,13.6300001144409,2.72000002861023,tracking
3663,19,43314,player,41.38,35.22,tracking
3663,19,-1,ball,13.6300001144409,2.72000002861023,tracking
3663,20,43314,player,41.28,35.44,tracking
3663,20,-1,ball,13.6300001144409,2.72000002861023,tracking
3663,21,43314,player,41.19,35.67,tracking
3663,21,-1,ball,13.6300001144409,2.72000002861023,tracking
3663,22,43314,player,41.09,35.91,tracking
3663,22,-1,ball,13.6300001144409,2.72000002861023,tracking
3663,23,43314,player,40.99,36.16,tracking
3663,23,-1,ball,13.6300001144409,2.72000002861023,tracking
3663,24,43314,player,40.88,36.41,tracking
3663,24,-1,ball,13.6300001144409,2.72000002861023,tracking
3663,14,47941,player,36.47,37.07,tracking
3663,14,-1,ball,13.6300001144409,2.72000002861023,tracking
3663,15,47941,player,36.16,37.03,tracking
3663,15,-1,ball,13.6300001144409,2.72000002861023,tracking
3663,16,47941,player,35.84,36.98,tracking
3663,16,-1,ball,13.6300001144409,2.72000002861023,tracking
3663,17,47941,player,35.51,36.91,tracking
3663,17,-1,ball,13.6300001144409,2.72000002861023,tracking
3663,18,47941,player,35.18,36.83,tracking
3663,18,-1,ball,13.6300001144409,2.72000002861023,tracking
3663,19,47941,player,34.84,36.75,tracking
3663,19,-1,ball,13.6300001144409,2.72000002861023,tracking
3663,20,47941,player,34.5,36.65,tracking
3663,20,-1,ball,13.6300001144409,2.72000002861023,tracking
3663,21,47941,player,34.16,36.56,tracking
3663,21,-1,ball,13.6300001144409,2.72000002861023,tracking
3663,22,47941,player,33.82,36.46,tracking
3663,22,-1,ball,13.6300001144409,2.72000002861023,tracking
3663,23,47941,player,33.48,36.37,tracking
3663,23,-1,ball,13.6300001144409,2.72000002861023,tracking
3663,24,47941,player,33.18,36.31,tracking
3663,24,-1,ball,13.6300001144409,2.72000002861023,tracking
3663,14,54618,player,43.86,9.41,tracking
3663,14,-1,ball,13.6300001144409,2.72000002861023,tracking
3663,15,54618,player,43.59,9.25,tracking
3663,15,-1,ball,13.6300001144409,2.72000002861023,tracking
3663,16,54618,player,43.28,9.07,tracking
3663,16,-1,ball,13.6300001144409,2.72000002861023,tracking
3663,17,54618,player,42.93,8.87,tracking
3663,17,-1,ball,13.6300001144409,2.72000002861023,tracking
3663,18,54618,player,42.53,8.66,tracking
3663,18,-1,ball,13.6300001144409,2.72000002861023,tracking
3663,19,54618,player,42.11,8.44,tracking
3663,19,-1,ball,13.6300001144409,2.72000002861023,tracking
3663,20,54618,player,41.61,8.21,tracking
3663,20,-1,ball,13.6300001144409,2.72000002861023,tracking
3663,21,54618,player,41.07,7.97,tracking
3663,21,-1,ball,13.6300001144409,2.72000002861023,tracking
3663,22,54618,player,40.51,7.72,tracking
3663,22,-1,ball,13.6300001144409,2.72000002861023,tracking
3663,23,54618,player,39.92,7.47,tracking
3663,23,-1,ball,13.6300001144409,2.72000002861023,tracking
3663,24,54618,player,39.31,7.22,tracking
3663,24,-1,ball,13.6300001144409,2.72000002861023,tracking
3663,14,53486,player,43.95,29.19,tracking
3663,14,-1,ball,13.6300001144409,2.72000002861023,tracking
3663,15,53486,player,43.49,28.55,tracking
3663,15,-1,ball,13.6300001144409,2.72000002861023,tracking
3663,16,53486,player,43.05,27.9,tracking
3663,16,-1,ball,13.6300001144409,2.72000002861023,tracking
3663,17,53486,player,42.62,27.21,tracking
3663,17,-1,ball,13.6300001144409,2.72000002861023,tracking
3663,18,53486,player,42.22,26.5,tracking
3663,18,-1,ball,13.6300001144409,2.72000002861023,tracking
3663,19,53486,player,41.83,25.76,tracking
3663,19,-1,ball,13.6300001144409,2.72000002861023,tracking
3663,20,53486,player,41.48,24.99,tracking
3663,20,-1,ball,13.6300001144409,2.72000002861023,tracking
3663,21,53486,player,41.15,24.21,tracking
3663,21,-1,ball,13.6300001144409,2.72000002861023,tracking
3663,22,53486,player,40.86,23.4,tracking
3663,22,-1,ball,13.6300001144409,2.72000002861023,tracking
3663,23,53486,player,40.59,22.58,tracking
3663,23,-1,ball,13.6300001144409,2.72000002861023,tracking
3663,24,53486,player,40.36,21.74,tracking
3663,24,-1,ball,13.6300001144409,2.72000002861023,tracking
3663,14,52465,player,43.33,33.47,tracking
3663,14,-1,ball,13.6300001144409,2.72000002861023,tracking
3663,15,52465,player,42.82,33.43,tracking
3663,15,-1,ball,13.6300001144409,2.72000002861023,tracking
3663,16,52465,player,42.28,33.38,tracking
3663,16,-1,ball,13.6300001144409,2.72000002861023,tracking
3663,17,52465,player,41.7,33.34,tracking
3663,17,-1,ball,13.6300001144409,2.72000002861023,tracking
3663,18,52465,player,41.11,33.29,tracking
3663,18,-1,ball,13.6300001144409,2.72000002861023,tracking
3663,19,52465,player,40.49,33.26,tracking
3663,19,-1,ball,13.6300001144409,2.72000002861023,tracking
3663,20,52465,player,39.85,33.25,tracking
3663,20,-1,ball,13.6300001144409,2.72000002861023,tracking
3663,21,52465,player,39.2,33.26,tracking
3663,21,-1,ball,13.6300001144409,2.72000002861023,tracking
3663,22,52465,player,38.54,33.3,tracking
3663,22,-1,ball,13.6300001144409,2.72000002861023,tracking
3663,23,52465,player,37.89,33.4,tracking
3663,23,-1,ball,13.6300001144409,2.72000002861023,tracking
3663,24,52465,player,37.24,33.54,tracking
3663,24,-1,ball,13.6300001144409,2.72000002861023,tracking
3663,14,56042,player,44.75,8.42,tracking
3663,14,-1,ball,13.6300001144409,2.72000002861023,tracking
3663,15,56042,player,44.27,8.15,tracking
3663,15,-1,ball,13.6300001144409,2.72000002861023,tracking
3663,16,56042,player,43.77,7.87,tracking
3663,16,-1,ball,13.6300001144409,2.72000002861023,tracking
3663,17,56042,player,43.23,7.58,tracking
3663,17,-1,ball,13.6300001144409,2.72000002861023,tracking
3663,18,56042,player,42.67,7.28,tracking
3663,18,-1,ball,13.6300001144409,2.72000002861023,tracking
3663,19,56042,player,42.09,6.98,tracking
3663,19,-1,ball,13.6300001144409,2.72000002861023,tracking
3663,20,56042,player,41.48,6.68,tracking
3663,20,-1,ball,13.6300001144409,2.72000002861023,tracking
3663,21,56042,player,40.84,6.4,tracking
3663,21,-1,ball,13.6300001144409,2.72000002861023,tracking
3663,22,56042,player,40.16,6.13,tracking
3663,22,-1,ball,13.6300001144409,2.72000002861023,tracking
3663,23,56042,player,39.45,5.87,tracking
3663,23,-1,ball,13.6300001144409,2.72000002861023,tracking
3663,24,56042,player,38.71,5.63,tracking
3663,24,-1,ball,13.6300001144409,2.72000002861023,tracking
3001,20,54632,player,49.36,21.4,tracking
3001,20,-1,ball,50.3199996948242,21.8400001525879,tracking
3001,21,54632,player,49.01,21.66,tracking
3001,21,-1,ball,50.3199996948242,21.8400001525879,tracking
3001,22,54632,player,48.66,21.94,tracking
3001,22,-1,ball,50.3199996948242,21.8400001525879,tracking
3001,23,54632,player,48.3,22.24,tracking
3001,23,-1,ball,50.3199996948242,21.8400001525879,tracking
3001,24,54632,player,47.94,22.56,tracking
3001,24,-1,ball,50.3199996948242,21.8400001525879,tracking
3001,25,54632,player,47.59,22.93,tracking
3001,25,-1,ball,50.3199996948242,21.8400001525879,tracking
3001,26,54632,player,47.25,23.33,tracking
3001,26,-1,ball,50.3199996948242,21.8400001525879,tracking
3001,27,54632,player,46.94,23.79,tracking
3001,27,-1,ball,50.3199996948242,21.8400001525879,tracking
3001,28,54632,player,46.64,24.28,tracking
3001,28,-1,ball,50.3199996948242,21.8400001525879,tracking
3001,29,54632,player,46.37,24.8,tracking
3001,29,-1,ball,50.3199996948242,21.8400001525879,tracking
3001,30,54632,player,46.12,25.35,tracking
3001,30,-1,ball,50.3199996948242,21.8400001525879,tracking
3001,20,38540,player,54.15,36.52,tracking
3001,20,-1,ball,50.3199996948242,21.8400001525879,tracking
3001,21,38540,player,53.64,36.05,tracking
3001,21,-1,ball,50.3199996948242,21.8400001525879,tracking
3001,22,38540,player,53.18,35.54,tracking
3001,22,-1,ball,50.3199996948242,21.8400001525879,tracking
3001,23,38540,player,52.71,35.06,tracking
3001,23,-1,ball,50.3199996948242,21.8400001525879,tracking
3001,24,38540,player,52.29,34.5,tracking
3001,24,-1,ball,50.3199996948242,21.8400001525879,tracking
3001,25,38540,player,51.9,33.92,tracking
3001,25,-1,ball,50.3199996948242,21.8400001525879,tracking
3001,26,38540,player,51.54,33.31,tracking
3001,26,-1,ball,50.3199996948242,21.8400001525879,tracking
3001,27,38540,player,51.21,32.68,tracking
3001,27,-1,ball,50.3199996948242,21.8400001525879,tracking
3001,28,38540,player,50.9,31.91,tracking
3001,28,-1,ball,50.3199996948242,21.8400001525879,tracking
3001,29,38540,player,50.63,31.23,tracking
3001,29,-1,ball,50.3199996948242,21.8400001525879,tracking
3001,30,38540,player,50.43,30.58,tracking
3001,30,-1,ball,50.3199996948242,21.8400001525879,tracking
3001,20,52459,player,53.75,11.68,tracking
3001,20,-1,ball,50.3199996948242,21.8400001525879,tracking
3001,21,52459,player,53.21,11.92,tracking
3001,21,-1,ball,50.3199996948242,21.8400001525879,tracking
3001,22,52459,player,52.65,12.18,tracking
3001,22,-1,ball,50.3199996948242,21.8400001525879,tracking
3001,23,52459,player,52.07,12.43,tracking
3001,23,-1,ball,50.3199996948242,21.8400001525879,tracking
3001,24,52459,player,51.49,12.7,tracking
3001,24,-1,ball,50.3199996948242,21.8400001525879,tracking
3001,25,52459,player,50.91,12.97,tracking
3001,25,-1,ball,50.3199996948242,21.8400001525879,tracking
3001,26,52459,player,50.26,13.2,tracking
3001,26,-1,ball,50.3199996948242,21.8400001525879,tracking
3001,27,52459,player,49.61,13.42,tracking
3001,27,-1,ball,50.3199996948242,21.8400001525879,tracking
3001,28,52459,player,48.96,13.64,tracking
3001,28,-1,ball,50.3199996948242,21.8400001525879,tracking
3001,29,52459,player,48.28,13.85,tracking
3001,29,-1,ball,50.3199996948242,21.8400001525879,tracking
3001,30,52459,player,47.57,14.02,tracking
3001,30,-1,ball,50.3199996948242,21.8400001525879,tracking
3001,20,52615,player,54.52,12.95,tracking
3001,20,-1,ball,50.3199996948242,21.8400001525879,tracking
3001,21,52615,player,53.87,13.2,tracking
3001,21,-1,ball,50.3199996948242,21.8400001525879,tracking
3001,22,52615,player,53.19,13.45,tracking
3001,22,-1,ball,50.3199996948242,21.8400001525879,tracking
3001,23,52615,player,52.5,13.68,tracking
3001,23,-1,ball,50.3199996948242,21.8400001525879,tracking
3001,24,52615,player,51.79,13.89,tracking
3001,24,-1,ball,50.3199996948242,21.8400001525879,tracking
3001,25,52615,player,51.06,14.09,tracking
3001,25,-1,ball,50.3199996948242,21.8400001525879,tracking
3001,26,52615,player,50.3,14.27,tracking
3001,26,-1,ball,50.3199996948242,21.8400001525879,tracking
3001,27,52615,player,49.54,14.43,tracking
3001,27,-1,ball,50.3199996948242,21.8400001525879,tracking
3001,28,52615,player,48.76,14.57,tracking
3001,28,-1,ball,50.3199996948242,21.8400001525879,tracking
3001,29,52615,player,47.97,14.7,tracking
3001,29,-1,ball,50.3199996948242,21.8400001525879,tracking
3001,30,52615,player,47.16,14.81,tracking
3001,30,-1,ball,50.3199996948242,21.8400001525879,tracking
3001,20,47842,player,53.21,21.73,tracking
3001,20,-1,ball,50.3199996948242,21.8400001525879,tracking
3001,21,47842,player,52.51,21.85,tracking
3001,21,-1,ball,50.3199996948242,21.8400001525879,tracking
3001,22,47842,player,51.82,22.01,tracking
3001,22,-1,ball,50.3199996948242,21.8400001525879,tracking
3001,23,47842,player,51.15,22.2,tracking
3001,23,-1,ball,50.3199996948242,21.8400001525879,tracking
3001,24,47842,player,50.5,22.42,tracking
3001,24,-1,ball,50.3199996948242,21.8400001525879,tracking
3001,25,47842,player,49.88,22.68,tracking
3001,25,-1,ball,50.3199996948242,21.8400001525879,tracking
3001,26,47842,player,49.29,22.99,tracking
3001,26,-1,ball,50.3199996948242,21.8400001525879,tracking
3001,27,47842,player,48.75,23.36,tracking
3001,27,-1,ball,50.3199996948242,21.8400001525879,tracking
3001,28,47842,player,48.25,23.77,tracking
3001,28,-1,ball,50.3199996948242,21.8400001525879,tracking
3001,29,47842,player,47.8,24.23,tracking
3001,29,-1,ball,50.3199996948242,21.8400001525879,tracking
3001,30,47842,player,47.39,24.74,tracking
3001,30,-1,ball,50.3199996948242,21.8400001525879,tracking
3001,20,43329,player,54.17,35.41,tracking
3001,20,-1,ball,50.3199996948242,21.8400001525879,tracking
3001,21,43329,player,53.59,35.01,tracking
3001,21,-1,ball,50.3199996948242,21.8400001525879,tracking
3001,22,43329,player,53.03,34.57,tracking
3001,22,-1,ball,50.3199996948242,21.8400001525879,tracking
3001,23,43329,player,52.49,34.12,tracking
3001,23,-1,ball,50.3199996948242,21.8400001525879,tracking
3001,24,43329,player,51.98,33.61,tracking
3001,24,-1,ball,50.3199996948242,21.8400001525879,tracking
3001,25,43329,player,51.51,33.06,tracking
3001,25,-1,ball,50.3199996948242,21.8400001525879,tracking
3001,26,43329,player,51.08,32.47,tracking
3001,26,-1,ball,50.3199996948242,21.8400001525879,tracking
3001,27,43329,player,50.7,31.84,tracking
3001,27,-1,ball,50.3199996948242,21.8400001525879,tracking
3001,28,43329,player,50.35,31.17,tracking
3001,28,-1,ball,50.3199996948242,21.8400001525879,tracking
3001,29,43329,player,50.05,30.46,tracking
3001,29,-1,ball,50.3199996948242,21.8400001525879,tracking
3001,30,43329,player,49.78,29.71,tracking
3001,30,-1,ball,50.3199996948242,21.8400001525879,tracking
928,10,46194,player,64.08,35.5,tracking
928,10,-1,ball,61.5400009155273,46.5299987792969,tracking
928,11,46194,player,63.99,35.44,tracking
928,11,-1,ball,61.5400009155273,46.5299987792969,tracking
928,12,46194,player,63.88,35.37,tracking
928,12,-1,ball,61.5400009155273,46.5299987792969,tracking
928,13,46194,player,63.75,35.3,tracking
928,13,-1,ball,61.5400009155273,46.5299987792969,tracking
928,14,46194,player,63.61,35.25,tracking
928,14,-1,ball,61.5400009155273,46.5299987792969,tracking
928,15,46194,player,63.45,35.21,tracking
928,15,-1,ball,61.5400009155273,46.5299987792969,tracking
928,16,46194,player,63.29,35.2,tracking
928,16,-1,ball,61.5400009155273,46.5299987792969,tracking
928,17,46194,player,63.11,35.21,tracking
928,17,-1,ball,61.5400009155273,46.5299987792969,tracking
928,18,46194,player,62.94,35.27,tracking
928,18,-1,ball,61.5400009155273,46.5299987792969,tracking
928,19,46194,player,62.76,35.38,tracking
928,19,-1,ball,61.5400009155273,46.5299987792969,tracking
928,20,46194,player,62.57,35.54,tracking
928,20,-1,ball,61.5400009155273,46.5299987792969,tracking
928,10,39984,player,60.85,15.01,tracking
928,10,-1,ball,61.5400009155273,46.5299987792969,tracking
928,11,39984,player,60.81,15.05,tracking
928,11,-1,ball,61.5400009155273,46.5299987792969,tracking
928,12,39984,player,60.76,15.09,tracking
928,12,-1,ball,61.5400009155273,46.5299987792969,tracking
928,13,39984,player,60.69,15.15,tracking
928,13,-1,ball,61.5400009155273,46.5299987792969,tracking
928,14,39984,player,60.6,15.21,tracking
928,14,-1,ball,61.5400009155273,46.5299987792969,tracking
928,15,39984,player,60.5,15.28,tracking
928,15,-1,ball,61.5400009155273,46.5299987792969,tracking
928,16,39984,player,60.36,15.36,tracking
928,16,-1,ball,61.5400009155273,46.5299987792969,tracking
928,17,39984,player,60.21,15.44,tracking
928,17,-1,ball,61.5400009155273,46.5299987792969,tracking
928,18,39984,player,60.04,15.53,tracking
928,18,-1,ball,61.5400009155273,46.5299987792969,tracking
928,19,39984,player,59.87,15.63,tracking
928,19,-1,ball,61.5400009155273,46.5299987792969,tracking
928,20,39984,player,59.68,15.73,tracking
928,20,-1,ball,61.5400009155273,46.5299987792969,tracking
928,10,54815,player,60.1,45.6,tracking
928,10,-1,ball,61.5400009155273,46.5299987792969,tracking
928,11,54815,player,59.75,45.56,tracking
928,11,-1,ball,61.5400009155273,46.5299987792969,tracking
928,12,54815,player,59.38,45.54,tracking
928,12,-1,ball,61.5400009155273,46.5299987792969,tracking
928,13,54815,player,58.99,45.54,tracking
928,13,-1,ball,61.5400009155273,46.5299987792969,tracking
928,14,54815,player,58.58,45.54,tracking
928,14,-1,ball,61.5400009155273,46.5299987792969,tracking
928,15,54815,player,58.16,45.55,tracking
928,15,-1,ball,61.5400009155273,46.5299987792969,tracking
928,16,54815,player,57.73,45.58,tracking
928,16,-1,ball,61.5400009155273,46.5299987792969,tracking
928,17,54815,player,57.3,45.63,tracking
928,17,-1,ball,61.5400009155273,46.5299987792969,tracking
928,18,54815,player,56.92,45.68,tracking
928,18,-1,ball,61.5400009155273,46.5299987792969,tracking
928,19,54815,player,56.56,45.74,tracking
928,19,-1,ball,61.5400009155273,46.5299987792969,tracking
928,20,54815,player,56.24,45.8,tracking
928,20,-1,ball,61.5400009155273,46.5299987792969,tracking
928,10,52430,player,66.64,15.65,tracking
928,10,-1,ball,61.5400009155273,46.5299987792969,tracking
928,11,52430,player,66.22,15.68,tracking
928,11,-1,ball,61.5400009155273,46.5299987792969,tracking
928,12,52430,player,65.74,15.71,tracking
928,12,-1,ball,61.5400009155273,46.5299987792969,tracking
928,13,52430,player,65.23,15.75,tracking
928,13,-1,ball,61.5400009155273,46.5299987792969,tracking
928,14,52430,player,64.67,15.8,tracking
928,14,-1,ball,61.5400009155273,46.5299987792969,tracking
928,15,52430,player,64.1,15.86,tracking
928,15,-1,ball,61.5400009155273,46.5299987792969,tracking
928,16,52430,player,63.49,15.95,tracking
928,16,-1,ball,61.5400009155273,46.5299987792969,tracking
928,17,52430,player,62.87,16.05,tracking
928,17,-1,ball,61.5400009155273,46.5299987792969,tracking
928,18,52430,player,62.24,16.18,tracking
928,18,-1,ball,61.5400009155273,46.5299987792969,tracking
928,19,52430,player,61.6,16.33,tracking
928,19,-1,ball,61.5400009155273,46.5299987792969,tracking
928,20,52430,player,60.95,16.5,tracking
928,20,-1,ball,61.5400009155273,46.5299987792969,tracking
928,10,52584,player,67.73,36.03,tracking
928,10,-1,ball,61.5400009155273,46.5299987792969,tracking
928,11,52584,player,67.38,35.99,tracking
928,11,-1,ball,61.5400009155273,46.5299987792969,tracking
928,12,52584,player,67.01,35.97,tracking
928,12,-1,ball,61.5400009155273,46.5299987792969,tracking
928,13,52584,player,66.62,35.96,tracking
928,13,-1,ball,61.5400009155273,46.5299987792969,tracking
928,14,52584,player,66.22,35.97,tracking
928,14,-1,ball,61.5400009155273,46.5299987792969,tracking
928,15,52584,player,65.82,36.02,tracking
928,15,-1,ball,61.5400009155273,46.5299987792969,tracking
928,16,52584,player,65.42,36.12,tracking
928,16,-1,ball,61.5400009155273,46.5299987792969,tracking
928,17,52584,player,65.03,36.27,tracking
928,17,-1,ball,61.5400009155273,46.5299987792969,tracking
928,18,52584,player,64.66,36.47,tracking
928,18,-1,ball,61.5400009155273,46.5299987792969,tracking
928,19,52584,player,64.31,36.72,tracking
928,19,-1,ball,61.5400009155273,46.5299987792969,tracking
928,20,52584,player,63.99,37.02,tracking
928,20,-1,ball,61.5400009155273,46.5299987792969,tracking
928,10,55887,player,66.84,44.26,tracking
928,10,-1,ball,61.5400009155273,46.5299987792969,tracking
928,11,55887,player,66.34,44.32,tracking
928,11,-1,ball,61.5400009155273,46.5299987792969,tracking
928,12,55887,player,65.82,44.39,tracking
928,12,-1,ball,61.5400009155273,46.5299987792969,tracking
928,13,55887,player,65.27,44.46,tracking
928,13,-1,ball,61.5400009155273,46.5299987792969,tracking
928,14,55887,player,64.69,44.53,tracking
928,14,-1,ball,61.5400009155273,46.5299987792969,tracking
928,15,55887,player,64.1,44.61,tracking
928,15,-1,ball,61.5400009155273,46.5299987792969,tracking
928,16,55887,player,63.5,44.7,tracking
928,16,-1,ball,61.5400009155273,46.5299987792969,tracking
928,17,55887,player,62.94,44.8,tracking
928,17,-1,ball,61.5400009155273,46.5299987792969,tracking
928,18,55887,player,62.41,44.91,tracking
928,18,-1,ball,61.5400009155273,46.5299987792969,tracking
928,19,55887,player,61.93,45.02,tracking
928,19,-1,ball,61.5400009155273,46.5299987792969,tracking
928,20,55887,player,61.57,45.13,tracking
928,20,-1,ball,61.5400009155273,46.5299987792969,tracking
3163,29,46087,player,56.75,44.05,tracking
3163,29,-1,ball,26.8700008392334,43.0200004577637,tracking
3163,30,46087,player,56.21,44.14,tracking
3163,30,-1,ball,26.8700008392334,43.0200004577637,tracking
3163,31,46087,player,55.66,44.24,tracking
3163,31,-1,ball,26.8700008392334,43.0200004577637,tracking
3163,32,46087,player,55.08,44.35,tracking
3163,32,-1,ball,26.8700008392334,43.0200004577637,tracking
3163,33,46087,player,54.51,44.48,tracking
3163,33,-1,ball,26.8700008392334,43.0200004577637,tracking
3163,34,46087,player,53.94,44.63,tracking
3163,34,-1,ball,26.8700008392334,43.0200004577637,tracking
3163,35,46087,player,53.39,44.79,tracking
3163,35,-1,ball,26.8700008392334,43.0200004577637,tracking
3163,36,46087,player,52.84,44.98,tracking
3163,36,-1,ball,26.8700008392334,43.0200004577637,tracking
3163,37,46087,player,52.31,45.17,tracking
3163,37,-1,ball,26.8700008392334,43.0200004577637,tracking
3163,38,46087,player,51.79,45.37,tracking
3163,38,-1,ball,26.8700008392334,43.0200004577637,tracking
3163,39,46087,player,51.29,45.58,tracking
3163,39,-1,ball,26.8700008392334,43.0200004577637,tracking
3163,29,44911,player,63.73,22.31,tracking
3163,29,-1,ball,26.8700008392334,43.0200004577637,tracking
3163,30,44911,player,63.6,22.05,tracking
3163,30,-1,ball,26.8700008392334,43.0200004577637,tracking
3163,31,44911,player,63.43,21.79,tracking
3163,31,-1,ball,26.8700008392334,43.0200004577637,tracking
3163,32,44911,player,63.23,21.53,tracking
3163,32,-1,ball,26.8700008392334,43.0200004577637,tracking
3163,33,44911,player,63.01,21.27,tracking
3163,33,-1,ball,26.8700008392334,43.0200004577637,tracking
3163,34,44911,player,62.78,21.0,tracking
3163,34,-1,ball,26.8700008392334,43.0200004577637,tracking
3163,35,44911,player,62.55,20.74,tracking
3163,35,-1,ball,26.8700008392334,43.0200004577637,tracking
3163,36,44911,player,62.31,20.48,tracking
3163,36,-1,ball,26.8700008392334,43.0200004577637,tracking
3163,37,44911,player,62.08,20.23,tracking
3163,37,-1,ball,26.8700008392334,43.0200004577637,tracking
3163,38,44911,player,61.85,19.98,tracking
3163,38,-1,ball,26.8700008392334,43.0200004577637,tracking
3163,39,44911,player,61.62,19.74,tracking
3163,39,-1,ball,26.8700008392334,43.0200004577637,tracking
3163,29,54473,player,76.0,30.78,tracking
3163,29,-1,ball,26.8700008392334,43.0200004577637,tracking
3163,30,54473,player,76.15,30.28,tracking
3163,30,-1,ball,26.8700008392334,43.0200004577637,tracking
3163,31,54473,player,76.27,29.77,tracking
3163,31,-1,ball,26.8700008392334,43.0200004577637,tracking
3163,32,54473,player,76.38,29.25,tracking
3163,32,-1,ball,26.8700008392334,43.0200004577637,tracking
3163,33,54473,player,76.47,28.73,tracking
3163,33,-1,ball,26.8700008392334,43.0200004577637,tracking
3163,34,54473,player,76.56,28.21,tracking
3163,34,-1,ball,26.8700008392334,43.0200004577637,tracking
3163,35,54473,player,76.63,27.69,tracking
3163,35,-1,ball,26.8700008392334,43.0200004577637,tracking
3163,36,54473,player,76.7,27.18,tracking
3163,36,-1,ball,26.8700008392334,43.0200004577637,tracking
3163,37,54473,player,76.76,26.67,tracking
3163,37,-1,ball,26.8700008392334,43.0200004577637,tracking
3163,38,54473,player,76.81,26.18,tracking
3163,38,-1,ball,26.8700008392334,43.0200004577637,tracking
3163,39,54473,player,76.85,25.69,tracking
3163,39,-1,ball,26.8700008392334,43.0200004577637,tracking
3163,29,44931,player,52.69,42.31,tracking
3163,29,-1,ball,26.8700008392334,43.0200004577637,tracking
3163,30,44931,player,51.84,42.5,tracking
3163,30,-1,ball,26.8700008392334,43.0200004577637,tracking
3163,31,44931,player,50.98,42.68,tracking
3163,31,-1,ball,26.8700008392334,43.0200004577637,tracking
3163,32,44931,player,50.12,42.85,tracking
3163,32,-1,ball,26.8700008392334,43.0200004577637,tracking
3163,33,44931,player,49.25,43.01,tracking
3163,33,-1,ball,26.8700008392334,43.0200004577637,tracking
3163,34,44931,player,48.38,43.16,tracking
3163,34,-1,ball,26.8700008392334,43.0200004577637,tracking
3163,35,44931,player,47.5,43.29,tracking
3163,35,-1,ball,26.8700008392334,43.0200004577637,tracking
3163,36,44931,player,46.63,43.41,tracking
3163,36,-1,ball,26.8700008392334,43.0200004577637,tracking
3163,37,44931,player,45.76,43.52,tracking
3163,37,-1,ball,26.8700008392334,43.0200004577637,tracking
3163,38,44931,player,44.88,43.63,tracking
3163,38,-1,ball,26.8700008392334,43.0200004577637,tracking
3163,39,44931,player,44.02,43.72,tracking
3163,39,-1,ball,26.8700008392334,43.0200004577637,tracking
134,13,54525,player,69.63,38.26,tracking
134,13,-1,ball,64.4300003051758,6.65000009536743,tracking
134,14,54525,player,69.56,38.15,tracking
134,14,-1,ball,64.4300003051758,6.65000009536743,tracking
134,15,54525,player,69.48,38.0,tracking
134,15,-1,ball,64.4300003051758,6.65000009536743,tracking
134,16,54525,player,69.38,37.84,tracking
134,16,-1,ball,64.4300003051758,6.65000009536743,tracking
134,17,54525,player,69.26,37.63,tracking
134,17,-1,ball,64.4300003051758,6.65000009536743,tracking
134,18,54525,player,69.11,37.39,tracking
134,18,-1,ball,64.4300003051758,6.65000009536743,tracking
134,19,54525,player,68.95,37.13,tracking
134,19,-1,ball,64.4300003051758,6.65000009536743,tracking
134,20,54525,player,68.76,36.85,tracking
134,20,-1,ball,64.4300003051758,6.65000009536743,tracking
134,21,54525,player,68.55,36.57,tracking
134,21,-1,ball,64.4300003051758,6.65000009536743,tracking
134,22,54525,player,68.33,36.29,tracking
134,22,-1,ball,64.4300003051758,6.65000009536743,tracking
134,23,54525,player,68.09,36.01,tracking
134,23,-1,ball,64.4300003051758,6.65000009536743,tracking
134,13,44872,player,69.3,16.1,tracking
134,13,-1,ball,64.4300003051758,6.65000009536743,tracking
134,14,44872,player,69.11,16.3,tracking
134,14,-1,ball,64.4300003051758,6.65000009536743,tracking
134,15,44872,player,68.87,16.51,tracking
134,15,-1,ball,64.4300003051758,6.65000009536743,tracking
134,16,44872,player,68.59,16.73,tracking
134,16,-1,ball,64.4300003051758,6.65000009536743,tracking
134,17,44872,player,68.26,16.96,tracking
134,17,-1,ball,64.4300003051758,6.65000009536743,tracking
134,18,44872,player,67.89,17.18,tracking
134,18,-1,ball,64.4300003051758,6.65000009536743,tracking
134,19,44872,player,67.48,17.41,tracking
134,19,-1,ball,64.4300003051758,6.65000009536743,tracking
134,20,44872,player,67.02,17.61,tracking
134,20,-1,ball,64.4300003051758,6.65000009536743,tracking
134,21,44872,player,66.54,17.81,tracking
134,21,-1,ball,64.4300003051758,6.65000009536743,tracking
134,22,44872,player,66.04,17.99,tracking
134,22,-1,ball,64.4300003051758,6.65000009536743,tracking
134,23,44872,player,65.55,18.16,tracking
134,23,-1,ball,64.4300003051758,6.65000009536743,tracking
134,13,54496,player,66.77,35.32,tracking
134,13,-1,ball,64.4300003051758,6.65000009536743,tracking
134,14,54496,player,66.74,35.35,tracking
134,14,-1,ball,64.4300003051758,6.65000009536743,tracking
134,15,54496,player,66.67,35.35,tracking
134,15,-1,ball,64.4300003051758,6.65000009536743,tracking
134,16,54496,player,66.58,35.34,tracking
134,16,-1,ball,64.4300003051758,6.65000009536743,tracking
134,17,54496,player,66.42,35.31,tracking
134,17,-1,ball,64.4300003051758,6.65000009536743,tracking
134,18,54496,player,66.24,35.28,tracking
134,18,-1,ball,64.4300003051758,6.65000009536743,tracking
134,19,54496,player,66.02,35.23,tracking
134,19,-1,ball,64.4300003051758,6.65000009536743,tracking
134,20,54496,player,65.76,35.18,tracking
134,20,-1,ball,64.4300003051758,6.65000009536743,tracking
134,21,54496,player,65.45,35.13,tracking
134,21,-1,ball,64.4300003051758,6.65000009536743,tracking
134,22,54496,player,65.11,35.08,tracking
134,22,-1,ball,64.4300003051758,6.65000009536743,tracking
134,23,54496,player,64.74,35.03,tracking
134,23,-1,ball,64.4300003051758,6.65000009536743,tracking
134,13,43641,player,65.06,16.82,tracking
134,13,-1,ball,64.4300003051758,6.65000009536743,tracking
134,14,43641,player,64.83,16.66,tracking
134,14,-1,ball,64.4300003051758,6.65000009536743,tracking
134,15,43641,player,64.56,16.48,tracking
134,15,-1,ball,64.4300003051758,6.65000009536743,tracking
134,16,43641,player,64.27,16.27,tracking
134,16,-1,ball,64.4300003051758,6.65000009536743,tracking
134,17,43641,player,63.96,16.04,tracking
134,17,-1,ball,64.4300003051758,6.65000009536743,tracking
134,18,43641,player,63.63,15.79,tracking
134,18,-1,ball,64.4300003051758,6.65000009536743,tracking
134,19,43641,player,63.3,15.5,tracking
134,19,-1,ball,64.4300003051758,6.65000009536743,tracking
134,20,43641,player,62.97,15.19,tracking
134,20,-1,ball,64.4300003051758,6.65000009536743,tracking
134,21,43641,player,62.64,14.84,tracking
134,21,-1,ball,64.4300003051758,6.65000009536743,tracking
134,22,43641,player,62.33,14.47,tracking
134,22,-1,ball,64.4300003051758,6.65000009536743,tracking
134,23,43641,player,62.04,14.05,tracking
134,23,-1,ball,64.4300003051758,6.65000009536743,tracking
134,13,53456,player,70.9,17.1,tracking
134,13,-1,ball,64.4300003051758,6.65000009536743,tracking
134,14,53456,player,70.45,17.37,tracking
134,14,-1,ball,64.4300003051758,6.65000009536743,tracking
134,15,53456,player,69.97,17.64,tracking
134,15,-1,ball,64.4300003051758,6.65000009536743,tracking
134,16,53456,player,69.46,17.9,tracking
134,16,-1,ball,64.4300003051758,6.65000009536743,tracking
134,17,53456,player,68.93,18.16,tracking
134,17,-1,ball,64.4300003051758,6.65000009536743,tracking
134,18,53456,player,68.38,18.39,tracking
134,18,-1,ball,64.4300003051758,6.65000009536743,tracking
134,19,53456,player,67.83,18.59,tracking
134,19,-1,ball,64.4300003051758,6.65000009536743,tracking
134,20,53456,player,67.28,18.77,tracking
134,20,-1,ball,64.4300003051758,6.65000009536743,tracking
134,21,53456,player,66.75,18.92,tracking
134,21,-1,ball,64.4300003051758,6.65000009536743,tracking
134,22,53456,player,66.24,19.04,tracking
134,22,-1,ball,64.4300003051758,6.65000009536743,tracking
134,23,53456,player,65.77,19.13,tracking
134,23,-1,ball,64.4300003051758,6.65000009536743,tracking
134,13,55886,player,70.91,37.89,tracking
134,13,-1,ball,64.4300003051758,6.65000009536743,tracking
134,14,55886,player,70.68,37.78,tracking
134,14,-1,ball,64.4300003051758,6.65000009536743,tracking
134,15,55886,player,70.45,37.66,tracking
134,15,-1,ball,64.4300003051758,6.65000009536743,tracking
134,16,55886,player,70.21,37.53,tracking
134,16,-1,ball,64.4300003051758,6.65000009536743,tracking
134,17,55886,player,69.98,37.4,tracking
134,17,-1,ball,64.4300003051758,6.65000009536743,tracking
134,18,55886,player,69.74,37.28,tracking
134,18,-1,ball,64.4300003051758,6.65000009536743,tracking
134,19,55886,player,69.5,37.2,tracking
134,19,-1,ball,64.4300003051758,6.65000009536743,tracking
134,20,55886,player,69.25,37.16,tracking
134,20,-1,ball,64.4300003051758,6.65000009536743,tracking
134,21,55886,player,69.0,37.15,tracking
134,21,-1,ball,64.4300003051758,6.65000009536743,tracking
134,22,55886,player,68.72,37.18,tracking
134,22,-1,ball,64.4300003051758,6.65000009536743,tracking
134,23,55886,player,68.42,37.24,tracking
134,23,-1,ball,64.4300003051758,6.65000009536743,tracking
134,13,41238,player,68.31,16.92,tracking
134,13,-1,ball,64.4300003051758,6.65000009536743,tracking
134,14,41238,player,67.79,16.71,tracking
134,14,-1,ball,64.4300003051758,6.65000009536743,tracking
134,15,41238,player,67.24,16.48,tracking
134,15,-1,ball,64.4300003051758,6.65000009536743,tracking
134,16,41238,player,66.68,16.22,tracking
134,16,-1,ball,64.4300003051758,6.65000009536743,tracking
134,17,41238,player,66.11,15.93,tracking
134,17,-1,ball,64.4300003051758,6.65000009536743,tracking
134,18,41238,player,65.55,15.59,tracking
134,18,-1,ball,64.4300003051758,6.65000009536743,tracking
134,19,41238,player,65.01,15.23,tracking
134,19,-1,ball,64.4300003051758,6.65000009536743,tracking
134,20,41238,player,64.48,14.84,tracking
134,20,-1,ball,64.4300003051758,6.65000009536743,tracking
134,21,41238,player,63.98,14.42,tracking
134,21,-1,ball,64.4300003051758,6.65000009536743,tracking
134,22,41238,player,63.5,13.97,tracking
134,22,-1,ball,64.4300003051758,6.65000009536743,tracking
134,23,41238,player,63.06,13.48,tracking
134,23,-1,ball,64.4300003051758,6.65000009536743,tracking
711,13,54525,player,48.17,9.89,tracking
711,13,-1,ball,22.5100002288818,49.1199989318848,tracking
711,14,54525,player,47.93,9.91,tracking
711,14,-1,ball,22.5100002288818,49.1199989318848,tracking
711,15,54525,player,47.66,9.92,tracking
711,15,-1,ball,22.5100002288818,49.1199989318848,tracking
711,16,54525,player,47.37,9.92,tracking
711,16,-1,ball,22.5100002288818,49.1199989318848,tracking
711,17,54525,player,47.04,9.88,tracking
711,17,-1,ball,22.5100002288818,49.1199989318848,tracking
711,18,54525,player,46.69,9.81,tracking
711,18,-1,ball,22.5100002288818,49.1199989318848,tracking
711,19,54525,player,46.33,9.72,tracking
711,19,-1,ball,22.5100002288818,49.1199989318848,tracking
711,20,54525,player,45.93,9.6,tracking
711,20,-1,ball,22.5100002288818,49.1199989318848,tracking
711,21,54525,player,45.49,9.44,tracking
711,21,-1,ball,22.5100002288818,49.1199989318848,tracking
711,22,54525,player,45.03,9.24,tracking
711,22,-1,ball,22.5100002288818,49.1199989318848,tracking
711,23,54525,player,44.55,9.01,tracking
711,23,-1,ball,22.5100002288818,49.1199989318848,tracking
711,13,44872,player,48.4,44.48,tracking
711,13,-1,ball,22.5100002288818,49.1199989318848,tracking
711,14,44872,player,47.95,44.62,tracking
711,14,-1,ball,22.5100002288818,49.1199989318848,tracking
711,15,44872,player,47.45,44.77,tracking
711,15,-1,ball,22.5100002288818,49.1199989318848,tracking
711,16,44872,player,46.91,44.93,tracking
711,16,-1,ball,22.5100002288818,49.1199989318848,tracking
711,17,44872,player,46.34,45.1,tracking
711,17,-1,ball,22.5100002288818,49.1199989318848,tracking
711,18,44872,player,45.76,45.27,tracking
711,18,-1,ball,22.5100002288818,49.1199989318848,tracking
711,19,44872,player,45.17,45.44,tracking
711,19,-1,ball,22.5100002288818,49.1199989318848,tracking
711,20,44872,player,44.55,45.61,tracking
711,20,-1,ball,22.5100002288818,49.1199989318848,tracking
711,21,44872,player,43.93,45.79,tracking
711,21,-1,ball,22.5100002288818,49.1199989318848,tracking
711,22,44872,player,43.3,45.97,tracking
711,22,-1,ball,22.5100002288818,49.1199989318848,tracking
711,23,44872,player,42.65,46.15,tracking
711,23,-1,ball,22.5100002288818,49.1199989318848,tracking
711,13,55925,player,48.62,37.04,tracking
711,13,-1,ball,22.5100002288818,49.1199989318848,tracking
711,14,55925,player,48.34,36.99,tracking
711,14,-1,ball,22.5100002288818,49.1199989318848,tracking
711,15,55925,player,48.03,36.96,tracking
711,15,-1,ball,22.5100002288818,49.1199989318848,tracking
711,16,55925,player,47.68,36.95,tracking
711,16,-1,ball,22.5100002288818,49.1199989318848,tracking
711,17,55925,player,47.29,36.96,tracking
711,17,-1,ball,22.5100002288818,49.1199989318848,tracking
711,18,55925,player,46.84,36.97,tracking
711,18,-1,ball,22.5100002288818,49.1199989318848,tracking
711,19,55925,player,46.35,37.01,tracking
711,19,-1,ball,22.5100002288818,49.1199989318848,tracking
711,20,55925,player,45.82,37.06,tracking
711,20,-1,ball,22.5100002288818,49.1199989318848,tracking
711,21,55925,player,45.25,37.12,tracking
711,21,-1,ball,22.5100002288818,49.1199989318848,tracking
711,22,55925,player,44.65,37.2,tracking
711,22,-1,ball,22.5100002288818,49.1199989318848,tracking
711,23,55925,player,44.01,37.31,tracking
711,23,-1,ball,22.5100002288818,49.1199989318848,tracking
711,13,54496,player,45.93,30.24,tracking
711,13,-1,ball,22.5100002288818,49.1199989318848,tracking
711,14,54496,player,45.76,30.21,tracking
711,14,-1,ball,22.5100002288818,49.1199989318848,tracking
711,15,54496,player,45.57,30.17,tracking
711,15,-1,ball,22.5100002288818,49.1199989318848,tracking
711,16,54496,player,45.34,30.11,tracking
711,16,-1,ball,22.5100002288818,49.1199989318848,tracking
711,17,54496,player,45.08,30.03,tracking
711,17,-1,ball,22.5100002288818,49.1199989318848,tracking
711,18,54496,player,44.8,29.91,tracking
711,18,-1,ball,22.5100002288818,49.1199989318848,tracking
711,19,54496,player,44.48,29.76,tracking
711,19,-1,ball,22.5100002288818,49.1199989318848,tracking
711,20,54496,player,44.15,29.54,tracking
711,20,-1,ball,22.5100002288818,49.1199989318848,tracking
711,21,54496,player,43.79,29.29,tracking
711,21,-1,ball,22.5100002288818,49.1199989318848,tracking
711,22,54496,player,43.43,28.99,tracking
711,22,-1,ball,22.5100002288818,49.1199989318848,tracking
711,23,54496,player,43.06,28.64,tracking
711,23,-1,ball,22.5100002288818,49.1199989318848,tracking
711,13,43641,player,48.73,21.62,tracking
711,13,-1,ball,22.5100002288818,49.1199989318848,tracking
711,14,43641,player,48.86,21.56,tracking
711,14,-1,ball,22.5100002288818,49.1199989318848,tracking
711,15,43641,player,48.99,21.47,tracking
711,15,-1,ball,22.5100002288818,49.1199989318848,tracking
711,16,43641,player,49.1,21.36,tracking
711,16,-1,ball,22.5100002288818,49.1199989318848,tracking
711,17,43641,player,49.19,21.22,tracking
711,17,-1,ball,22.5100002288818,49.1199989318848,tracking
711,18,43641,player,49.26,21.06,tracking
711,18,-1,ball,22.5100002288818,49.1199989318848,tracking
711,19,43641,player,49.3,20.87,tracking
711,19,-1,ball,22.5100002288818,49.1199989318848,tracking
711,20,43641,player,49.31,20.66,tracking
711,20,-1,ball,22.5100002288818,49.1199989318848,tracking
711,21,43641,player,49.3,20.45,tracking
711,21,-1,ball,22.5100002288818,49.1199989318848,tracking
711,22,43641,player,49.26,20.22,tracking
711,22,-1,ball,22.5100002288818,49.1199989318848,tracking
711,23,43641,player,49.19,20.01,tracking
711,23,-1,ball,22.5100002288818,49.1199989318848,tracking
711,13,52500,player,49.95,45.45,tracking
711,13,-1,ball,22.5100002288818,49.1199989318848,tracking
711,14,52500,player,49.41,45.62,tracking
711,14,-1,ball,22.5100002288818,49.1199989318848,tracking
711,15,52500,player,48.82,45.79,tracking
711,15,-1,ball,22.5100002288818,49.1199989318848,tracking
711,16,52500,player,48.21,45.95,tracking
711,16,-1,ball,22.5100002288818,49.1199989318848,tracking
711,17,52500,player,47.56,46.12,tracking
711,17,-1,ball,22.5100002288818,49.1199989318848,tracking
711,18,52500,player,46.9,46.29,tracking
711,18,-1,ball,22.5100002288818,49.1199989318848,tracking
711,19,52500,player,46.21,46.47,tracking
711,19,-1,ball,22.5100002288818,49.1199989318848,tracking
711,20,52500,player,45.5,46.67,tracking
711,20,-1,ball,22.5100002288818,49.1199989318848,tracking
711,21,52500,player,44.78,46.86,tracking
711,21,-1,ball,22.5100002288818,49.1199989318848,tracking
711,22,52500,player,44.05,47.07,tracking
711,22,-1,ball,22.5100002288818,49.1199989318848,tracking
711,23,52500,player,43.32,47.28,tracking
711,23,-1,ball,22.5100002288818,49.1199989318848,tracking
711,13,53456,player,49.94,10.13,tracking
711,13,-1,ball,22.5100002288818,49.1199989318848,tracking
711,14,53456,player,49.61,10.08,tracking
711,14,-1,ball,22.5100002288818,49.1199989318848,tracking
711,15,53456,player,49.27,9.98,tracking
711,15,-1,ball,22.5100002288818,49.1199989318848,tracking
711,16,53456,player,48.91,9.83,tracking
711,16,-1,ball,22.5100002288818,49.1199989318848,tracking
711,17,53456,player,48.54,9.63,tracking
711,17,-1,ball,22.5100002288818,49.1199989318848,tracking
711,18,53456,player,48.14,9.38,tracking
711,18,-1,ball,22.5100002288818,49.1199989318848,tracking
711,19,53456,player,47.71,9.1,tracking
711,19,-1,ball,22.5100002288818,49.1199989318848,tracking
711,20,53456,player,47.25,8.79,tracking
711,20,-1,ball,22.5100002288818,49.1199989318848,tracking
711,21,53456,player,46.75,8.45,tracking
711,21,-1,ball,22.5100002288818,49.1199989318848,tracking
711,22,53456,player,46.21,8.1,tracking
711,22,-1,ball,22.5100002288818,49.1199989318848,tracking
711,23,53456,player,45.64,7.76,tracking
711,23,-1,ball,22.5100002288818,49.1199989318848,tracking
711,13,55886,player,49.42,38.27,tracking
711,13,-1,ball,22.5100002288818,49.1199989318848,tracking
711,14,55886,player,48.94,38.42,tracking
711,14,-1,ball,22.5100002288818,49.1199989318848,tracking
711,15,55886,player,48.43,38.57,tracking
711,15,-1,ball,22.5100002288818,49.1199989318848,tracking
711,16,55886,player,47.86,38.71,tracking
711,16,-1,ball,22.5100002288818,49.1199989318848,tracking
711,17,55886,player,47.26,38.85,tracking
711,17,-1,ball,22.5100002288818,49.1199989318848,tracking
711,18,55886,player,46.64,38.98,tracking
711,18,-1,ball,22.5100002288818,49.1199989318848,tracking
711,19,55886,player,45.98,39.1,tracking
711,19,-1,ball,22.5100002288818,49.1199989318848,tracking
711,20,55886,player,45.29,39.22,tracking
711,20,-1,ball,22.5100002288818,49.1199989318848,tracking
711,21,55886,player,44.57,39.32,tracking
711,21,-1,ball,22.5100002288818,49.1199989318848,tracking
711,22,55886,player,43.83,39.41,tracking
711,22,-1,ball,22.5100002288818,49.1199989318848,tracking
711,23,55886,player,43.07,39.5,tracking
711,23,-1,ball,22.5100002288818,49.1199989318848,tracking
3796,13,53533,player,64.13,44.27,tracking
3796,13,-1,ball,67.1399993896484,4.69999980926514,tracking
3796,14,53533,player,64.64,44.38,tracking
3796,14,-1,ball,67.1399993896484,4.69999980926514,tracking
3796,15,53533,player,65.17,44.5,tracking
3796,15,-1,ball,67.1399993896484,4.69999980926514,tracking
3796,16,53533,player,65.72,44.63,tracking
3796,16,-1,ball,67.1399993896484,4.69999980926514,tracking
3796,17,53533,player,66.3,44.78,tracking
3796,17,-1,ball,67.1399993896484,4.69999980926514,tracking
3796,18,53533,player,66.9,44.94,tracking
3796,18,-1,ball,67.1399993896484,4.69999980926514,tracking
3796,19,53533,player,67.52,45.12,tracking
3796,19,-1,ball,67.1399993896484,4.69999980926514,tracking
3796,20,53533,player,68.16,45.32,tracking
3796,20,-1,ball,67.1399993896484,4.69999980926514,tracking
3796,21,53533,player,68.82,45.53,tracking
3796,21,-1,ball,67.1399993896484,4.69999980926514,tracking
3796,22,53533,player,69.48,45.75,tracking
3796,22,-1,ball,67.1399993896484,4.69999980926514,tracking
3796,23,53533,player,70.16,45.98,tracking
3796,23,-1,ball,67.1399993896484,4.69999980926514,tracking
3796,13,42393,player,67.82,10.53,tracking
3796,13,-1,ball,67.1399993896484,4.69999980926514,tracking
3796,14,42393,player,68.14,10.45,tracking
3796,14,-1,ball,67.1399993896484,4.69999980926514,tracking
3796,15,42393,player,68.47,10.39,tracking
3796,15,-1,ball,67.1399993896484,4.69999980926514,tracking
3796,16,42393,player,68.8,10.31,tracking
3796,16,-1,ball,67.1399993896484,4.69999980926514,tracking
3796,17,42393,player,69.14,10.22,tracking
3796,17,-1,ball,67.1399993896484,4.69999980926514,tracking
3796,18,42393,player,69.46,10.13,tracking
3796,18,-1,ball,67.1399993896484,4.69999980926514,tracking
3796,19,42393,player,69.77,9.99,tracking
3796,19,-1,ball,67.1399993896484,4.69999980926514,tracking
3796,20,42393,player,70.06,9.83,tracking
3796,20,-1,ball,67.1399993896484,4.69999980926514,tracking
3796,21,42393,player,70.31,9.63,tracking
3796,21,-1,ball,67.1399993896484,4.69999980926514,tracking
3796,22,42393,player,70.54,9.41,tracking
3796,22,-1,ball,67.1399993896484,4.69999980926514,tracking
3796,23,42393,player,70.72,9.12,tracking
3796,23,-1,ball,67.1399993896484,4.69999980926514,tracking
3796,13,53434,player,61.99,44.62,tracking
3796,13,-1,ball,67.1399993896484,4.69999980926514,tracking
3796,14,53434,player,62.62,44.78,tracking
3796,14,-1,ball,67.1399993896484,4.69999980926514,tracking
3796,15,53434,player,63.29,44.95,tracking
3796,15,-1,ball,67.1399993896484,4.69999980926514,tracking
3796,16,53434,player,63.98,45.14,tracking
3796,16,-1,ball,67.1399993896484,4.69999980926514,tracking
3796,17,53434,player,64.7,45.33,tracking
3796,17,-1,ball,67.1399993896484,4.69999980926514,tracking
3796,18,53434,player,65.43,45.53,tracking
3796,18,-1,ball,67.1399993896484,4.69999980926514,tracking
3796,19,53434,player,66.18,45.75,tracking
3796,19,-1,ball,67.1399993896484,4.69999980926514,tracking
3796,20,53434,player,66.95,45.98,tracking
3796,20,-1,ball,67.1399993896484,4.69999980926514,tracking
3796,21,53434,player,67.73,46.23,tracking
3796,21,-1,ball,67.1399993896484,4.69999980926514,tracking
3796,22,53434,player,68.5,46.48,tracking
3796,22,-1,ball,67.1399993896484,4.69999980926514,tracking
3796,23,53434,player,69.28,46.74,tracking
3796,23,-1,ball,67.1399993896484,4.69999980926514,tracking
3796,13,43344,player,61.0,36.14,tracking
3796,13,-1,ball,67.1399993896484,4.69999980926514,tracking
3796,14,43344,player,61.43,36.36,tracking
3796,14,-1,ball,67.1399993896484,4.69999980926514,tracking
3796,15,43344,player,61.85,36.59,tracking
3796,15,-1,ball,67.1399993896484,4.69999980926514,tracking
3796,16,43344,player,62.26,36.84,tracking
3796,16,-1,ball,67.1399993896484,4.69999980926514,tracking
3796,17,43344,player,62.64,37.11,tracking
3796,17,-1,ball,67.1399993896484,4.69999980926514,tracking
3796,18,43344,player,62.99,37.41,tracking
3796,18,-1,ball,67.1399993896484,4.69999980926514,tracking
3796,19,43344,player,63.32,37.75,tracking
3796,19,-1,ball,67.1399993896484,4.69999980926514,tracking
3796,20,43344,player,63.62,38.14,tracking
3796,20,-1,ball,67.1399993896484,4.69999980926514,tracking
3796,21,43344,player,63.89,38.57,tracking
3796,21,-1,ball,67.1399993896484,4.69999980926514,tracking
3796,22,43344,player,64.12,39.04,tracking
3796,22,-1,ball,67.1399993896484,4.69999980926514,tracking
3796,23,43344,player,64.32,39.54,tracking
3796,23,-1,ball,67.1399993896484,4.69999980926514,tracking
3796,13,52441,player,62.61,10.76,tracking
3796,13,-1,ball,67.1399993896484,4.69999980926514,tracking
3796,14,52441,player,63.23,10.67,tracking
3796,14,-1,ball,67.1399993896484,4.69999980926514,tracking
3796,15,52441,player,63.87,10.57,tracking
3796,15,-1,ball,67.1399993896484,4.69999980926514,tracking
3796,16,52441,player,64.51,10.46,tracking
3796,16,-1,ball,67.1399993896484,4.69999980926514,tracking
3796,17,52441,player,65.13,10.33,tracking
3796,17,-1,ball,67.1399993896484,4.69999980926514,tracking
3796,18,52441,player,65.75,10.18,tracking
3796,18,-1,ball,67.1399993896484,4.69999980926514,tracking
3796,19,52441,player,66.34,10.0,tracking
3796,19,-1,ball,67.1399993896484,4.69999980926514,tracking
3796,20,52441,player,66.89,9.78,tracking
3796,20,-1,ball,67.1399993896484,4.69999980926514,tracking
3796,21,52441,player,67.41,9.52,tracking
3796,21,-1,ball,67.1399993896484,4.69999980926514,tracking
3796,22,52441,player,67.89,9.2,tracking
3796,22,-1,ball,67.1399993896484,4.69999980926514,tracking
3796,23,52441,player,68.32,8.85,tracking
3796,23,-1,ball,67.1399993896484,4.69999980926514,tracking
3644,15,54980,player,25.28,13.76,tracking
3644,15,-1,ball,21.3799991607666,49.5099983215332,tracking
3644,16,54980,player,25.04,13.57,tracking
3644,16,-1,ball,21.3799991607666,49.5099983215332,tracking
3644,17,54980,player,24.78,13.38,tracking
3644,17,-1,ball,21.3799991607666,49.5099983215332,tracking
3644,18,54980,player,24.49,13.19,tracking
3644,18,-1,ball,21.3799991607666,49.5099983215332,tracking
3644,19,54980,player,24.19,13.0,tracking
3644,19,-1,ball,21.3799991607666,49.5099983215332,tracking
3644,20,54980,player,23.87,12.81,tracking
3644,20,-1,ball,21.3799991607666,49.5099983215332,tracking
3644,21,54980,player,23.54,12.62,tracking
3644,21,-1,ball,21.3799991607666,49.5099983215332,tracking
3644,22,54980,player,23.23,12.43,tracking
3644,22,-1,ball,21.3799991607666,49.5099983215332,tracking
3644,23,54980,player,22.91,12.22,tracking
3644,23,-1,ball,21.3799991607666,49.5099983215332,tracking
3644,24,54980,player,22.61,12.01,tracking
3644,24,-1,ball,21.3799991607666,49.5099983215332,tracking
3644,25,54980,player,22.31,11.79,tracking
3644,25,-1,ball,21.3799991607666,49.5099983215332,tracking
3644,15,55137,player,24.68,38.21,tracking
3644,15,-1,ball,21.3799991607666,49.5099983215332,tracking
3644,16,55137,player,24.39,38.36,tracking
3644,16,-1,ball,21.3799991607666,49.5099983215332,tracking
3644,17,55137,player,24.07,38.51,tracking
3644,17,-1,ball,21.3799991607666,49.5099983215332,tracking
3644,18,55137,player,23.74,38.65,tracking
3644,18,-1,ball,21.3799991607666,49.5099983215332,tracking
3644,19,55137,player,23.4,38.78,tracking
3644,19,-1,ball,21.3799991607666,49.5099983215332,tracking
3644,20,55137,player,23.05,38.92,tracking
3644,20,-1,ball,21.3799991607666,49.5099983215332,tracking
3644,21,55137,player,22.69,39.05,tracking
3644,21,-1,ball,21.3799991607666,49.5099983215332,tracking
3644,22,55137,player,22.33,39.19,tracking
3644,22,-1,ball,21.3799991607666,49.5099983215332,tracking
3644,23,55137,player,21.98,39.34,tracking
3644,23,-1,ball,21.3799991607666,49.5099983215332,tracking
3644,24,55137,player,21.63,39.5,tracking
3644,24,-1,ball,21.3799991607666,49.5099983215332,tracking
3644,25,55137,player,21.29,39.69,tracking
3644,25,-1,ball,21.3799991607666,49.5099983215332,tracking
3644,15,45287,player,29.18,18.22,tracking
3644,15,-1,ball,21.3799991607666,49.5099983215332,tracking
3644,16,45287,player,28.97,18.07,tracking
3644,16,-1,ball,21.3799991607666,49.5099983215332,tracking
3644,17,45287,player,28.73,17.93,tracking
3644,17,-1,ball,21.3799991607666,49.5099983215332,tracking
3644,18,45287,player,28.45,17.81,tracking
3644,18,-1,ball,21.3799991607666,49.5099983215332,tracking
3644,19,45287,player,28.12,17.7,tracking
3644,19,-1,ball,21.3799991607666,49.5099983215332,tracking
3644,20,45287,player,27.74,17.61,tracking
3644,20,-1,ball,21.3799991607666,49.5099983215332,tracking
3644,21,45287,player,27.33,17.53,tracking
3644,21,-1,ball,21.3799991607666,49.5099983215332,tracking
3644,22,45287,player,26.87,17.48,tracking
3644,22,-1,ball,21.3799991607666,49.5099983215332,tracking
3644,23,45287,player,26.37,17.44,tracking
3644,23,-1,ball,21.3799991607666,49.5099983215332,tracking
3644,24,45287,player,25.85,17.42,tracking
3644,24,-1,ball,21.3799991607666,49.5099983215332,tracking
3644,25,45287,player,25.3,17.4,tracking
3644,25,-1,ball,21.3799991607666,49.5099983215332,tracking
3644,15,53518,player,30.19,15.1,tracking
3644,15,-1,ball,21.3799991607666,49.5099983215332,tracking
3644,16,53518,player,29.62,14.82,tracking
3644,16,-1,ball,21.3799991607666,49.5099983215332,tracking
3644,17,53518,player,29.05,14.55,tracking
3644,17,-1,ball,21.3799991607666,49.5099983215332,tracking
3644,18,53518,player,28.48,14.25,tracking
3644,18,-1,ball,21.3799991607666,49.5099983215332,tracking
3644,19,53518,player,27.93,13.94,tracking
3644,19,-1,ball,21.3799991607666,49.5099983215332,tracking
3644,20,53518,player,27.41,13.61,tracking
3644,20,-1,ball,21.3799991607666,49.5099983215332,tracking
3644,21,53518,player,26.92,13.25,tracking
3644,21,-1,ball,21.3799991607666,49.5099983215332,tracking
3644,22,53518,player,26.47,12.86,tracking
3644,22,-1,ball,21.3799991607666,49.5099983215332,tracking
3644,23,53518,player,26.06,12.44,tracking
3644,23,-1,ball,21.3799991607666,49.5099983215332,tracking
3644,24,53518,player,25.69,11.99,tracking
3644,24,-1,ball,21.3799991607666,49.5099983215332,tracking
3644,25,53518,player,25.37,11.52,tracking
3644,25,-1,ball,21.3799991607666,49.5099983215332,tracking
3644,15,56070,player,32.14,19.22,tracking
3644,15,-1,ball,21.3799991607666,49.5099983215332,tracking
3644,16,56070,player,31.61,19.06,tracking
3644,16,-1,ball,21.3799991607666,49.5099983215332,tracking
3644,17,56070,player,31.04,18.91,tracking
3644,17,-1,ball,21.3799991607666,49.5099983215332,tracking
3644,18,56070,player,30.43,18.77,tracking
3644,18,-1,ball,21.3799991607666,49.5099983215332,tracking
3644,19,56070,player,29.78,18.65,tracking
3644,19,-1,ball,21.3799991607666,49.5099983215332,tracking
3644,20,56070,player,29.11,18.54,tracking
3644,20,-1,ball,21.3799991607666,49.5099983215332,tracking
3644,21,56070,player,28.41,18.44,tracking
3644,21,-1,ball,21.3799991607666,49.5099983215332,tracking
3644,22,56070,player,27.7,18.37,tracking
3644,22,-1,ball,21.3799991607666,49.5099983215332,tracking
3644,23,56070,player,26.96,18.32,tracking
3644,23,-1,ball,21.3799991607666,49.5099983215332,tracking
3644,24,56070,player,26.22,18.28,tracking
3644,24,-1,ball,21.3799991607666,49.5099983215332,tracking
3644,25,56070,player,25.46,18.24,tracking
3644,25,-1,ball,21.3799991607666,49.5099983215332,tracking
3644,15,55934,player,29.62,36.81,tracking
3644,15,-1,ball,21.3799991607666,49.5099983215332,tracking
3644,16,55934,player,29.02,37.05,tracking
3644,16,-1,ball,21.3799991607666,49.5099983215332,tracking
3644,17,55934,player,28.4,37.3,tracking
3644,17,-1,ball,21.3799991607666,49.5099983215332,tracking
3644,18,55934,player,27.76,37.56,tracking
3644,18,-1,ball,21.3799991607666,49.5099983215332,tracking
3644,19,55934,player,27.11,37.83,tracking
3644,19,-1,ball,21.3799991607666,49.5099983215332,tracking
3644,20,55934,player,26.46,38.12,tracking
3644,20,-1,ball,21.3799991607666,49.5099983215332,tracking
3644,21,55934,player,25.81,38.42,tracking
3644,21,-1,ball,21.3799991607666,49.5099983215332,tracking
3644,22,55934,player,25.18,38.75,tracking
3644,22,-1,ball,21.3799991607666,49.5099983215332,tracking
3644,23,55934,player,24.57,39.11,tracking
3644,23,-1,ball,21.3799991607666,49.5099983215332,tracking
3644,24,55934,player,24.01,39.53,tracking
3644,24,-1,ball,21.3799991607666,49.5099983215332,tracking
3644,25,55934,player,23.49,40.01,tracking
3644,25,-1,ball,21.3799991607666,49.5099983215332,tracking
4327,35,54980,player,61.33,9.26,tracking
4327,35,-1,ball,68.370002746582,37.2999992370605,tracking
4327,36,54980,player,60.75,9.46,tracking
4327,36,-1,ball,68.370002746582,37.2999992370605,tracking
4327,37,54980,player,60.16,9.69,tracking
4327,37,-1,ball,68.370002746582,37.2999992370605,tracking
4327,38,54980,player,59.58,9.94,tracking
4327,38,-1,ball,68.370002746582,37.2999992370605,tracking
4327,39,54980,player,59.0,10.2,tracking
4327,39,-1,ball,68.370002746582,37.2999992370605,tracking
4327,40,54980,player,58.41,10.48,tracking
4327,40,-1,ball,68.370002746582,37.2999992370605,tracking
4327,41,54980,player,57.84,10.76,tracking
4327,41,-1,ball,68.370002746582,37.2999992370605,tracking
4327,42,54980,player,57.27,11.04,tracking
4327,42,-1,ball,68.370002746582,37.2999992370605,tracking
4327,43,54980,player,56.71,11.32,tracking
4327,43,-1,ball,68.370002746582,37.2999992370605,tracking
4327,44,54980,player,56.16,11.58,tracking
4327,44,-1,ball,68.370002746582,37.2999992370605,tracking
4327,45,54980,player,55.62,11.83,tracking
4327,45,-1,ball,68.370002746582,37.2999992370605,tracking
4327,35,55137,player,63.92,43.07,tracking
4327,35,-1,ball,68.370002746582,37.2999992370605,tracking
4327,36,55137,player,63.9,42.88,tracking
4327,36,-1,ball,68.370002746582,37.2999992370605,tracking
4327,37,55137,player,63.94,42.68,tracking
4327,37,-1,ball,68.370002746582,37.2999992370605,tracking
4327,38,55137,player,64.03,42.45,tracking
4327,38,-1,ball,68.370002746582,37.2999992370605,tracking
4327,39,55137,player,64.17,42.21,tracking
4327,39,-1,ball,68.370002746582,37.2999992370605,tracking
4327,40,55137,player,64.37,41.95,tracking
4327,40,-1,ball,68.370002746582,37.2999992370605,tracking
4327,41,55137,player,64.6,41.69,tracking
4327,41,-1,ball,68.370002746582,37.2999992370605,tracking
4327,42,55137,player,64.85,41.42,tracking
4327,42,-1,ball,68.370002746582,37.2999992370605,tracking
4327,43,55137,player,65.12,41.15,tracking
4327,43,-1,ball,68.370002746582,37.2999992370605,tracking
4327,44,55137,player,65.4,40.89,tracking
4327,44,-1,ball,68.370002746582,37.2999992370605,tracking
4327,45,55137,player,65.67,40.62,tracking
4327,45,-1,ball,68.370002746582,37.2999992370605,tracking
4327,35,45287,player,66.53,14.56,tracking
4327,35,-1,ball,68.370002746582,37.2999992370605,tracking
4327,36,45287,player,66.46,14.34,tracking
4327,36,-1,ball,68.370002746582,37.2999992370605,tracking
4327,37,45287,player,66.45,14.12,tracking
4327,37,-1,ball,68.370002746582,37.2999992370605,tracking
4327,38,45287,player,66.48,13.89,tracking
4327,38,-1,ball,68.370002746582,37.2999992370605,tracking
4327,39,45287,player,66.55,13.67,tracking
4327,39,-1,ball,68.370002746582,37.2999992370605,tracking
4327,40,45287,player,66.67,13.44,tracking
4327,40,-1,ball,68.370002746582,37.2999992370605,tracking
4327,41,45287,player,66.83,13.22,tracking
4327,41,-1,ball,68.370002746582,37.2999992370605,tracking
4327,42,45287,player,67.0,13.01,tracking
4327,42,-1,ball,68.370002746582,37.2999992370605,tracking
4327,43,45287,player,67.19,12.8,tracking
4327,43,-1,ball,68.370002746582,37.2999992370605,tracking
4327,44,45287,player,67.39,12.61,tracking
4327,44,-1,ball,68.370002746582,37.2999992370605,tracking
4327,45,45287,player,67.58,12.44,tracking
4327,45,-1,ball,68.370002746582,37.2999992370605,tracking
4327,35,39989,player,66.5,25.62,tracking
4327,35,-1,ball,68.370002746582,37.2999992370605,tracking
4327,36,39989,player,66.15,25.82,tracking
4327,36,-1,ball,68.370002746582,37.2999992370605,tracking
4327,37,39989,player,65.83,26.01,tracking
4327,37,-1,ball,68.370002746582,37.2999992370605,tracking
4327,38,39989,player,65.55,26.18,tracking
4327,38,-1,ball,68.370002746582,37.2999992370605,tracking
4327,39,39989,player,65.31,26.34,tracking
4327,39,-1,ball,68.370002746582,37.2999992370605,tracking
4327,40,39989,player,65.09,26.48,tracking
4327,40,-1,ball,68.370002746582,37.2999992370605,tracking
4327,41,39989,player,64.88,26.61,tracking
4327,41,-1,ball,68.370002746582,37.2999992370605,tracking
4327,42,39989,player,64.68,26.76,tracking
4327,42,-1,ball,68.370002746582,37.2999992370605,tracking
4327,43,39989,player,64.48,26.92,tracking
4327,43,-1,ball,68.370002746582,37.2999992370605,tracking
4327,44,39989,player,64.27,27.11,tracking
4327,44,-1,ball,68.370002746582,37.2999992370605,tracking
4327,45,39989,player,64.07,27.32,tracking
4327,45,-1,ball,68.370002746582,37.2999992370605,tracking
4327,35,55934,player,63.56,15.1,tracking
4327,35,-1,ball,68.370002746582,37.2999992370605,tracking
4327,36,55934,player,62.74,15.23,tracking
4327,36,-1,ball,68.370002746582,37.2999992370605,tracking
4327,37,55934,player,61.92,15.38,tracking
4327,37,-1,ball,68.370002746582,37.2999992370605,tracking
4327,38,55934,player,61.12,15.52,tracking
4327,38,-1,ball,68.370002746582,37.2999992370605,tracking
4327,39,55934,player,60.34,15.66,tracking
4327,39,-1,ball,68.370002746582,37.2999992370605,tracking
4327,40,55934,player,59.58,15.78,tracking
4327,40,-1,ball,68.370002746582,37.2999992370605,tracking
4327,41,55934,player,58.84,15.88,tracking
4327,41,-1,ball,68.370002746582,37.2999992370605,tracking
4327,42,55934,player,58.13,15.95,tracking
4327,42,-1,ball,68.370002746582,37.2999992370605,tracking
4327,43,55934,player,57.45,15.99,tracking
4327,43,-1,ball,68.370002746582,37.2999992370605,tracking
4327,44,55934,player,56.8,16.01,tracking
4327,44,-1,ball,68.370002746582,37.2999992370605,tracking
4327,45,55934,player,56.19,16.02,tracking
4327,45,-1,ball,68.370002746582,37.2999992370605,tracking
4327,35,56070,player,66.46,41.61,tracking
4327,35,-1,ball,68.370002746582,37.2999992370605,tracking
4327,36,56070,player,66.07,41.55,tracking
4327,36,-1,ball,68.370002746582,37.2999992370605,tracking
4327,37,56070,player,65.74,41.46,tracking
4327,37,-1,ball,68.370002746582,37.2999992370605,tracking
4327,38,56070,player,65.49,41.35,tracking
4327,38,-1,ball,68.370002746582,37.2999992370605,tracking
4327,39,56070,player,65.3,41.22,tracking
4327,39,-1,ball,68.370002746582,37.2999992370605,tracking
4327,40,56070,player,65.19,41.07,tracking
4327,40,-1,ball,68.370002746582,37.2999992370605,tracking
4327,41,56070,player,65.15,40.9,tracking
4327,41,-1,ball,68.370002746582,37.2999992370605,tracking
4327,42,56070,player,65.17,40.72,tracking
4327,42,-1,ball,68.370002746582,37.2999992370605,tracking
4327,43,56070,player,65.25,40.52,tracking
4327,43,-1,ball,68.370002746582,37.2999992370605,tracking
4327,44,56070,player,65.35,40.33,tracking
4327,44,-1,ball,68.370002746582,37.2999992370605,tracking
4327,45,56070,player,65.48,40.14,tracking
4327,45,-1,ball,68.370002746582,37.2999992370605,tracking
676,21,52458,player,61.38,10.99,tracking
676,21,-1,ball,65.2699966430664,22.4300003051758,tracking
676,22,52458,player,61.91,11.05,tracking
676,22,-1,ball,65.2699966430664,22.4300003051758,tracking
676,23,52458,player,62.46,11.11,tracking
676,23,-1,ball,65.2699966430664,22.4300003051758,tracking
676,24,52458,player,63.02,11.18,tracking
676,24,-1,ball,65.2699966430664,22.4300003051758,tracking
676,25,52458,player,63.59,11.27,tracking
676,25,-1,ball,65.2699966430664,22.4300003051758,tracking
676,26,52458,player,64.16,11.38,tracking
676,26,-1,ball,65.2699966430664,22.4300003051758,tracking
676,27,52458,player,64.74,11.52,tracking
676,27,-1,ball,65.2699966430664,22.4300003051758,tracking
676,28,52458,player,65.32,11.69,tracking
676,28,-1,ball,65.2699966430664,22.4300003051758,tracking
676,29,52458,player,65.9,11.9,tracking
676,29,-1,ball,65.2699966430664,22.4300003051758,tracking
676,30,52458,player,66.47,12.15,tracking
676,30,-1,ball,65.2699966430664,22.4300003051758,tracking
676,31,52458,player,67.03,12.46,tracking
676,31,-1,ball,65.2699966430664,22.4300003051758,tracking
676,21,55921,player,52.96,43.61,tracking
676,21,-1,ball,65.2699966430664,22.4300003051758,tracking
676,22,55921,player,53.46,43.74,tracking
676,22,-1,ball,65.2699966430664,22.4300003051758,tracking
676,23,55921,player,53.98,43.84,tracking
676,23,-1,ball,65.2699966430664,22.4300003051758,tracking
676,24,55921,player,54.51,43.91,tracking
676,24,-1,ball,65.2699966430664,22.4300003051758,tracking
676,25,55921,player,55.05,43.95,tracking
676,25,-1,ball,65.2699966430664,22.4300003051758,tracking
676,26,55921,player,55.6,43.97,tracking
676,26,-1,ball,65.2699966430664,22.4300003051758,tracking
676,27,55921,player,56.16,43.94,tracking
676,27,-1,ball,65.2699966430664,22.4300003051758,tracking
676,28,55921,player,56.7,43.89,tracking
676,28,-1,ball,65.2699966430664,22.4300003051758,tracking
676,29,55921,player,57.24,43.82,tracking
676,29,-1,ball,65.2699966430664,22.4300003051758,tracking
676,30,55921,player,57.76,43.72,tracking
676,30,-1,ball,65.2699966430664,22.4300003051758,tracking
676,31,55921,player,58.27,43.61,tracking
676,31,-1,ball,65.2699966430664,22.4300003051758,tracking
676,21,41233,player,53.08,44.38,tracking
676,21,-1,ball,65.2699966430664,22.4300003051758,tracking
676,22,41233,player,53.63,44.49,tracking
676,22,-1,ball,65.2699966430664,22.4300003051758,tracking
676,23,41233,player,54.2,44.57,tracking
676,23,-1,ball,65.2699966430664,22.4300003051758,tracking
676,24,41233,player,54.79,44.61,tracking
676,24,-1,ball,65.2699966430664,22.4300003051758,tracking
676,25,41233,player,55.39,44.6,tracking
676,25,-1,ball,65.2699966430664,22.4300003051758,tracking
676,26,41233,player,56.0,44.55,tracking
676,26,-1,ball,65.2699966430664,22.4300003051758,tracking
676,27,41233,player,56.6,44.47,tracking
676,27,-1,ball,65.2699966430664,22.4300003051758,tracking
676,28,41233,player,57.17,44.34,tracking
676,28,-1,ball,65.2699966430664,22.4300003051758,tracking
676,29,41233,player,57.74,44.2,tracking
676,29,-1,ball,65.2699966430664,22.4300003051758,tracking
676,30,41233,player,58.3,44.03,tracking
676,30,-1,ball,65.2699966430664,22.4300003051758,tracking
676,31,41233,player,58.84,43.84,tracking
676,31,-1,ball,65.2699966430664,22.4300003051758,tracking
676,21,56056,player,56.63,18.9,tracking
676,21,-1,ball,65.2699966430664,22.4300003051758,tracking
676,22,56056,player,57.4,19.11,tracking
676,22,-1,ball,65.2699966430664,22.4300003051758,tracking
676,23,56056,player,58.18,19.36,tracking
676,23,-1,ball,65.2699966430664,22.4300003051758,tracking
676,24,56056,player,58.96,19.65,tracking
676,24,-1,ball,65.2699966430664,22.4300003051758,tracking
676,25,56056,player,59.74,19.96,tracking
676,25,-1,ball,65.2699966430664,22.4300003051758,tracking
676,26,56056,player,60.52,20.32,tracking
676,26,-1,ball,65.2699966430664,22.4300003051758,tracking
676,27,56056,player,61.29,20.72,tracking
676,27,-1,ball,65.2699966430664,22.4300003051758,tracking
676,28,56056,player,62.05,21.15,tracking
676,28,-1,ball,65.2699966430664,22.4300003051758,tracking
676,29,56056,player,62.81,21.6,tracking
676,29,-1,ball,65.2699966430664,22.4300003051758,tracking
676,30,56056,player,63.54,22.09,tracking
676,30,-1,ball,65.2699966430664,22.4300003051758,tracking
676,31,56056,player,64.27,22.61,tracking
676,31,-1,ball,65.2699966430664,22.4300003051758,tracking
676,21,44896,player,57.21,11.56,tracking
676,21,-1,ball,65.2699966430664,22.4300003051758,tracking
676,22,44896,player,57.97,11.63,tracking
676,22,-1,ball,65.2699966430664,22.4300003051758,tracking
676,23,44896,player,58.74,11.7,tracking
676,23,-1,ball,65.2699966430664,22.4300003051758,tracking
676,24,44896,player,59.52,11.79,tracking
676,24,-1,ball,65.2699966430664,22.4300003051758,tracking
676,25,44896,player,60.3,11.89,tracking
676,25,-1,ball,65.2699966430664,22.4300003051758,tracking
676,26,44896,player,61.08,12.04,tracking
676,26,-1,ball,65.2699966430664,22.4300003051758,tracking
676,27,44896,player,61.84,12.21,tracking
676,27,-1,ball,65.2699966430664,22.4300003051758,tracking
676,28,44896,player,62.59,12.42,tracking
676,28,-1,ball,65.2699966430664,22.4300003051758,tracking
676,29,44896,player,63.31,12.68,tracking
676,29,-1,ball,65.2699966430664,22.4300003051758,tracking
676,30,44896,player,63.99,12.98,tracking
676,30,-1,ball,65.2699966430664,22.4300003051758,tracking
676,31,44896,player,64.64,13.33,tracking
676,31,-1,ball,65.2699966430664,22.4300003051758,tracking
1882,18,46310,player,26.34,16.0,tracking
1882,18,-1,ball,4.21000003814697,52.1500015258789,tracking
1882,19,46310,player,26.31,15.65,tracking
1882,19,-1,ball,4.21000003814697,52.1500015258789,tracking
1882,20,46310,player,26.27,15.3,tracking
1882,20,-1,ball,4.21000003814697,52.1500015258789,tracking
1882,21,46310,player,26.24,14.95,tracking
1882,21,-1,ball,4.21000003814697,52.1500015258789,tracking
1882,22,46310,player,26.2,14.6,tracking
1882,22,-1,ball,4.21000003814697,52.1500015258789,tracking
1882,23,46310,player,26.15,14.27,tracking
1882,23,-1,ball,4.21000003814697,52.1500015258789,tracking
1882,24,46310,player,26.1,13.94,tracking
1882,24,-1,ball,4.21000003814697,52.1500015258789,tracking
1882,25,46310,player,26.05,13.63,tracking
1882,25,-1,ball,4.21000003814697,52.1500015258789,tracking
1882,26,46310,player,25.98,13.33,tracking
1882,26,-1,ball,4.21000003814697,52.1500015258789,tracking
1882,27,46310,player,25.88,13.07,tracking
1882,27,-1,ball,4.21000003814697,52.1500015258789,tracking
1882,28,46310,player,25.75,12.85,tracking
1882,28,-1,ball,4.21000003814697,52.1500015258789,tracking
1882,18,52458,player,26.04,44.87,tracking
1882,18,-1,ball,4.21000003814697,52.1500015258789,tracking
1882,19,52458,player,25.86,45.06,tracking
1882,19,-1,ball,4.21000003814697,52.1500015258789,tracking
1882,20,52458,player,25.64,45.24,tracking
1882,20,-1,ball,4.21000003814697,52.1500015258789,tracking
1882,21,52458,player,25.37,45.4,tracking
1882,21,-1,ball,4.21000003814697,52.1500015258789,tracking
1882,22,52458,player,25.05,45.54,tracking
1882,22,-1,ball,4.21000003814697,52.1500015258789,tracking
1882,23,52458,player,24.69,45.66,tracking
1882,23,-1,ball,4.21000003814697,52.1500015258789,tracking
1882,24,52458,player,24.27,45.76,tracking
1882,24,-1,ball,4.21000003814697,52.1500015258789,tracking
1882,25,52458,player,23.81,45.86,tracking
1882,25,-1,ball,4.21000003814697,52.1500015258789,tracking
1882,26,52458,player,23.32,45.95,tracking
1882,26,-1,ball,4.21000003814697,52.1500015258789,tracking
1882,27,52458,player,22.79,46.04,tracking
1882,27,-1,ball,4.21000003814697,52.1500015258789,tracking
1882,28,52458,player,22.22,46.13,tracking
1882,28,-1,ball,4.21000003814697,52.1500015258789,tracking
1882,18,55921,player,23.65,7.74,tracking
1882,18,-1,ball,4.21000003814697,52.1500015258789,tracking
1882,19,55921,player,23.52,7.6,tracking
1882,19,-1,ball,4.21000003814697,52.1500015258789,tracking
1882,20,55921,player,23.37,7.47,tracking
1882,20,-1,ball,4.21000003814697,52.1500015258789,tracking
1882,21,55921,player,23.18,7.34,tracking
1882,21,-1,ball,4.21000003814697,52.1500015258789,tracking
1882,22,55921,player,22.97,7.23,tracking
1882,22,-1,ball,4.21000003814697,52.1500015258789,tracking
1882,23,55921,player,22.73,7.14,tracking
1882,23,-1,ball,4.21000003814697,52.1500015258789,tracking
1882,24,55921,player,22.46,7.06,tracking
1882,24,-1,ball,4.21000003814697,52.1500015258789,tracking
1882,25,55921,player,22.17,7.0,tracking
1882,25,-1,ball,4.21000003814697,52.1500015258789,tracking
1882,26,55921,player,21.86,6.96,tracking
1882,26,-1,ball,4.21000003814697,52.1500015258789,tracking
1882,27,55921,player,21.54,6.93,tracking
1882,27,-1,ball,4.21000003814697,52.1500015258789,tracking
1882,28,55921,player,21.22,6.93,tracking
1882,28,-1,ball,4.21000003814697,52.1500015258789,tracking
1882,18,55075,player,27.72,14.85,tracking
1882,18,-1,ball,4.21000003814697,52.1500015258789,tracking
1882,19,55075,player,27.06,14.66,tracking
1882,19,-1,ball,4.21000003814697,52.1500015258789,tracking
1882,20,55075,player,26.4,14.49,tracking
1882,20,-1,ball,4.21000003814697,52.1500015258789,tracking
1882,21,55075,player,25.74,14.37,tracking
1882,21,-1,ball,4.21000003814697,52.1500015258789,tracking
1882,22,55075,player,25.07,14.28,tracking
1882,22,-1,ball,4.21000003814697,52.1500015258789,tracking
1882,23,55075,player,24.41,14.23,tracking
1882,23,-1,ball,4.21000003814697,52.1500015258789,tracking
1882,24,55075,player,23.75,14.24,tracking
1882,24,-1,ball,4.21000003814697,52.1500015258789,tracking
1882,25,55075,player,23.09,14.29,tracking
1882,25,-1,ball,4.21000003814697,52.1500015258789,tracking
1882,26,55075,player,22.45,14.4,tracking
1882,26,-1,ball,4.21000003814697,52.1500015258789,tracking
1882,27,55075,player,21.83,14.56,tracking
1882,27,-1,ball,4.21000003814697,52.1500015258789,tracking
1882,28,55075,player,21.22,14.76,tracking
1882,28,-1,ball,4.21000003814697,52.1500015258789,tracking
1882,18,56056,player,27.21,8.8,tracking
1882,18,-1,ball,4.21000003814697,52.1500015258789,tracking
1882,19,56056,player,26.51,8.67,tracking
1882,19,-1,ball,4.21000003814697,52.1500015258789,tracking
1882,20,56056,player,25.79,8.54,tracking
1882,20,-1,ball,4.21000003814697,52.1500015258789,tracking
1882,21,56056,player,25.06,8.43,tracking
1882,21,-1,ball,4.21000003814697,52.1500015258789,tracking
1882,22,56056,player,24.31,8.32,tracking
1882,22,-1,ball,4.21000003814697,52.1500015258789,tracking
1882,23,56056,player,23.55,8.22,tracking
1882,23,-1,ball,4.21000003814697,52.1500015258789,tracking
1882,24,56056,player,22.78,8.12,tracking
1882,24,-1,ball,4.21000003814697,52.1500015258789,tracking
1882,25,56056,player,22.01,8.04,tracking
1882,25,-1,ball,4.21000003814697,52.1500015258789,tracking
1882,26,56056,player,21.22,7.96,tracking
1882,26,-1,ball,4.21000003814697,52.1500015258789,tracking
1882,27,56056,player,20.43,7.88,tracking
1882,27,-1,ball,4.21000003814697,52.1500015258789,tracking
1882,28,56056,player,19.62,7.81,tracking
1882,28,-1,ball,4.21000003814697,52.1500015258789,tracking
1882,18,44896,player,28.39,43.96,tracking
1882,18,-1,ball,4.21000003814697,52.1500015258789,tracking
1882,19,44896,player,27.75,44.16,tracking
1882,19,-1,ball,4.21000003814697,52.1500015258789,tracking
1882,20,44896,player,27.08,44.35,tracking
1882,20,-1,ball,4.21000003814697,52.1500015258789,tracking
1882,21,44896,player,26.4,44.53,tracking
1882,21,-1,ball,4.21000003814697,52.1500015258789,tracking
1882,22,44896,player,25.71,44.7,tracking
1882,22,-1,ball,4.21000003814697,52.1500015258789,tracking
1882,23,44896,player,25.02,44.85,tracking
1882,23,-1,ball,4.21000003814697,52.1500015258789,tracking
1882,24,44896,player,24.32,44.98,tracking
1882,24,-1,ball,4.21000003814697,52.1500015258789,tracking
1882,25,44896,player,23.62,45.1,tracking
1882,25,-1,ball,4.21000003814697,52.1500015258789,tracking
1882,26,44896,player,22.91,45.21,tracking
1882,26,-1,ball,4.21000003814697,52.1500015258789,tracking
1882,27,44896,player,22.19,45.3,tracking
1882,27,-1,ball,4.21000003814697,52.1500015258789,tracking
1882,28,44896,player,21.47,45.39,tracking
1882,28,-1,ball,4.21000003814697,52.1500015258789,tracking
119,10,44830,player,65.71,10.2,tracking
119,10,-1,ball,66.5299987792969,17.0599994659424,tracking
119,11,44830,player,65.78,10.18,tracking
119,11,-1,ball,66.5299987792969,17.0599994659424,tracking
119,12,44830,player,65.85,10.17,tracking
119,12,-1,ball,66.5299987792969,17.0599994659424,tracking
119,13,44830,player,65.95,10.15,tracking
119,13,-1,ball,66.5299987792969,17.0599994659424,tracking
119,14,44830,player,66.08,10.14,tracking
119,14,-1,ball,66.5299987792969,17.0599994659424,tracking
119,15,44830,player,66.23,10.18,tracking
119,15,-1,ball,66.5299987792969,17.0599994659424,tracking
119,16,44830,player,66.36,10.24,tracking
119,16,-1,ball,66.5299987792969,17.0599994659424,tracking
119,17,44830,player,66.48,10.32,tracking
119,17,-1,ball,66.5299987792969,17.0599994659424,tracking
119,18,44830,player,66.58,10.49,tracking
119,18,-1,ball,66.5299987792969,17.0599994659424,tracking
119,19,44830,player,66.68,10.69,tracking
119,19,-1,ball,66.5299987792969,17.0599994659424,tracking
119,20,44830,player,66.76,10.93,tracking
119,20,-1,ball,66.5299987792969,17.0599994659424,tracking
119,10,55888,player,63.25,45.03,tracking
119,10,-1,ball,66.5299987792969,17.0599994659424,tracking
119,11,55888,player,63.39,45.04,tracking
119,11,-1,ball,66.5299987792969,17.0599994659424,tracking
119,12,55888,player,63.54,45.07,tracking
119,12,-1,ball,66.5299987792969,17.0599994659424,tracking
119,13,55888,player,63.72,45.11,tracking
119,13,-1,ball,66.5299987792969,17.0599994659424,tracking
119,14,55888,player,63.91,45.18,tracking
119,14,-1,ball,66.5299987792969,17.0599994659424,tracking
119,15,55888,player,64.12,45.27,tracking
119,15,-1,ball,66.5299987792969,17.0599994659424,tracking
119,16,55888,player,64.33,45.39,tracking
119,16,-1,ball,66.5299987792969,17.0599994659424,tracking
119,17,55888,player,64.57,45.53,tracking
119,17,-1,ball,66.5299987792969,17.0599994659424,tracking
119,18,55888,player,64.83,45.71,tracking
119,18,-1,ball,66.5299987792969,17.0599994659424,tracking
119,19,55888,player,65.09,45.9,tracking
119,19,-1,ball,66.5299987792969,17.0599994659424,tracking
119,20,55888,player,65.38,46.12,tracking
119,20,-1,ball,66.5299987792969,17.0599994659424,tracking
119,10,47808,player,57.66,9.39,tracking
119,10,-1,ball,66.5299987792969,17.0599994659424,tracking
119,11,47808,player,58.15,9.45,tracking
119,11,-1,ball,66.5299987792969,17.0599994659424,tracking
119,12,47808,player,58.68,9.52,tracking
119,12,-1,ball,66.5299987792969,17.0599994659424,tracking
119,13,47808,player,59.24,9.61,tracking
119,13,-1,ball,66.5299987792969,17.0599994659424,tracking
119,14,47808,player,59.81,9.73,tracking
119,14,-1,ball,66.5299987792969,17.0599994659424,tracking
119,15,47808,player,60.38,9.89,tracking
119,15,-1,ball,66.5299987792969,17.0599994659424,tracking
119,16,47808,player,60.95,10.12,tracking
119,16,-1,ball,66.5299987792969,17.0599994659424,tracking
119,17,47808,player,61.5,10.41,tracking
119,17,-1,ball,66.5299987792969,17.0599994659424,tracking
119,18,47808,player,62.03,10.75,tracking
119,18,-1,ball,66.5299987792969,17.0599994659424,tracking
119,19,47808,player,62.54,11.16,tracking
119,19,-1,ball,66.5299987792969,17.0599994659424,tracking
119,20,47808,player,63.03,11.61,tracking
119,20,-1,ball,66.5299987792969,17.0599994659424,tracking
4269,17,46757,player,60.8,16.66,tracking
4269,17,-1,ball,58.2999992370605,39.310001373291,tracking
4269,18,46757,player,61.09,16.66,tracking
4269,18,-1,ball,58.2999992370605,39.310001373291,tracking
4269,19,46757,player,61.39,16.66,tracking
4269,19,-1,ball,58.2999992370605,39.310001373291,tracking
4269,20,46757,player,61.71,16.68,tracking
4269,20,-1,ball,58.2999992370605,39.310001373291,tracking
4269,21,46757,player,62.05,16.71,tracking
4269,21,-1,ball,58.2999992370605,39.310001373291,tracking
4269,22,46757,player,62.41,16.75,tracking
4269,22,-1,ball,58.2999992370605,39.310001373291,tracking
4269,23,46757,player,62.78,16.79,tracking
4269,23,-1,ball,58.2999992370605,39.310001373291,tracking
4269,24,46757,player,63.17,16.85,tracking
4269,24,-1,ball,58.2999992370605,39.310001373291,tracking
4269,25,46757,player,63.58,16.92,tracking
4269,25,-1,ball,58.2999992370605,39.310001373291,tracking
4269,26,46757,player,64.01,16.99,tracking
4269,26,-1,ball,58.2999992370605,39.310001373291,tracking
4269,27,46757,player,64.46,17.06,tracking
4269,27,-1,ball,58.2999992370605,39.310001373291,tracking
4269,17,53601,player,61.29,44.25,tracking
4269,17,-1,ball,58.2999992370605,39.310001373291,tracking
4269,18,53601,player,61.63,44.33,tracking
4269,18,-1,ball,58.2999992370605,39.310001373291,tracking
4269,19,53601,player,61.99,44.41,tracking
4269,19,-1,ball,58.2999992370605,39.310001373291,tracking
4269,20,53601,player,62.33,44.48,tracking
4269,20,-1,ball,58.2999992370605,39.310001373291,tracking
4269,21,53601,player,62.68,44.54,tracking
4269,21,-1,ball,58.2999992370605,39.310001373291,tracking
4269,22,53601,player,63.01,44.59,tracking
4269,22,-1,ball,58.2999992370605,39.310001373291,tracking
4269,23,53601,player,63.32,44.63,tracking
4269,23,-1,ball,58.2999992370605,39.310001373291,tracking
4269,24,53601,player,63.6,44.65,tracking
4269,24,-1,ball,58.2999992370605,39.310001373291,tracking
4269,25,53601,player,63.84,44.64,tracking
4269,25,-1,ball,58.2999992370605,39.310001373291,tracking
4269,26,53601,player,64.03,44.6,tracking
4269,26,-1,ball,58.2999992370605,39.310001373291,tracking
4269,27,53601,player,64.16,44.54,tracking
4269,27,-1,ball,58.2999992370605,39.310001373291,tracking
4269,17,56042,player,53.45,18.87,tracking
4269,17,-1,ball,58.2999992370605,39.310001373291,tracking
4269,18,56042,player,54.08,18.92,tracking
4269,18,-1,ball,58.2999992370605,39.310001373291,tracking
4269,19,56042,player,54.72,18.96,tracking
4269,19,-1,ball,58.2999992370605,39.310001373291,tracking
4269,20,56042,player,55.38,19.0,tracking
4269,20,-1,ball,58.2999992370605,39.310001373291,tracking
4269,21,56042,player,56.04,19.04,tracking
4269,21,-1,ball,58.2999992370605,39.310001373291,tracking
4269,22,56042,player,56.69,19.06,tracking
4269,22,-1,ball,58.2999992370605,39.310001373291,tracking
4269,23,56042,player,57.3,19.06,tracking
4269,23,-1,ball,58.2999992370605,39.310001373291,tracking
4269,24,56042,player,57.88,19.04,tracking
4269,24,-1,ball,58.2999992370605,39.310001373291,tracking
4269,25,56042,player,58.42,19.0,tracking
4269,25,-1,ball,58.2999992370605,39.310001373291,tracking
4269,26,56042,player,58.9,18.96,tracking
4269,26,-1,ball,58.2999992370605,39.310001373291,tracking
4269,27,56042,player,59.34,18.91,tracking
4269,27,-1,ball,58.2999992370605,39.310001373291,tracking
4269,17,53486,player,52.58,39.78,tracking
4269,17,-1,ball,58.2999992370605,39.310001373291,tracking
4269,18,53486,player,52.92,40.2,tracking
4269,18,-1,ball,58.2999992370605,39.310001373291,tracking
4269,19,53486,player,53.22,40.65,tracking
4269,19,-1,ball,58.2999992370605,39.310001373291,tracking
4269,20,53486,player,53.49,41.15,tracking
4269,20,-1,ball,58.2999992370605,39.310001373291,tracking
4269,21,53486,player,53.7,41.69,tracking
4269,21,-1,ball,58.2999992370605,39.310001373291,tracking
4269,22,53486,player,53.88,42.27,tracking
4269,22,-1,ball,58.2999992370605,39.310001373291,tracking
4269,23,53486,player,54.01,42.86,tracking
4269,23,-1,ball,58.2999992370605,39.310001373291,tracking
4269,24,53486,player,54.11,43.47,tracking
4269,24,-1,ball,58.2999992370605,39.310001373291,tracking
4269,25,53486,player,54.18,44.1,tracking
4269,25,-1,ball,58.2999992370605,39.310001373291,tracking
4269,26,53486,player,54.23,44.73,tracking
4269,26,-1,ball,58.2999992370605,39.310001373291,tracking
4269,27,53486,player,54.26,45.35,tracking
4269,27,-1,ball,58.2999992370605,39.310001373291,tracking
4269,17,52465,player,55.06,40.94,tracking
4269,17,-1,ball,58.2999992370605,39.310001373291,tracking
4269,18,52465,player,55.67,41.01,tracking
4269,18,-1,ball,58.2999992370605,39.310001373291,tracking
4269,19,52465,player,56.28,41.06,tracking
4269,19,-1,ball,58.2999992370605,39.310001373291,tracking
4269,20,52465,player,56.87,41.09,tracking
4269,20,-1,ball,58.2999992370605,39.310001373291,tracking
4269,21,52465,player,57.45,41.1,tracking
4269,21,-1,ball,58.2999992370605,39.310001373291,tracking
4269,22,52465,player,57.99,41.09,tracking
4269,22,-1,ball,58.2999992370605,39.310001373291,tracking
4269,23,52465,player,58.5,41.06,tracking
4269,23,-1,ball,58.2999992370605,39.310001373291,tracking
4269,24,52465,player,58.95,41.02,tracking
4269,24,-1,ball,58.2999992370605,39.310001373291,tracking
4269,25,52465,player,59.33,40.96,tracking
4269,25,-1,ball,58.2999992370605,39.310001373291,tracking
4269,26,52465,player,59.67,40.89,tracking
4269,26,-1,ball,58.2999992370605,39.310001373291,tracking
4269,27,52465,player,59.95,40.81,tracking
4269,27,-1,ball,58.2999992370605,39.310001373291,tracking
921,13,46211,player,60.97,12.32,tracking
921,13,-1,ball,62.5099983215332,6.17999982833862,tracking
921,14,46211,player,60.71,12.49,tracking
921,14,-1,ball,62.5099983215332,6.17999982833862,tracking
921,15,46211,player,60.42,12.69,tracking
921,15,-1,ball,62.5099983215332,6.17999982833862,tracking
921,16,46211,player,60.1,12.9,tracking
921,16,-1,ball,62.5099983215332,6.17999982833862,tracking
921,17,46211,player,59.77,13.12,tracking
921,17,-1,ball,62.5099983215332,6.17999982833862,tracking
921,18,46211,player,59.42,13.34,tracking
921,18,-1,ball,62.5099983215332,6.17999982833862,tracking
921,19,46211,player,59.06,13.56,tracking
921,19,-1,ball,62.5099983215332,6.17999982833862,tracking
921,20,46211,player,58.67,13.76,tracking
921,20,-1,ball,62.5099983215332,6.17999982833862,tracking
921,21,46211,player,58.26,13.95,tracking
921,21,-1,ball,62.5099983215332,6.17999982833862,tracking
921,22,46211,player,57.83,14.1,tracking
921,22,-1,ball,62.5099983215332,6.17999982833862,tracking
921,23,46211,player,57.37,14.21,tracking
921,23,-1,ball,62.5099983215332,6.17999982833862,tracking
921,13,54469,player,64.49,37.44,tracking
921,13,-1,ball,62.5099983215332,6.17999982833862,tracking
921,14,54469,player,64.32,37.09,tracking
921,14,-1,ball,62.5099983215332,6.17999982833862,tracking
921,15,54469,player,64.13,36.68,tracking
921,15,-1,ball,62.5099983215332,6.17999982833862,tracking
921,16,54469,player,63.93,36.23,tracking
921,16,-1,ball,62.5099983215332,6.17999982833862,tracking
921,17,54469,player,63.73,35.74,tracking
921,17,-1,ball,62.5099983215332,6.17999982833862,tracking
921,18,54469,player,63.52,35.19,tracking
921,18,-1,ball,62.5099983215332,6.17999982833862,tracking
921,19,54469,player,63.29,34.6,tracking
921,19,-1,ball,62.5099983215332,6.17999982833862,tracking
921,20,54469,player,63.07,33.96,tracking
921,20,-1,ball,62.5099983215332,6.17999982833862,tracking
921,21,54469,player,62.84,33.29,tracking
921,21,-1,ball,62.5099983215332,6.17999982833862,tracking
921,22,54469,player,62.61,32.58,tracking
921,22,-1,ball,62.5099983215332,6.17999982833862,tracking
921,23,54469,player,62.39,31.85,tracking
921,23,-1,ball,62.5099983215332,6.17999982833862,tracking
921,13,54553,player,64.45,13.2,tracking
921,13,-1,ball,62.5099983215332,6.17999982833862,tracking
921,14,54553,player,63.9,13.4,tracking
921,14,-1,ball,62.5099983215332,6.17999982833862,tracking
921,15,54553,player,63.32,13.57,tracking
921,15,-1,ball,62.5099983215332,6.17999982833862,tracking
921,16,54553,player,62.71,13.71,tracking
921,16,-1,ball,62.5099983215332,6.17999982833862,tracking
921,17,54553,player,62.08,13.8,tracking
921,17,-1,ball,62.5099983215332,6.17999982833862,tracking
921,18,54553,player,61.42,13.86,tracking
921,18,-1,ball,62.5099983215332,6.17999982833862,tracking
921,19,54553,player,60.74,13.86,tracking
921,19,-1,ball,62.5099983215332,6.17999982833862,tracking
921,20,54553,player,60.05,13.83,tracking
921,20,-1,ball,62.5099983215332,6.17999982833862,tracking
921,21,54553,player,59.36,13.76,tracking
921,21,-1,ball,62.5099983215332,6.17999982833862,tracking
921,22,54553,player,58.67,13.65,tracking
921,22,-1,ball,62.5099983215332,6.17999982833862,tracking
921,23,54553,player,57.98,13.5,tracking
921,23,-1,ball,62.5099983215332,6.17999982833862,tracking
921,13,46150,player,65.64,36.52,tracking
921,13,-1,ball,62.5099983215332,6.17999982833862,tracking
921,14,46150,player,65.37,36.06,tracking
921,14,-1,ball,62.5099983215332,6.17999982833862,tracking
921,15,46150,player,65.1,35.55,tracking
921,15,-1,ball,62.5099983215332,6.17999982833862,tracking
921,16,46150,player,64.82,35.01,tracking
921,16,-1,ball,62.5099983215332,6.17999982833862,tracking
921,17,46150,player,64.54,34.44,tracking
921,17,-1,ball,62.5099983215332,6.17999982833862,tracking
921,18,46150,player,64.25,33.84,tracking
921,18,-1,ball,62.5099983215332,6.17999982833862,tracking
921,19,46150,player,63.95,33.21,tracking
921,19,-1,ball,62.5099983215332,6.17999982833862,tracking
921,20,46150,player,63.66,32.56,tracking
921,20,-1,ball,62.5099983215332,6.17999982833862,tracking
921,21,46150,player,63.38,31.89,tracking
921,21,-1,ball,62.5099983215332,6.17999982833862,tracking
921,22,46150,player,63.09,31.19,tracking
921,22,-1,ball,62.5099983215332,6.17999982833862,tracking
921,23,46150,player,62.81,30.48,tracking
921,23,-1,ball,62.5099983215332,6.17999982833862,tracking
921,13,52425,player,65.65,17.6,tracking
921,13,-1,ball,62.5099983215332,6.17999982833862,tracking
921,14,52425,player,65.21,17.41,tracking
921,14,-1,ball,62.5099983215332,6.17999982833862,tracking
921,15,52425,player,64.78,17.15,tracking
921,15,-1,ball,62.5099983215332,6.17999982833862,tracking
921,16,52425,player,64.37,16.85,tracking
921,16,-1,ball,62.5099983215332,6.17999982833862,tracking
921,17,52425,player,63.99,16.47,tracking
921,17,-1,ball,62.5099983215332,6.17999982833862,tracking
921,18,52425,player,63.64,16.05,tracking
921,18,-1,ball,62.5099983215332,6.17999982833862,tracking
921,19,52425,player,63.32,15.57,tracking
921,19,-1,ball,62.5099983215332,6.17999982833862,tracking
921,20,52425,player,63.05,15.04,tracking
921,20,-1,ball,62.5099983215332,6.17999982833862,tracking
921,21,52425,player,62.82,14.47,tracking
921,21,-1,ball,62.5099983215332,6.17999982833862,tracking
921,22,52425,player,62.63,13.85,tracking
921,22,-1,ball,62.5099983215332,6.17999982833862,tracking
921,23,52425,player,62.48,13.21,tracking
921,23,-1,ball,62.5099983215332,6.17999982833862,tracking
3372,9,54632,player,41.59,35.34,tracking
3372,9,-1,ball,47.2299995422363,4.59999990463257,tracking
3372,10,54632,player,41.72,35.4,tracking
3372,10,-1,ball,47.2299995422363,4.59999990463257,tracking
3372,11,54632,player,41.9,35.47,tracking
3372,11,-1,ball,47.2299995422363,4.59999990463257,tracking
3372,12,54632,player,42.12,35.55,tracking
3372,12,-1,ball,47.2299995422363,4.59999990463257,tracking
3372,13,54632,player,42.37,35.62,tracking
3372,13,-1,ball,47.2299995422363,4.59999990463257,tracking
3372,14,54632,player,42.64,35.7,tracking
3372,14,-1,ball,47.2299995422363,4.59999990463257,tracking
3372,15,54632,player,42.93,35.78,tracking
3372,15,-1,ball,47.2299995422363,4.59999990463257,tracking
3372,16,54632,player,43.21,35.83,tracking
3372,16,-1,ball,47.2299995422363,4.59999990463257,tracking
3372,17,54632,player,43.47,35.87,tracking
3372,17,-1,ball,47.2299995422363,4.59999990463257,tracking
3372,18,54632,player,43.71,35.88,tracking
3372,18,-1,ball,47.2299995422363,4.59999990463257,tracking
3372,19,54632,player,43.92,35.87,tracking
3372,19,-1,ball,47.2299995422363,4.59999990463257,tracking
3372,9,38540,player,36.78,9.57,tracking
3372,9,-1,ball,47.2299995422363,4.59999990463257,tracking
3372,10,38540,player,37.05,9.52,tracking
3372,10,-1,ball,47.2299995422363,4.59999990463257,tracking
3372,11,38540,player,37.36,9.46,tracking
3372,11,-1,ball,47.2299995422363,4.59999990463257,tracking
3372,12,38540,player,37.73,9.37,tracking
3372,12,-1,ball,47.2299995422363,4.59999990463257,tracking
3372,13,38540,player,38.12,9.27,tracking
3372,13,-1,ball,47.2299995422363,4.59999990463257,tracking
3372,14,38540,player,38.55,9.17,tracking
3372,14,-1,ball,47.2299995422363,4.59999990463257,tracking
3372,15,38540,player,39.01,9.06,tracking
3372,15,-1,ball,47.2299995422363,4.59999990463257,tracking
3372,16,38540,player,39.5,8.94,tracking
3372,16,-1,ball,47.2299995422363,4.59999990463257,tracking
3372,17,38540,player,40.03,8.79,tracking
3372,17,-1,ball,47.2299995422363,4.59999990463257,tracking
3372,18,38540,player,40.59,8.63,tracking
3372,18,-1,ball,47.2299995422363,4.59999990463257,tracking
3372,19,38540,player,41.17,8.44,tracking
3372,19,-1,ball,47.2299995422363,4.59999990463257,tracking
3372,9,52459,player,36.55,42.89,tracking
3372,9,-1,ball,47.2299995422363,4.59999990463257,tracking
3372,10,52459,player,36.76,42.96,tracking
3372,10,-1,ball,47.2299995422363,4.59999990463257,tracking
3372,11,52459,player,37.0,43.05,tracking
3372,11,-1,ball,47.2299995422363,4.59999990463257,tracking
3372,12,52459,player,37.28,43.17,tracking
3372,12,-1,ball,47.2299995422363,4.59999990463257,tracking
3372,13,52459,player,37.6,43.3,tracking
3372,13,-1,ball,47.2299995422363,4.59999990463257,tracking
3372,14,52459,player,37.95,43.46,tracking
3372,14,-1,ball,47.2299995422363,4.59999990463257,tracking
3372,15,52459,player,38.34,43.65,tracking
3372,15,-1,ball,47.2299995422363,4.59999990463257,tracking
3372,16,52459,player,38.78,43.85,tracking
3372,16,-1,ball,47.2299995422363,4.59999990463257,tracking
3372,17,52459,player,39.25,44.07,tracking
3372,17,-1,ball,47.2299995422363,4.59999990463257,tracking
3372,18,52459,player,39.75,44.3,tracking
3372,18,-1,ball,47.2299995422363,4.59999990463257,tracking
3372,19,52459,player,40.29,44.53,tracking
3372,19,-1,ball,47.2299995422363,4.59999990463257,tracking
3372,9,46705,player,34.6,43.26,tracking
3372,9,-1,ball,47.2299995422363,4.59999990463257,tracking
3372,10,46705,player,34.96,43.33,tracking
3372,10,-1,ball,47.2299995422363,4.59999990463257,tracking
3372,11,46705,player,35.37,43.43,tracking
3372,11,-1,ball,47.2299995422363,4.59999990463257,tracking
3372,12,46705,player,35.82,43.56,tracking
3372,12,-1,ball,47.2299995422363,4.59999990463257,tracking
3372,13,46705,player,36.29,43.73,tracking
3372,13,-1,ball,47.2299995422363,4.59999990463257,tracking
3372,14,46705,player,36.79,43.97,tracking
3372,14,-1,ball,47.2299995422363,4.59999990463257,tracking
3372,15,46705,player,37.31,44.23,tracking
3372,15,-1,ball,47.2299995422363,4.59999990463257,tracking
3372,16,46705,player,37.85,44.51,tracking
3372,16,-1,ball,47.2299995422363,4.59999990463257,tracking
3372,17,46705,player,38.41,44.81,tracking
3372,17,-1,ball,47.2299995422363,4.59999990463257,tracking
3372,18,46705,player,38.98,45.13,tracking
3372,18,-1,ball,47.2299995422363,4.59999990463257,tracking
3372,19,46705,player,39.57,45.46,tracking
3372,19,-1,ball,47.2299995422363,4.59999990463257,tracking
3372,9,37139,player,35.27,34.55,tracking
3372,9,-1,ball,47.2299995422363,4.59999990463257,tracking
3372,10,37139,player,35.65,34.61,tracking
3372,10,-1,ball,47.2299995422363,4.59999990463257,tracking
3372,11,37139,player,36.06,34.66,tracking
3372,11,-1,ball,47.2299995422363,4.59999990463257,tracking
3372,12,37139,player,36.49,34.7,tracking
3372,12,-1,ball,47.2299995422363,4.59999990463257,tracking
3372,13,37139,player,36.94,34.75,tracking
3372,13,-1,ball,47.2299995422363,4.59999990463257,tracking
3372,14,37139,player,37.37,34.79,tracking
3372,14,-1,ball,47.2299995422363,4.59999990463257,tracking
3372,15,37139,player,37.79,34.82,tracking
3372,15,-1,ball,47.2299995422363,4.59999990463257,tracking
3372,16,37139,player,38.18,34.85,tracking
3372,16,-1,ball,47.2299995422363,4.59999990463257,tracking
3372,17,37139,player,38.52,34.87,tracking
3372,17,-1,ball,47.2299995422363,4.59999990463257,tracking
3372,18,37139,player,38.82,34.89,tracking
3372,18,-1,ball,47.2299995422363,4.59999990463257,tracking
3372,19,37139,player,39.07,34.91,tracking
3372,19,-1,ball,47.2299995422363,4.59999990463257,tracking
3372,9,54475,player,35.09,9.47,tracking
3372,9,-1,ball,47.2299995422363,4.59999990463257,tracking
3372,10,54475,player,35.4,9.33,tracking
3372,10,-1,ball,47.2299995422363,4.59999990463257,tracking
3372,11,54475,player,35.77,9.16,tracking
3372,11,-1,ball,47.2299995422363,4.59999990463257,tracking
3372,12,54475,player,36.17,8.97,tracking
3372,12,-1,ball,47.2299995422363,4.59999990463257,tracking
3372,13,54475,player,36.62,8.75,tracking
3372,13,-1,ball,47.2299995422363,4.59999990463257,tracking
3372,14,54475,player,37.13,8.52,tracking
3372,14,-1,ball,47.2299995422363,4.59999990463257,tracking
3372,15,54475,player,37.66,8.28,tracking
3372,15,-1,ball,47.2299995422363,4.59999990463257,tracking
3372,16,54475,player,38.22,8.04,tracking
3372,16,-1,ball,47.2299995422363,4.59999990463257,tracking
3372,17,54475,player,38.81,7.78,tracking
3372,17,-1,ball,47.2299995422363,4.59999990463257,tracking
3372,18,54475,player,39.42,7.52,tracking
3372,18,-1,ball,47.2299995422363,4.59999990463257,tracking
3372,19,54475,player,40.04,7.26,tracking
3372,19,-1,ball,47.2299995422363,4.59999990463257,tracking
1304,21,43299,player,57.08,43.82,tracking
1304,21,-1,ball,80.9100036621094,54.5200004577637,tracking
1304,22,43299,player,57.5,43.91,tracking
1304,22,-1,ball,80.9100036621094,54.5200004577637,tracking
1304,23,43299,player,57.9,44.01,tracking
1304,23,-1,ball,80.9100036621094,54.5200004577637,tracking
1304,24,43299,player,58.26,44.12,tracking
1304,24,-1,ball,80.9100036621094,54.5200004577637,tracking
1304,25,43299,player,58.6,44.24,tracking
1304,25,-1,ball,80.9100036621094,54.5200004577637,tracking
1304,26,43299,player,58.92,44.38,tracking
1304,26,-1,ball,80.9100036621094,54.5200004577637,tracking
1304,27,43299,player,59.22,44.53,tracking
1304,27,-1,ball,80.9100036621094,54.5200004577637,tracking
1304,28,43299,player,59.5,44.68,tracking
1304,28,-1,ball,80.9100036621094,54.5200004577637,tracking
1304,29,43299,player,59.82,44.83,tracking
1304,29,-1,ball,80.9100036621094,54.5200004577637,tracking
1304,30,43299,player,60.16,44.98,tracking
1304,30,-1,ball,80.9100036621094,54.5200004577637,tracking
1304,31,43299,player,60.5,45.13,tracking
1304,31,-1,ball,80.9100036621094,54.5200004577637,tracking
1304,21,54936,player,54.85,35.14,tracking
1304,21,-1,ball,80.9100036621094,54.5200004577637,tracking
1304,22,54936,player,55.23,34.83,tracking
1304,22,-1,ball,80.9100036621094,54.5200004577637,tracking
1304,23,54936,player,55.59,34.46,tracking
1304,23,-1,ball,80.9100036621094,54.5200004577637,tracking
1304,24,54936,player,55.92,34.05,tracking
1304,24,-1,ball,80.9100036621094,54.5200004577637,tracking
1304,25,54936,player,56.23,33.57,tracking
1304,25,-1,ball,80.9100036621094,54.5200004577637,tracking
1304,26,54936,player,56.5,33.05,tracking
1304,26,-1,ball,80.9100036621094,54.5200004577637,tracking
1304,27,54936,player,56.74,32.47,tracking
1304,27,-1,ball,80.9100036621094,54.5200004577637,tracking
1304,28,54936,player,56.93,31.84,tracking
1304,28,-1,ball,80.9100036621094,54.5200004577637,tracking
1304,29,54936,player,57.08,31.18,tracking
1304,29,-1,ball,80.9100036621094,54.5200004577637,tracking
1304,30,54936,player,57.19,30.49,tracking
1304,30,-1,ball,80.9100036621094,54.5200004577637,tracking
1304,31,54936,player,57.25,29.77,tracking
1304,31,-1,ball,80.9100036621094,54.5200004577637,tracking
1304,21,43327,player,49.87,6.37,tracking
1304,21,-1,ball,80.9100036621094,54.5200004577637,tracking
1304,22,43327,player,50.27,5.98,tracking
1304,22,-1,ball,80.9100036621094,54.5200004577637,tracking
1304,23,43327,player,50.67,5.58,tracking
1304,23,-1,ball,80.9100036621094,54.5200004577637,tracking
1304,24,43327,player,51.06,5.18,tracking
1304,24,-1,ball,80.9100036621094,54.5200004577637,tracking
1304,25,43327,player,51.45,4.77,tracking
1304,25,-1,ball,80.9100036621094,54.5200004577637,tracking
1304,26,43327,player,51.83,4.38,tracking
1304,26,-1,ball,80.9100036621094,54.5200004577637,tracking
1304,27,43327,player,52.21,3.99,tracking
1304,27,-1,ball,80.9100036621094,54.5200004577637,tracking
1304,28,43327,player,52.6,3.63,tracking
1304,28,-1,ball,80.9100036621094,54.5200004577637,tracking
1304,29,43327,player,52.99,3.29,tracking
1304,29,-1,ball,80.9100036621094,54.5200004577637,tracking
1304,30,43327,player,53.39,2.97,tracking
1304,30,-1,ball,80.9100036621094,54.5200004577637,tracking
1304,31,43327,player,53.8,2.69,tracking
1304,31,-1,ball,80.9100036621094,54.5200004577637,tracking
1304,21,42357,player,48.92,5.62,tracking
1304,21,-1,ball,80.9100036621094,54.5200004577637,tracking
1304,22,42357,player,49.41,5.24,tracking
1304,22,-1,ball,80.9100036621094,54.5200004577637,tracking
1304,23,42357,player,49.9,4.87,tracking
1304,23,-1,ball,80.9100036621094,54.5200004577637,tracking
1304,24,42357,player,50.38,4.5,tracking
1304,24,-1,ball,80.9100036621094,54.5200004577637,tracking
1304,25,42357,player,50.87,4.15,tracking
1304,25,-1,ball,80.9100036621094,54.5200004577637,tracking
1304,26,42357,player,51.35,3.8,tracking
1304,26,-1,ball,80.9100036621094,54.5200004577637,tracking
1304,27,42357,player,51.83,3.46,tracking
1304,27,-1,ball,80.9100036621094,54.5200004577637,tracking
1304,28,42357,player,52.31,3.13,tracking
1304,28,-1,ball,80.9100036621094,54.5200004577637,tracking
1304,29,42357,player,52.79,2.8,tracking
1304,29,-1,ball,80.9100036621094,54.5200004577637,tracking
1304,30,42357,player,53.27,2.48,tracking
1304,30,-1,ball,80.9100036621094,54.5200004577637,tracking
1304,31,42357,player,53.77,2.18,tracking
1304,31,-1,ball,80.9100036621094,54.5200004577637,tracking
1304,21,44874,player,52.72,34.27,tracking
1304,21,-1,ball,80.9100036621094,54.5200004577637,tracking
1304,22,44874,player,53.22,33.83,tracking
1304,22,-1,ball,80.9100036621094,54.5200004577637,tracking
1304,23,44874,player,53.69,33.34,tracking
1304,23,-1,ball,80.9100036621094,54.5200004577637,tracking
1304,24,44874,player,54.1,32.8,tracking
1304,24,-1,ball,80.9100036621094,54.5200004577637,tracking
1304,25,44874,player,54.47,32.22,tracking
1304,25,-1,ball,80.9100036621094,54.5200004577637,tracking
1304,26,44874,player,54.79,31.59,tracking
1304,26,-1,ball,80.9100036621094,54.5200004577637,tracking
1304,27,44874,player,55.05,30.92,tracking
1304,27,-1,ball,80.9100036621094,54.5200004577637,tracking
1304,28,44874,player,55.26,30.23,tracking
1304,28,-1,ball,80.9100036621094,54.5200004577637,tracking
1304,29,44874,player,55.43,29.51,tracking
1304,29,-1,ball,80.9100036621094,54.5200004577637,tracking
1304,30,44874,player,55.55,28.77,tracking
1304,30,-1,ball,80.9100036621094,54.5200004577637,tracking
1304,31,44874,player,55.63,28.03,tracking
1304,31,-1,ball,80.9100036621094,54.5200004577637,tracking
1304,21,45185,player,52.31,44.71,tracking
1304,21,-1,ball,80.9100036621094,54.5200004577637,tracking
1304,22,45185,player,52.95,44.86,tracking
1304,22,-1,ball,80.9100036621094,54.5200004577637,tracking
1304,23,45185,player,53.57,45.0,tracking
1304,23,-1,ball,80.9100036621094,54.5200004577637,tracking
1304,24,45185,player,54.17,45.15,tracking
1304,24,-1,ball,80.9100036621094,54.5200004577637,tracking
1304,25,45185,player,54.75,45.29,tracking
1304,25,-1,ball,80.9100036621094,54.5200004577637,tracking
1304,26,45185,player,55.31,45.44,tracking
1304,26,-1,ball,80.9100036621094,54.5200004577637,tracking
1304,27,45185,player,55.86,45.58,tracking
1304,27,-1,ball,80.9100036621094,54.5200004577637,tracking
1304,28,45185,player,56.41,45.74,tracking
1304,28,-1,ball,80.9100036621094,54.5200004577637,tracking
1304,29,45185,player,56.97,45.91,tracking
1304,29,-1,ball,80.9100036621094,54.5200004577637,tracking
1304,30,45185,player,57.53,46.09,tracking
1304,30,-1,ball,80.9100036621094,54.5200004577637,tracking
1304,31,45185,player,58.09,46.28,tracking
1304,31,-1,ball,80.9100036621094,54.5200004577637,tracking
1946,8,55881,player,74.07,39.54,tracking
1946,8,-1,ball,79.4400024414062,8.77999973297119,tracking
1946,9,55881,player,73.96,39.72,tracking
1946,9,-1,ball,79.4400024414062,8.77999973297119,tracking
1946,10,55881,player,73.83,39.91,tracking
1946,10,-1,ball,79.4400024414062,8.77999973297119,tracking
1946,11,55881,player,73.69,40.12,tracking
1946,11,-1,ball,79.4400024414062,8.77999973297119,tracking
1946,12,55881,player,73.55,40.33,tracking
1946,12,-1,ball,79.4400024414062,8.77999973297119,tracking
1946,13,55881,player,73.4,40.57,tracking
1946,13,-1,ball,79.4400024414062,8.77999973297119,tracking
1946,14,55881,player,73.23,40.82,tracking
1946,14,-1,ball,79.4400024414062,8.77999973297119,tracking
1946,15,55881,player,73.06,41.08,tracking
1946,15,-1,ball,79.4400024414062,8.77999973297119,tracking
1946,16,55881,player,72.88,41.35,tracking
1946,16,-1,ball,79.4400024414062,8.77999973297119,tracking
1946,17,55881,player,72.67,41.64,tracking
1946,17,-1,ball,79.4400024414062,8.77999973297119,tracking
1946,18,55881,player,72.46,41.95,tracking
1946,18,-1,ball,79.4400024414062,8.77999973297119,tracking
1946,8,43522,player,64.7,30.84,tracking
1946,8,-1,ball,79.4400024414062,8.77999973297119,tracking
1946,9,43522,player,64.52,31.24,tracking
1946,9,-1,ball,79.4400024414062,8.77999973297119,tracking
1946,10,43522,player,64.31,31.64,tracking
1946,10,-1,ball,79.4400024414062,8.77999973297119,tracking
1946,11,43522,player,64.09,32.04,tracking
1946,11,-1,ball,79.4400024414062,8.77999973297119,tracking
1946,12,43522,player,63.84,32.42,tracking
1946,12,-1,ball,79.4400024414062,8.77999973297119,tracking
1946,13,43522,player,63.57,32.78,tracking
1946,13,-1,ball,79.4400024414062,8.77999973297119,tracking
1946,14,43522,player,63.27,33.12,tracking
1946,14,-1,ball,79.4400024414062,8.77999973297119,tracking
1946,15,43522,player,62.95,33.43,tracking
1946,15,-1,ball,79.4400024414062,8.77999973297119,tracking
1946,16,43522,player,62.61,33.71,tracking
1946,16,-1,ball,79.4400024414062,8.77999973297119,tracking
1946,17,43522,player,62.26,33.96,tracking
1946,17,-1,ball,79.4400024414062,8.77999973297119,tracking
1946,18,43522,player,61.9,34.16,tracking
1946,18,-1,ball,79.4400024414062,8.77999973297119,tracking
1946,8,53589,player,78.6,33.77,tracking
1946,8,-1,ball,79.4400024414062,8.77999973297119,tracking
1946,9,53589,player,78.58,33.84,tracking
1946,9,-1,ball,79.4400024414062,8.77999973297119,tracking
1946,10,53589,player,78.55,33.95,tracking
1946,10,-1,ball,79.4400024414062,8.77999973297119,tracking
1946,11,53589,player,78.48,34.12,tracking
1946,11,-1,ball,79.4400024414062,8.77999973297119,tracking
1946,12,53589,player,78.39,34.31,tracking
1946,12,-1,ball,79.4400024414062,8.77999973297119,tracking
1946,13,53589,player,78.28,34.54,tracking
1946,13,-1,ball,79.4400024414062,8.77999973297119,tracking
1946,14,53589,player,78.14,34.78,tracking
1946,14,-1,ball,79.4400024414062,8.77999973297119,tracking
1946,15,53589,player,77.98,35.02,tracking
1946,15,-1,ball,79.4400024414062,8.77999973297119,tracking
1946,16,53589,player,77.79,35.27,tracking
1946,16,-1,ball,79.4400024414062,8.77999973297119,tracking
1946,17,53589,player,77.57,35.49,tracking
1946,17,-1,ball,79.4400024414062,8.77999973297119,tracking
1946,18,53589,player,77.33,35.69,tracking
1946,18,-1,ball,79.4400024414062,8.77999973297119,tracking
1946,8,46279,player,82.31,33.13,tracking
1946,8,-1,ball,79.4400024414062,8.77999973297119,tracking
1946,9,46279,player,82.18,33.95,tracking
1946,9,-1,ball,79.4400024414062,8.77999973297119,tracking
1946,10,46279,player,82.01,34.76,tracking
1946,10,-1,ball,79.4400024414062,8.77999973297119,tracking
1946,11,46279,player,81.81,35.57,tracking
1946,11,-1,ball,79.4400024414062,8.77999973297119,tracking
1946,12,46279,player,81.58,36.38,tracking
1946,12,-1,ball,79.4400024414062,8.77999973297119,tracking
1946,13,46279,player,81.3,37.17,tracking
1946,13,-1,ball,79.4400024414062,8.77999973297119,tracking
1946,14,46279,player,80.98,37.96,tracking
1946,14,-1,ball,79.4400024414062,8.77999973297119,tracking
1946,15,46279,player,80.62,38.74,tracking
1946,15,-1,ball,79.4400024414062,8.77999973297119,tracking
1946,16,46279,player,80.21,39.51,tracking
1946,16,-1,ball,79.4400024414062,8.77999973297119,tracking
1946,17,46279,player,79.76,40.25,tracking
1946,17,-1,ball,79.4400024414062,8.77999973297119,tracking
1946,18,46279,player,79.28,40.98,tracking
1946,18,-1,ball,79.4400024414062,8.77999973297119,tracking
1946,8,53435,player,80.08,34.48,tracking
1946,8,-1,ball,79.4400024414062,8.77999973297119,tracking
1946,9,53435,player,79.84,34.64,tracking
1946,9,-1,ball,79.4400024414062,8.77999973297119,tracking
1946,10,53435,player,79.58,34.81,tracking
1946,10,-1,ball,79.4400024414062,8.77999973297119,tracking
1946,11,53435,player,79.3,35.01,tracking
1946,11,-1,ball,79.4400024414062,8.77999973297119,tracking
1946,12,53435,player,78.98,35.25,tracking
1946,12,-1,ball,79.4400024414062,8.77999973297119,tracking
1946,13,53435,player,78.63,35.52,tracking
1946,13,-1,ball,79.4400024414062,8.77999973297119,tracking
1946,14,53435,player,78.23,35.82,tracking
1946,14,-1,ball,79.4400024414062,8.77999973297119,tracking
1946,15,53435,player,77.79,36.13,tracking
1946,15,-1,ball,79.4400024414062,8.77999973297119,tracking
1946,16,53435,player,77.31,36.43,tracking
1946,16,-1,ball,79.4400024414062,8.77999973297119,tracking
1946,17,53435,player,76.81,36.71,tracking
1946,17,-1,ball,79.4400024414062,8.77999973297119,tracking
1946,18,53435,player,76.27,36.98,tracking
1946,18,-1,ball,79.4400024414062,8.77999973297119,tracking
1946,8,43454,player,81.35,36.1,tracking
1946,8,-1,ball,79.4400024414062,8.77999973297119,tracking
1946,9,43454,player,81.23,36.15,tracking
1946,9,-1,ball,79.4400024414062,8.77999973297119,tracking
1946,10,43454,player,81.06,36.22,tracking
1946,10,-1,ball,79.4400024414062,8.77999973297119,tracking
1946,11,43454,player,80.86,36.31,tracking
1946,11,-1,ball,79.4400024414062,8.77999973297119,tracking
1946,12,43454,player,80.63,36.4,tracking
1946,12,-1,ball,79.4400024414062,8.77999973297119,tracking
1946,13,43454,player,80.37,36.51,tracking
1946,13,-1,ball,79.4400024414062,8.77999973297119,tracking
1946,14,43454,player,80.09,36.64,tracking
1946,14,-1,ball,79.4400024414062,8.77999973297119,tracking
1946,15,43454,player,79.8,36.77,tracking
1946,15,-1,ball,79.4400024414062,8.77999973297119,tracking
1946,16,43454,player,79.5,36.91,tracking
1946,16,-1,ball,79.4400024414062,8.77999973297119,tracking
1946,17,43454,player,79.21,37.03,tracking
1946,17,-1,ball,79.4400024414062,8.77999973297119,tracking
1946,18,43454,player,78.94,37.15,tracking
1946,18,-1,ball,79.4400024414062,8.77999973297119,tracking
3163,9,55881,player,13.74,19.09,tracking
3163,9,-1,ball,19.3600006103516,34.810001373291,tracking
3163,10,55881,player,13.75,19.08,tracking
3163,10,-1,ball,19.3600006103516,34.810001373291,tracking
3163,11,55881,player,13.77,19.05,tracking
3163,11,-1,ball,19.3600006103516,34.810001373291,tracking
3163,12,55881,player,13.81,19.03,tracking
3163,12,-1,ball,19.3600006103516,34.810001373291,tracking
3163,13,55881,player,13.85,19.01,tracking
3163,13,-1,ball,19.3600006103516,34.810001373291,tracking
3163,14,55881,player,13.91,18.99,tracking
3163,14,-1,ball,19.3600006103516,34.810001373291,tracking
3163,15,55881,player,13.98,18.99,tracking
3163,15,-1,ball,19.3600006103516,34.810001373291,tracking
3163,16,55881,player,14.06,19.0,tracking
3163,16,-1,ball,19.3600006103516,34.810001373291,tracking
3163,17,55881,player,14.16,19.02,tracking
3163,17,-1,ball,19.3600006103516,34.810001373291,tracking
3163,18,55881,player,14.3,19.09,tracking
3163,18,-1,ball,19.3600006103516,34.810001373291,tracking
3163,19,55881,player,14.45,19.17,tracking
3163,19,-1,ball,19.3600006103516,34.810001373291,tracking
3163,9,43454,player,12.34,19.18,tracking
3163,9,-1,ball,19.3600006103516,34.810001373291,tracking
3163,10,43454,player,12.53,19.16,tracking
3163,10,-1,ball,19.3600006103516,34.810001373291,tracking
3163,11,43454,player,12.73,19.14,tracking
3163,11,-1,ball,19.3600006103516,34.810001373291,tracking
3163,12,43454,player,12.95,19.14,tracking
3163,12,-1,ball,19.3600006103516,34.810001373291,tracking
3163,13,43454,player,13.15,19.16,tracking
3163,13,-1,ball,19.3600006103516,34.810001373291,tracking
3163,14,43454,player,13.36,19.2,tracking
3163,14,-1,ball,19.3600006103516,34.810001373291,tracking
3163,15,43454,player,13.55,19.26,tracking
3163,15,-1,ball,19.3600006103516,34.810001373291,tracking
3163,16,43454,player,13.74,19.35,tracking
3163,16,-1,ball,19.3600006103516,34.810001373291,tracking
3163,17,43454,player,13.92,19.45,tracking
3163,17,-1,ball,19.3600006103516,34.810001373291,tracking
3163,18,43454,player,14.09,19.57,tracking
3163,18,-1,ball,19.3600006103516,34.810001373291,tracking
3163,19,43454,player,14.24,19.72,tracking
3163,19,-1,ball,19.3600006103516,34.810001373291,tracking
3163,9,53435,player,12.18,38.5,tracking
3163,9,-1,ball,19.3600006103516,34.810001373291,tracking
3163,10,53435,player,12.39,38.4,tracking
3163,10,-1,ball,19.3600006103516,34.810001373291,tracking
3163,11,53435,player,12.63,38.28,tracking
3163,11,-1,ball,19.3600006103516,34.810001373291,tracking
3163,12,53435,player,12.92,38.15,tracking
3163,12,-1,ball,19.3600006103516,34.810001373291,tracking
3163,13,53435,player,13.24,38.01,tracking
3163,13,-1,ball,19.3600006103516,34.810001373291,tracking
3163,14,53435,player,13.6,37.85,tracking
3163,14,-1,ball,19.3600006103516,34.810001373291,tracking
3163,15,53435,player,14.02,37.68,tracking
3163,15,-1,ball,19.3600006103516,34.810001373291,tracking
3163,16,53435,player,14.48,37.5,tracking
3163,16,-1,ball,19.3600006103516,34.810001373291,tracking
3163,17,53435,player,14.97,37.31,tracking
3163,17,-1,ball,19.3600006103516,34.810001373291,tracking
3163,18,53435,player,15.5,37.09,tracking
3163,18,-1,ball,19.3600006103516,34.810001373291,tracking
3163,19,53435,player,16.03,36.85,tracking
3163,19,-1,ball,19.3600006103516,34.810001373291,tracking
1304,15,46073,player,74.8,35.14,tracking
1304,15,-1,ball,80.7399978637695,28.2000007629395,tracking
1304,16,46073,player,74.45,35.21,tracking
1304,16,-1,ball,80.7399978637695,28.2000007629395,tracking
1304,17,46073,player,74.09,35.28,tracking
1304,17,-1,ball,80.7399978637695,28.2000007629395,tracking
1304,18,46073,player,73.72,35.35,tracking
1304,18,-1,ball,80.7399978637695,28.2000007629395,tracking
1304,19,46073,player,73.36,35.42,tracking
1304,19,-1,ball,80.7399978637695,28.2000007629395,tracking
1304,20,46073,player,73.01,35.5,tracking
1304,20,-1,ball,80.7399978637695,28.2000007629395,tracking
1304,21,46073,player,72.66,35.57,tracking
1304,21,-1,ball,80.7399978637695,28.2000007629395,tracking
1304,22,46073,player,72.32,35.66,tracking
1304,22,-1,ball,80.7399978637695,28.2000007629395,tracking
1304,23,46073,player,72.01,35.75,tracking
1304,23,-1,ball,80.7399978637695,28.2000007629395,tracking
1304,24,46073,player,71.73,35.84,tracking
1304,24,-1,ball,80.7399978637695,28.2000007629395,tracking
1304,25,46073,player,71.51,35.94,tracking
1304,25,-1,ball,80.7399978637695,28.2000007629395,tracking
1304,15,53455,player,78.32,9.29,tracking
1304,15,-1,ball,80.7399978637695,28.2000007629395,tracking
1304,16,53455,player,77.96,9.33,tracking
1304,16,-1,ball,80.7399978637695,28.2000007629395,tracking
1304,17,53455,player,77.62,9.4,tracking
1304,17,-1,ball,80.7399978637695,28.2000007629395,tracking
1304,18,53455,player,77.31,9.51,tracking
1304,18,-1,ball,80.7399978637695,28.2000007629395,tracking
1304,19,53455,player,77.01,9.67,tracking
1304,19,-1,ball,80.7399978637695,28.2000007629395,tracking
1304,20,53455,player,76.73,9.88,tracking
1304,20,-1,ball,80.7399978637695,28.2000007629395,tracking
1304,21,53455,player,76.46,10.13,tracking
1304,21,-1,ball,80.7399978637695,28.2000007629395,tracking
1304,22,53455,player,76.22,10.45,tracking
1304,22,-1,ball,80.7399978637695,28.2000007629395,tracking
1304,23,53455,player,75.98,10.83,tracking
1304,23,-1,ball,80.7399978637695,28.2000007629395,tracking
1304,24,53455,player,75.76,11.24,tracking
1304,24,-1,ball,80.7399978637695,28.2000007629395,tracking
1304,25,53455,player,75.54,11.7,tracking
1304,25,-1,ball,80.7399978637695,28.2000007629395,tracking
1304,15,54517,player,82.63,9.26,tracking
1304,15,-1,ball,80.7399978637695,28.2000007629395,tracking
1304,16,54517,player,82.15,9.43,tracking
1304,16,-1,ball,80.7399978637695,28.2000007629395,tracking
1304,17,54517,player,81.67,9.63,tracking
1304,17,-1,ball,80.7399978637695,28.2000007629395,tracking
1304,18,54517,player,81.21,9.88,tracking
1304,18,-1,ball,80.7399978637695,28.2000007629395,tracking
1304,19,54517,player,80.78,10.19,tracking
1304,19,-1,ball,80.7399978637695,28.2000007629395,tracking
1304,20,54517,player,80.38,10.55,tracking
1304,20,-1,ball,80.7399978637695,28.2000007629395,tracking
1304,21,54517,player,80.01,10.95,tracking
1304,21,-1,ball,80.7399978637695,28.2000007629395,tracking
1304,22,54517,player,79.68,11.38,tracking
1304,22,-1,ball,80.7399978637695,28.2000007629395,tracking
1304,23,54517,player,79.39,11.85,tracking
1304,23,-1,ball,80.7399978637695,28.2000007629395,tracking
1304,24,54517,player,79.13,12.35,tracking
1304,24,-1,ball,80.7399978637695,28.2000007629395,tracking
1304,25,54517,player,78.89,12.85,tracking
1304,25,-1,ball,80.7399978637695,28.2000007629395,tracking
1304,15,41290,player,82.62,30.46,tracking
1304,15,-1,ball,80.7399978637695,28.2000007629395,tracking
1304,16,41290,player,82.26,30.12,tracking
1304,16,-1,ball,80.7399978637695,28.2000007629395,tracking
1304,17,41290,player,81.92,29.77,tracking
1304,17,-1,ball,80.7399978637695,28.2000007629395,tracking
1304,18,41290,player,81.61,29.42,tracking
1304,18,-1,ball,80.7399978637695,28.2000007629395,tracking
1304,19,41290,player,81.33,29.09,tracking
1304,19,-1,ball,80.7399978637695,28.2000007629395,tracking
1304,20,41290,player,81.09,28.78,tracking
1304,20,-1,ball,80.7399978637695,28.2000007629395,tracking
1304,21,41290,player,80.88,28.52,tracking
1304,21,-1,ball,80.7399978637695,28.2000007629395,tracking
1304,22,41290,player,80.71,28.31,tracking
1304,22,-1,ball,80.7399978637695,28.2000007629395,tracking
1304,23,41290,player,80.57,28.14,tracking
1304,23,-1,ball,80.7399978637695,28.2000007629395,tracking
1304,24,41290,player,80.45,28.02,tracking
1304,24,-1,ball,80.7399978637695,28.2000007629395,tracking
1304,25,41290,player,80.36,27.94,tracking
1304,25,-1,ball,80.7399978637695,28.2000007629395,tracking
2308,12,46652,player,57.38,35.98,tracking
2308,12,-1,ball,52.8899993896484,10.3699998855591,tracking
2308,13,46652,player,57.45,36.14,tracking
2308,13,-1,ball,52.8899993896484,10.3699998855591,tracking
2308,14,46652,player,57.53,36.35,tracking
2308,14,-1,ball,52.8899993896484,10.3699998855591,tracking
2308,15,46652,player,57.64,36.6,tracking
2308,15,-1,ball,52.8899993896484,10.3699998855591,tracking
2308,16,46652,player,57.78,36.89,tracking
2308,16,-1,ball,52.8899993896484,10.3699998855591,tracking
2308,17,46652,player,57.93,37.21,tracking
2308,17,-1,ball,52.8899993896484,10.3699998855591,tracking
2308,18,46652,player,58.12,37.57,tracking
2308,18,-1,ball,52.8899993896484,10.3699998855591,tracking
2308,19,46652,player,58.33,37.97,tracking
2308,19,-1,ball,52.8899993896484,10.3699998855591,tracking
2308,20,46652,player,58.55,38.38,tracking
2308,20,-1,ball,52.8899993896484,10.3699998855591,tracking
2308,21,46652,player,58.79,38.81,tracking
2308,21,-1,ball,52.8899993896484,10.3699998855591,tracking
2308,22,46652,player,59.04,39.25,tracking
2308,22,-1,ball,52.8899993896484,10.3699998855591,tracking
2308,12,46698,player,61.26,45.47,tracking
2308,12,-1,ball,52.8899993896484,10.3699998855591,tracking
2308,13,46698,player,61.6,45.49,tracking
2308,13,-1,ball,52.8899993896484,10.3699998855591,tracking
2308,14,46698,player,61.95,45.51,tracking
2308,14,-1,ball,52.8899993896484,10.3699998855591,tracking
2308,15,46698,player,62.32,45.53,tracking
2308,15,-1,ball,52.8899993896484,10.3699998855591,tracking
2308,16,46698,player,62.7,45.54,tracking
2308,16,-1,ball,52.8899993896484,10.3699998855591,tracking
2308,17,46698,player,63.08,45.55,tracking
2308,17,-1,ball,52.8899993896484,10.3699998855591,tracking
2308,18,46698,player,63.49,45.54,tracking
2308,18,-1,ball,52.8899993896484,10.3699998855591,tracking
2308,19,46698,player,63.9,45.54,tracking
2308,19,-1,ball,52.8899993896484,10.3699998855591,tracking
2308,20,46698,player,64.32,45.52,tracking
2308,20,-1,ball,52.8899993896484,10.3699998855591,tracking
2308,21,46698,player,64.75,45.51,tracking
2308,21,-1,ball,52.8899993896484,10.3699998855591,tracking
2308,22,46698,player,65.19,45.48,tracking
2308,22,-1,ball,52.8899993896484,10.3699998855591,tracking
2308,12,37078,player,62.05,8.57,tracking
2308,12,-1,ball,52.8899993896484,10.3699998855591,tracking
2308,13,37078,player,62.31,8.54,tracking
2308,13,-1,ball,52.8899993896484,10.3699998855591,tracking
2308,14,37078,player,62.59,8.52,tracking
2308,14,-1,ball,52.8899993896484,10.3699998855591,tracking
2308,15,37078,player,62.89,8.51,tracking
2308,15,-1,ball,52.8899993896484,10.3699998855591,tracking
2308,16,37078,player,63.19,8.51,tracking
2308,16,-1,ball,52.8899993896484,10.3699998855591,tracking
2308,17,37078,player,63.49,8.54,tracking
2308,17,-1,ball,52.8899993896484,10.3699998855591,tracking
2308,18,37078,player,63.8,8.59,tracking
2308,18,-1,ball,52.8899993896484,10.3699998855591,tracking
2308,19,37078,player,64.1,8.69,tracking
2308,19,-1,ball,52.8899993896484,10.3699998855591,tracking
2308,20,37078,player,64.38,8.82,tracking
2308,20,-1,ball,52.8899993896484,10.3699998855591,tracking
2308,21,37078,player,64.64,8.99,tracking
2308,21,-1,ball,52.8899993896484,10.3699998855591,tracking
2308,22,37078,player,64.89,9.19,tracking
2308,22,-1,ball,52.8899993896484,10.3699998855591,tracking
2308,12,42347,player,53.62,36.71,tracking
2308,12,-1,ball,52.8899993896484,10.3699998855591,tracking
2308,13,42347,player,54.01,36.94,tracking
2308,13,-1,ball,52.8899993896484,10.3699998855591,tracking
2308,14,42347,player,54.44,37.21,tracking
2308,14,-1,ball,52.8899993896484,10.3699998855591,tracking
2308,15,42347,player,54.89,37.5,tracking
2308,15,-1,ball,52.8899993896484,10.3699998855591,tracking
2308,16,42347,player,55.35,37.83,tracking
2308,16,-1,ball,52.8899993896484,10.3699998855591,tracking
2308,17,42347,player,55.83,38.19,tracking
2308,17,-1,ball,52.8899993896484,10.3699998855591,tracking
2308,18,42347,player,56.3,38.58,tracking
2308,18,-1,ball,52.8899993896484,10.3699998855591,tracking
2308,19,42347,player,56.76,39.01,tracking
2308,19,-1,ball,52.8899993896484,10.3699998855591,tracking
2308,20,42347,player,57.21,39.47,tracking
2308,20,-1,ball,52.8899993896484,10.3699998855591,tracking
2308,21,42347,player,57.62,39.98,tracking
2308,21,-1,ball,52.8899993896484,10.3699998855591,tracking
2308,22,42347,player,58.0,40.51,tracking
2308,22,-1,ball,52.8899993896484,10.3699998855591,tracking
2308,12,52595,player,54.26,44.7,tracking
2308,12,-1,ball,52.8899993896484,10.3699998855591,tracking
2308,13,52595,player,54.69,44.7,tracking
2308,13,-1,ball,52.8899993896484,10.3699998855591,tracking
2308,14,52595,player,55.16,44.72,tracking
2308,14,-1,ball,52.8899993896484,10.3699998855591,tracking
2308,15,52595,player,55.68,44.73,tracking
2308,15,-1,ball,52.8899993896484,10.3699998855591,tracking
2308,16,52595,player,56.23,44.76,tracking
2308,16,-1,ball,52.8899993896484,10.3699998855591,tracking
2308,17,52595,player,56.81,44.81,tracking
2308,17,-1,ball,52.8899993896484,10.3699998855591,tracking
2308,18,52595,player,57.43,44.88,tracking
2308,18,-1,ball,52.8899993896484,10.3699998855591,tracking
2308,19,52595,player,58.07,44.97,tracking
2308,19,-1,ball,52.8899993896484,10.3699998855591,tracking
2308,20,52595,player,58.72,45.07,tracking
2308,20,-1,ball,52.8899993896484,10.3699998855591,tracking
2308,21,52595,player,59.39,45.18,tracking
2308,21,-1,ball,52.8899993896484,10.3699998855591,tracking
2308,22,52595,player,60.08,45.31,tracking
2308,22,-1,ball,52.8899993896484,10.3699998855591,tracking
2308,12,53463,player,55.14,8.49,tracking
2308,12,-1,ball,52.8899993896484,10.3699998855591,tracking
2308,13,53463,player,55.61,8.52,tracking
2308,13,-1,ball,52.8899993896484,10.3699998855591,tracking
2308,14,53463,player,56.1,8.56,tracking
2308,14,-1,ball,52.8899993896484,10.3699998855591,tracking
2308,15,53463,player,56.6,8.63,tracking
2308,15,-1,ball,52.8899993896484,10.3699998855591,tracking
2308,16,53463,player,57.11,8.76,tracking
2308,16,-1,ball,52.8899993896484,10.3699998855591,tracking
2308,17,53463,player,57.6,8.93,tracking
2308,17,-1,ball,52.8899993896484,10.3699998855591,tracking
2308,18,53463,player,58.07,9.14,tracking
2308,18,-1,ball,52.8899993896484,10.3699998855591,tracking
2308,19,53463,player,58.5,9.39,tracking
2308,19,-1,ball,52.8899993896484,10.3699998855591,tracking
2308,20,53463,player,58.88,9.7,tracking
2308,20,-1,ball,52.8899993896484,10.3699998855591,tracking
2308,21,53463,player,59.22,10.05,tracking
2308,21,-1,ball,52.8899993896484,10.3699998855591,tracking
2308,22,53463,player,59.5,10.43,tracking
2308,22,-1,ball,52.8899993896484,10.3699998855591,tracking
3204,34,46652,player,53.27,39.96,tracking
3204,34,-1,ball,7.8600001335144,7.69000005722046,tracking
3204,35,46652,player,52.99,40.28,tracking
3204,35,-1,ball,7.8600001335144,7.69000005722046,tracking
3204,36,46652,player,52.69,40.57,tracking
3204,36,-1,ball,7.8600001335144,7.69000005722046,tracking
3204,37,46652,player,52.4,40.84,tracking
3204,37,-1,ball,7.8600001335144,7.69000005722046,tracking
3204,38,46652,player,52.1,41.1,tracking
3204,38,-1,ball,7.8600001335144,7.69000005722046,tracking
3204,39,46652,player,51.82,41.34,tracking
3204,39,-1,ball,7.8600001335144,7.69000005722046,tracking
3204,40,46652,player,51.54,41.58,tracking
3204,40,-1,ball,7.8600001335144,7.69000005722046,tracking
3204,41,46652,player,51.28,41.81,tracking
3204,41,-1,ball,7.8600001335144,7.69000005722046,tracking
3204,42,46652,player,51.05,42.05,tracking
3204,42,-1,ball,7.8600001335144,7.69000005722046,tracking
3204,43,46652,player,50.84,42.27,tracking
3204,43,-1,ball,7.8600001335144,7.69000005722046,tracking
3204,44,46652,player,50.65,42.5,tracking
3204,44,-1,ball,7.8600001335144,7.69000005722046,tracking
3204,34,46698,player,43.44,14.84,tracking
3204,34,-1,ball,7.8600001335144,7.69000005722046,tracking
3204,35,46698,player,42.67,14.94,tracking
3204,35,-1,ball,7.8600001335144,7.69000005722046,tracking
3204,36,46698,player,41.87,15.02,tracking
3204,36,-1,ball,7.8600001335144,7.69000005722046,tracking
3204,37,46698,player,41.07,15.09,tracking
3204,37,-1,ball,7.8600001335144,7.69000005722046,tracking
3204,38,46698,player,40.25,15.16,tracking
3204,38,-1,ball,7.8600001335144,7.69000005722046,tracking
3204,39,46698,player,39.43,15.21,tracking
3204,39,-1,ball,7.8600001335144,7.69000005722046,tracking
3204,40,46698,player,38.59,15.25,tracking
3204,40,-1,ball,7.8600001335144,7.69000005722046,tracking
3204,41,46698,player,37.74,15.27,tracking
3204,41,-1,ball,7.8600001335144,7.69000005722046,tracking
3204,42,46698,player,36.89,15.28,tracking
3204,42,-1,ball,7.8600001335144,7.69000005722046,tracking
3204,43,46698,player,36.03,15.27,tracking
3204,43,-1,ball,7.8600001335144,7.69000005722046,tracking
3204,44,46698,player,35.16,15.25,tracking
3204,44,-1,ball,7.8600001335144,7.69000005722046,tracking
3204,34,37078,player,42.51,37.48,tracking
3204,34,-1,ball,7.8600001335144,7.69000005722046,tracking
3204,35,37078,player,41.93,37.54,tracking
3204,35,-1,ball,7.8600001335144,7.69000005722046,tracking
3204,36,37078,player,41.36,37.61,tracking
3204,36,-1,ball,7.8600001335144,7.69000005722046,tracking
3204,37,37078,player,40.79,37.68,tracking
3204,37,-1,ball,7.8600001335144,7.69000005722046,tracking
3204,38,37078,player,40.24,37.75,tracking
3204,38,-1,ball,7.8600001335144,7.69000005722046,tracking
3204,39,37078,player,39.69,37.83,tracking
3204,39,-1,ball,7.8600001335144,7.69000005722046,tracking
3204,40,37078,player,39.15,37.91,tracking
3204,40,-1,ball,7.8600001335144,7.69000005722046,tracking
3204,41,37078,player,38.62,38.01,tracking
3204,41,-1,ball,7.8600001335144,7.69000005722046,tracking
3204,42,37078,player,38.1,38.1,tracking
3204,42,-1,ball,7.8600001335144,7.69000005722046,tracking
3204,43,37078,player,37.6,38.2,tracking
3204,43,-1,ball,7.8600001335144,7.69000005722046,tracking
3204,44,37078,player,37.1,38.3,tracking
3204,44,-1,ball,7.8600001335144,7.69000005722046,tracking
3204,34,52595,player,55.92,27.52,tracking
3204,34,-1,ball,7.8600001335144,7.69000005722046,tracking
3204,35,52595,player,55.6,27.58,tracking
3204,35,-1,ball,7.8600001335144,7.69000005722046,tracking
3204,36,52595,player,55.31,27.68,tracking
3204,36,-1,ball,7.8600001335144,7.69000005722046,tracking
3204,37,52595,player,55.04,27.82,tracking
3204,37,-1,ball,7.8600001335144,7.69000005722046,tracking
3204,38,52595,player,54.81,27.98,tracking
3204,38,-1,ball,7.8600001335144,7.69000005722046,tracking
3204,39,52595,player,54.6,28.16,tracking
3204,39,-1,ball,7.8600001335144,7.69000005722046,tracking
3204,40,52595,player,54.42,28.34,tracking
3204,40,-1,ball,7.8600001335144,7.69000005722046,tracking
3204,41,52595,player,54.25,28.54,tracking
3204,41,-1,ball,7.8600001335144,7.69000005722046,tracking
3204,42,52595,player,54.1,28.72,tracking
3204,42,-1,ball,7.8600001335144,7.69000005722046,tracking
3204,43,52595,player,53.97,28.9,tracking
3204,43,-1,ball,7.8600001335144,7.69000005722046,tracking
3204,44,52595,player,53.84,29.05,tracking
3204,44,-1,ball,7.8600001335144,7.69000005722046,tracking
3204,34,53463,player,45.27,33.34,tracking
3204,34,-1,ball,7.8600001335144,7.69000005722046,tracking
3204,35,53463,player,44.65,33.2,tracking
3204,35,-1,ball,7.8600001335144,7.69000005722046,tracking
3204,36,53463,player,44.1,33.03,tracking
3204,36,-1,ball,7.8600001335144,7.69000005722046,tracking
3204,37,53463,player,43.62,32.82,tracking
3204,37,-1,ball,7.8600001335144,7.69000005722046,tracking
3204,38,53463,player,43.19,32.58,tracking
3204,38,-1,ball,7.8600001335144,7.69000005722046,tracking
3204,39,53463,player,42.84,32.29,tracking
3204,39,-1,ball,7.8600001335144,7.69000005722046,tracking
3204,40,53463,player,42.55,31.96,tracking
3204,40,-1,ball,7.8600001335144,7.69000005722046,tracking
3204,41,53463,player,42.32,31.6,tracking
3204,41,-1,ball,7.8600001335144,7.69000005722046,tracking
3204,42,53463,player,42.15,31.19,tracking
3204,42,-1,ball,7.8600001335144,7.69000005722046,tracking
3204,43,53463,player,42.03,30.75,tracking
3204,43,-1,ball,7.8600001335144,7.69000005722046,tracking
3204,44,53463,player,41.94,30.28,tracking
3204,44,-1,ball,7.8600001335144,7.69000005722046,tracking
3204,34,40026,player,43.82,18.33,tracking
3204,34,-1,ball,7.8600001335144,7.69000005722046,tracking
3204,35,40026,player,42.9,18.51,tracking
3204,35,-1,ball,7.8600001335144,7.69000005722046,tracking
3204,36,40026,player,41.98,18.66,tracking
3204,36,-1,ball,7.8600001335144,7.69000005722046,tracking
3204,37,40026,player,41.04,18.77,tracking
3204,37,-1,ball,7.8600001335144,7.69000005722046,tracking
3204,38,40026,player,40.11,18.85,tracking
3204,38,-1,ball,7.8600001335144,7.69000005722046,tracking
3204,39,40026,player,39.17,18.89,tracking
3204,39,-1,ball,7.8600001335144,7.69000005722046,tracking
3204,40,40026,player,38.24,18.89,tracking
3204,40,-1,ball,7.8600001335144,7.69000005722046,tracking
3204,41,40026,player,37.31,18.87,tracking
3204,41,-1,ball,7.8600001335144,7.69000005722046,tracking
3204,42,40026,player,36.38,18.81,tracking
3204,42,-1,ball,7.8600001335144,7.69000005722046,tracking
3204,43,40026,player,35.44,18.73,tracking
3204,43,-1,ball,7.8600001335144,7.69000005722046,tracking
3204,44,40026,player,34.51,18.63,tracking
3204,44,-1,ball,7.8600001335144,7.69000005722046,tracking
307,27,44830,player,13.03,38.19,tracking
307,27,-1,ball,23.8500003814697,42.8499984741211,tracking
307,28,44830,player,12.86,38.4,tracking
307,28,-1,ball,23.8500003814697,42.8499984741211,tracking
307,29,44830,player,12.73,38.65,tracking
307,29,-1,ball,23.8500003814697,42.8499984741211,tracking
307,30,44830,player,12.63,38.91,tracking
307,30,-1,ball,23.8500003814697,42.8499984741211,tracking
307,31,44830,player,12.57,39.19,tracking
307,31,-1,ball,23.8500003814697,42.8499984741211,tracking
307,32,44830,player,12.54,39.48,tracking
307,32,-1,ball,23.8500003814697,42.8499984741211,tracking
307,33,44830,player,12.56,39.79,tracking
307,33,-1,ball,23.8500003814697,42.8499984741211,tracking
307,34,44830,player,12.62,40.1,tracking
307,34,-1,ball,23.8500003814697,42.8499984741211,tracking
307,35,44830,player,12.74,40.43,tracking
307,35,-1,ball,23.8500003814697,42.8499984741211,tracking
307,36,44830,player,12.91,40.76,tracking
307,36,-1,ball,23.8500003814697,42.8499984741211,tracking
307,37,44830,player,13.13,41.1,tracking
307,37,-1,ball,23.8500003814697,42.8499984741211,tracking
307,27,55888,player,17.45,16.04,tracking
307,27,-1,ball,23.8500003814697,42.8499984741211,tracking
307,28,55888,player,17.16,15.69,tracking
307,28,-1,ball,23.8500003814697,42.8499984741211,tracking
307,29,55888,player,16.86,15.34,tracking
307,29,-1,ball,23.8500003814697,42.8499984741211,tracking
307,30,55888,player,16.53,15.0,tracking
307,30,-1,ball,23.8500003814697,42.8499984741211,tracking
307,31,55888,player,16.19,14.66,tracking
307,31,-1,ball,23.8500003814697,42.8499984741211,tracking
307,32,55888,player,15.85,14.34,tracking
307,32,-1,ball,23.8500003814697,42.8499984741211,tracking
307,33,55888,player,15.5,14.03,tracking
307,33,-1,ball,23.8500003814697,42.8499984741211,tracking
307,34,55888,player,15.15,13.74,tracking
307,34,-1,ball,23.8500003814697,42.8499984741211,tracking
307,35,55888,player,14.82,13.47,tracking
307,35,-1,ball,23.8500003814697,42.8499984741211,tracking
307,36,55888,player,14.5,13.23,tracking
307,36,-1,ball,23.8500003814697,42.8499984741211,tracking
307,37,55888,player,14.21,13.01,tracking
307,37,-1,ball,23.8500003814697,42.8499984741211,tracking
307,27,47819,player,27.74,34.27,tracking
307,27,-1,ball,23.8500003814697,42.8499984741211,tracking
307,28,47819,player,27.76,34.77,tracking
307,28,-1,ball,23.8500003814697,42.8499984741211,tracking
307,29,47819,player,27.75,35.3,tracking
307,29,-1,ball,23.8500003814697,42.8499984741211,tracking
307,30,47819,player,27.71,35.85,tracking
307,30,-1,ball,23.8500003814697,42.8499984741211,tracking
307,31,47819,player,27.65,36.41,tracking
307,31,-1,ball,23.8500003814697,42.8499984741211,tracking
307,32,47819,player,27.56,36.97,tracking
307,32,-1,ball,23.8500003814697,42.8499984741211,tracking
307,33,47819,player,27.46,37.53,tracking
307,33,-1,ball,23.8500003814697,42.8499984741211,tracking
307,34,47819,player,27.34,38.09,tracking
307,34,-1,ball,23.8500003814697,42.8499984741211,tracking
307,35,47819,player,27.21,38.64,tracking
307,35,-1,ball,23.8500003814697,42.8499984741211,tracking
307,36,47819,player,27.07,39.18,tracking
307,36,-1,ball,23.8500003814697,42.8499984741211,tracking
307,37,47819,player,26.91,39.72,tracking
307,37,-1,ball,23.8500003814697,42.8499984741211,tracking
2308,13,56007,player,73.79,34.8,tracking
2308,13,-1,ball,74.0699996948242,13.1199998855591,tracking
2308,14,56007,player,73.83,35.02,tracking
2308,14,-1,ball,74.0699996948242,13.1199998855591,tracking
2308,15,56007,player,73.86,35.25,tracking
2308,15,-1,ball,74.0699996948242,13.1199998855591,tracking
2308,16,56007,player,73.86,35.49,tracking
2308,16,-1,ball,74.0699996948242,13.1199998855591,tracking
2308,17,56007,player,73.83,35.73,tracking
2308,17,-1,ball,74.0699996948242,13.1199998855591,tracking
2308,18,56007,player,73.78,35.97,tracking
2308,18,-1,ball,74.0699996948242,13.1199998855591,tracking
2308,19,56007,player,73.7,36.2,tracking
2308,19,-1,ball,74.0699996948242,13.1199998855591,tracking
2308,20,56007,player,73.59,36.41,tracking
2308,20,-1,ball,74.0699996948242,13.1199998855591,tracking
2308,21,56007,player,73.45,36.61,tracking
2308,21,-1,ball,74.0699996948242,13.1199998855591,tracking
2308,22,56007,player,73.28,36.78,tracking
2308,22,-1,ball,74.0699996948242,13.1199998855591,tracking
2308,23,56007,player,73.1,36.92,tracking
2308,23,-1,ball,74.0699996948242,13.1199998855591,tracking
2308,13,46073,player,67.38,37.61,tracking
2308,13,-1,ball,74.0699996948242,13.1199998855591,tracking
2308,14,46073,player,67.0,37.66,tracking
2308,14,-1,ball,74.0699996948242,13.1199998855591,tracking
2308,15,46073,player,66.6,37.71,tracking
2308,15,-1,ball,74.0699996948242,13.1199998855591,tracking
2308,16,46073,player,66.16,37.75,tracking
2308,16,-1,ball,74.0699996948242,13.1199998855591,tracking
2308,17,46073,player,65.7,37.78,tracking
2308,17,-1,ball,74.0699996948242,13.1199998855591,tracking
2308,18,46073,player,65.2,37.79,tracking
2308,18,-1,ball,74.0699996948242,13.1199998855591,tracking
2308,19,46073,player,64.68,37.78,tracking
2308,19,-1,ball,74.0699996948242,13.1199998855591,tracking
2308,20,46073,player,64.16,37.76,tracking
2308,20,-1,ball,74.0699996948242,13.1199998855591,tracking
2308,21,46073,player,63.63,37.71,tracking
2308,21,-1,ball,74.0699996948242,13.1199998855591,tracking
2308,22,46073,player,63.11,37.64,tracking
2308,22,-1,ball,74.0699996948242,13.1199998855591,tracking
2308,23,46073,player,62.59,37.55,tracking
2308,23,-1,ball,74.0699996948242,13.1199998855591,tracking
2308,13,54533,player,70.04,15.66,tracking
2308,13,-1,ball,74.0699996948242,13.1199998855591,tracking
2308,14,54533,player,69.89,15.59,tracking
2308,14,-1,ball,74.0699996948242,13.1199998855591,tracking
2308,15,54533,player,69.71,15.5,tracking
2308,15,-1,ball,74.0699996948242,13.1199998855591,tracking
2308,16,54533,player,69.51,15.38,tracking
2308,16,-1,ball,74.0699996948242,13.1199998855591,tracking
2308,17,54533,player,69.28,15.23,tracking
2308,17,-1,ball,74.0699996948242,13.1199998855591,tracking
2308,18,54533,player,69.04,15.07,tracking
2308,18,-1,ball,74.0699996948242,13.1199998855591,tracking
2308,19,54533,player,68.79,14.9,tracking
2308,19,-1,ball,74.0699996948242,13.1199998855591,tracking
2308,20,54533,player,68.51,14.73,tracking
2308,20,-1,ball,74.0699996948242,13.1199998855591,tracking
2308,21,54533,player,68.22,14.54,tracking
2308,21,-1,ball,74.0699996948242,13.1199998855591,tracking
2308,22,54533,player,67.91,14.35,tracking
2308,22,-1,ball,74.0699996948242,13.1199998855591,tracking
2308,23,54533,player,67.59,14.15,tracking
2308,23,-1,ball,74.0699996948242,13.1199998855591,tracking
2308,13,53074,player,74.44,32.06,tracking
2308,13,-1,ball,74.0699996948242,13.1199998855591,tracking
2308,14,53074,player,73.87,32.04,tracking
2308,14,-1,ball,74.0699996948242,13.1199998855591,tracking
2308,15,53074,player,73.27,32.02,tracking
2308,15,-1,ball,74.0699996948242,13.1199998855591,tracking
2308,16,53074,player,72.65,32.01,tracking
2308,16,-1,ball,74.0699996948242,13.1199998855591,tracking
2308,17,53074,player,72.01,31.98,tracking
2308,17,-1,ball,74.0699996948242,13.1199998855591,tracking
2308,18,53074,player,71.36,31.95,tracking
2308,18,-1,ball,74.0699996948242,13.1199998855591,tracking
2308,19,53074,player,70.7,31.91,tracking
2308,19,-1,ball,74.0699996948242,13.1199998855591,tracking
2308,20,53074,player,70.06,31.83,tracking
2308,20,-1,ball,74.0699996948242,13.1199998855591,tracking
2308,21,53074,player,69.43,31.73,tracking
2308,21,-1,ball,74.0699996948242,13.1199998855591,tracking
2308,22,53074,player,68.82,31.6,tracking
2308,22,-1,ball,74.0699996948242,13.1199998855591,tracking
2308,23,53074,player,68.24,31.42,tracking
2308,23,-1,ball,74.0699996948242,13.1199998855591,tracking
2308,13,54483,player,76.38,34.3,tracking
2308,13,-1,ball,74.0699996948242,13.1199998855591,tracking
2308,14,54483,player,76.04,34.06,tracking
2308,14,-1,ball,74.0699996948242,13.1199998855591,tracking
2308,15,54483,player,75.7,33.77,tracking
2308,15,-1,ball,74.0699996948242,13.1199998855591,tracking
2308,16,54483,player,75.38,33.45,tracking
2308,16,-1,ball,74.0699996948242,13.1199998855591,tracking
2308,17,54483,player,75.09,33.08,tracking
2308,17,-1,ball,74.0699996948242,13.1199998855591,tracking
2308,18,54483,player,74.84,32.68,tracking
2308,18,-1,ball,74.0699996948242,13.1199998855591,tracking
2308,19,54483,player,74.65,32.24,tracking
2308,19,-1,ball,74.0699996948242,13.1199998855591,tracking
2308,20,54483,player,74.5,31.77,tracking
2308,20,-1,ball,74.0699996948242,13.1199998855591,tracking
2308,21,54483,player,74.39,31.27,tracking
2308,21,-1,ball,74.0699996948242,13.1199998855591,tracking
2308,22,54483,player,74.32,30.75,tracking
2308,22,-1,ball,74.0699996948242,13.1199998855591,tracking
2308,23,54483,player,74.29,30.21,tracking
2308,23,-1,ball,74.0699996948242,13.1199998855591,tracking
2308,13,39973,player,80.13,18.86,tracking
2308,13,-1,ball,74.0699996948242,13.1199998855591,tracking
2308,14,39973,player,79.79,18.67,tracking
2308,14,-1,ball,74.0699996948242,13.1199998855591,tracking
2308,15,39973,player,79.43,18.48,tracking
2308,15,-1,ball,74.0699996948242,13.1199998855591,tracking
2308,16,39973,player,79.04,18.28,tracking
2308,16,-1,ball,74.0699996948242,13.1199998855591,tracking
2308,17,39973,player,78.61,18.06,tracking
2308,17,-1,ball,74.0699996948242,13.1199998855591,tracking
2308,18,39973,player,78.17,17.84,tracking
2308,18,-1,ball,74.0699996948242,13.1199998855591,tracking
2308,19,39973,player,77.72,17.59,tracking
2308,19,-1,ball,74.0699996948242,13.1199998855591,tracking
2308,20,39973,player,77.26,17.33,tracking
2308,20,-1,ball,74.0699996948242,13.1199998855591,tracking
2308,21,39973,player,76.8,17.05,tracking
2308,21,-1,ball,74.0699996948242,13.1199998855591,tracking
2308,22,39973,player,76.34,16.75,tracking
2308,22,-1,ball,74.0699996948242,13.1199998855591,tracking
2308,23,39973,player,75.9,16.42,tracking
2308,23,-1,ball,74.0699996948242,13.1199998855591,tracking
2687,18,52469,player,83.03,39.92,tracking
2687,18,-1,ball,89.5599975585938,31.4400005340576,tracking
2687,19,52469,player,83.23,40.06,tracking
2687,19,-1,ball,89.5599975585938,31.4400005340576,tracking
2687,20,52469,player,83.46,40.2,tracking
2687,20,-1,ball,89.5599975585938,31.4400005340576,tracking
2687,21,52469,player,83.72,40.35,tracking
2687,21,-1,ball,89.5599975585938,31.4400005340576,tracking
2687,22,52469,player,84.01,40.49,tracking
2687,22,-1,ball,89.5599975585938,31.4400005340576,tracking
2687,23,52469,player,84.32,40.63,tracking
2687,23,-1,ball,89.5599975585938,31.4400005340576,tracking
2687,24,52469,player,84.65,40.76,tracking
2687,24,-1,ball,89.5599975585938,31.4400005340576,tracking
2687,25,52469,player,84.99,40.83,tracking
2687,25,-1,ball,89.5599975585938,31.4400005340576,tracking
2687,26,52469,player,85.31,40.87,tracking
2687,26,-1,ball,89.5599975585938,31.4400005340576,tracking
2687,27,52469,player,85.63,40.87,tracking
2687,27,-1,ball,89.5599975585938,31.4400005340576,tracking
2687,28,52469,player,85.94,40.82,tracking
2687,28,-1,ball,89.5599975585938,31.4400005340576,tracking
2687,18,54500,player,83.63,16.9,tracking
2687,18,-1,ball,89.5599975585938,31.4400005340576,tracking
2687,19,54500,player,83.81,16.51,tracking
2687,19,-1,ball,89.5599975585938,31.4400005340576,tracking
2687,20,54500,player,83.99,16.1,tracking
2687,20,-1,ball,89.5599975585938,31.4400005340576,tracking
2687,21,54500,player,84.14,15.67,tracking
2687,21,-1,ball,89.5599975585938,31.4400005340576,tracking
2687,22,54500,player,84.27,15.24,tracking
2687,22,-1,ball,89.5599975585938,31.4400005340576,tracking
2687,23,54500,player,84.38,14.8,tracking
2687,23,-1,ball,89.5599975585938,31.4400005340576,tracking
2687,24,54500,player,84.44,14.37,tracking
2687,24,-1,ball,89.5599975585938,31.4400005340576,tracking
2687,25,54500,player,84.48,13.95,tracking
2687,25,-1,ball,89.5599975585938,31.4400005340576,tracking
2687,26,54500,player,84.49,13.54,tracking
2687,26,-1,ball,89.5599975585938,31.4400005340576,tracking
2687,27,54500,player,84.48,13.14,tracking
2687,27,-1,ball,89.5599975585938,31.4400005340576,tracking
2687,28,54500,player,84.45,12.76,tracking
2687,28,-1,ball,89.5599975585938,31.4400005340576,tracking
2687,18,47822,player,90.28,8.16,tracking
2687,18,-1,ball,89.5599975585938,31.4400005340576,tracking
2687,19,47822,player,90.74,8.04,tracking
2687,19,-1,ball,89.5599975585938,31.4400005340576,tracking
2687,20,47822,player,91.21,7.93,tracking
2687,20,-1,ball,89.5599975585938,31.4400005340576,tracking
2687,21,47822,player,91.72,7.82,tracking
2687,21,-1,ball,89.5599975585938,31.4400005340576,tracking
2687,22,47822,player,92.24,7.72,tracking
2687,22,-1,ball,89.5599975585938,31.4400005340576,tracking
2687,23,47822,player,92.79,7.61,tracking
2687,23,-1,ball,89.5599975585938,31.4400005340576,tracking
2687,24,47822,player,93.36,7.53,tracking
2687,24,-1,ball,89.5599975585938,31.4400005340576,tracking
2687,25,47822,player,93.92,7.45,tracking
2687,25,-1,ball,89.5599975585938,31.4400005340576,tracking
2687,26,47822,player,94.51,7.38,tracking
2687,26,-1,ball,89.5599975585938,31.4400005340576,tracking
2687,27,47822,player,95.1,7.32,tracking
2687,27,-1,ball,89.5599975585938,31.4400005340576,tracking
2687,28,47822,player,95.67,7.29,tracking
2687,28,-1,ball,89.5599975585938,31.4400005340576,tracking
2687,18,42347,player,82.57,16.81,tracking
2687,18,-1,ball,89.5599975585938,31.4400005340576,tracking
2687,19,42347,player,82.85,16.55,tracking
2687,19,-1,ball,89.5599975585938,31.4400005340576,tracking
2687,20,42347,player,83.1,16.29,tracking
2687,20,-1,ball,89.5599975585938,31.4400005340576,tracking
2687,21,42347,player,83.3,16.05,tracking
2687,21,-1,ball,89.5599975585938,31.4400005340576,tracking
2687,22,42347,player,83.47,15.84,tracking
2687,22,-1,ball,89.5599975585938,31.4400005340576,tracking
2687,23,42347,player,83.61,15.68,tracking
2687,23,-1,ball,89.5599975585938,31.4400005340576,tracking
2687,24,42347,player,83.72,15.57,tracking
2687,24,-1,ball,89.5599975585938,31.4400005340576,tracking
2687,25,42347,player,83.8,15.54,tracking
2687,25,-1,ball,89.5599975585938,31.4400005340576,tracking
2687,26,42347,player,83.86,15.55,tracking
2687,26,-1,ball,89.5599975585938,31.4400005340576,tracking
2687,27,42347,player,83.9,15.63,tracking
2687,27,-1,ball,89.5599975585938,31.4400005340576,tracking
2687,28,42347,player,83.93,15.76,tracking
2687,28,-1,ball,89.5599975585938,31.4400005340576,tracking
2687,18,53463,player,86.28,8.33,tracking
2687,18,-1,ball,89.5599975585938,31.4400005340576,tracking
2687,19,53463,player,86.99,8.22,tracking
2687,19,-1,ball,89.5599975585938,31.4400005340576,tracking
2687,20,53463,player,87.71,8.11,tracking
2687,20,-1,ball,89.5599975585938,31.4400005340576,tracking
2687,21,53463,player,88.44,7.99,tracking
2687,21,-1,ball,89.5599975585938,31.4400005340576,tracking
2687,22,53463,player,89.17,7.88,tracking
2687,22,-1,ball,89.5599975585938,31.4400005340576,tracking
2687,23,53463,player,89.9,7.76,tracking
2687,23,-1,ball,89.5599975585938,31.4400005340576,tracking
2687,24,53463,player,90.63,7.65,tracking
2687,24,-1,ball,89.5599975585938,31.4400005340576,tracking
2687,25,53463,player,91.32,7.53,tracking
2687,25,-1,ball,89.5599975585938,31.4400005340576,tracking
2687,26,53463,player,91.99,7.41,tracking
2687,26,-1,ball,89.5599975585938,31.4400005340576,tracking
2687,27,53463,player,92.64,7.29,tracking
2687,27,-1,ball,89.5599975585938,31.4400005340576,tracking
2687,28,53463,player,93.19,7.15,tracking
2687,28,-1,ball,89.5599975585938,31.4400005340576,tracking
2687,18,52595,player,85.17,37.37,tracking
2687,18,-1,ball,89.5599975585938,31.4400005340576,tracking
2687,19,52595,player,85.7,37.31,tracking
2687,19,-1,ball,89.5599975585938,31.4400005340576,tracking
2687,20,52595,player,86.23,37.26,tracking
2687,20,-1,ball,89.5599975585938,31.4400005340576,tracking
2687,21,52595,player,86.74,37.21,tracking
2687,21,-1,ball,89.5599975585938,31.4400005340576,tracking
2687,22,52595,player,87.23,37.15,tracking
2687,22,-1,ball,89.5599975585938,31.4400005340576,tracking
2687,23,52595,player,87.68,37.05,tracking
2687,23,-1,ball,89.5599975585938,31.4400005340576,tracking
2687,24,52595,player,88.1,36.92,tracking
2687,24,-1,ball,89.5599975585938,31.4400005340576,tracking
2687,25,52595,player,88.49,36.75,tracking
2687,25,-1,ball,89.5599975585938,31.4400005340576,tracking
2687,26,52595,player,88.85,36.53,tracking
2687,26,-1,ball,89.5599975585938,31.4400005340576,tracking
2687,27,52595,player,89.16,36.25,tracking
2687,27,-1,ball,89.5599975585938,31.4400005340576,tracking
2687,28,52595,player,89.44,35.92,tracking
2687,28,-1,ball,89.5599975585938,31.4400005340576,tracking
540,17,52424,player,43.22,10.14,tracking
540,17,-1,ball,46.8300018310547,30.0200004577637,tracking
540,18,52424,player,43.67,10.26,tracking
540,18,-1,ball,46.8300018310547,30.0200004577637,tracking
540,19,52424,player,44.14,10.39,tracking
540,19,-1,ball,46.8300018310547,30.0200004577637,tracking
540,20,52424,player,44.64,10.53,tracking
540,20,-1,ball,46.8300018310547,30.0200004577637,tracking
540,21,52424,player,45.16,10.68,tracking
540,21,-1,ball,46.8300018310547,30.0200004577637,tracking
540,22,52424,player,45.7,10.82,tracking
540,22,-1,ball,46.8300018310547,30.0200004577637,tracking
540,23,52424,player,46.26,10.97,tracking
540,23,-1,ball,46.8300018310547,30.0200004577637,tracking
540,24,52424,player,46.85,11.11,tracking
540,24,-1,ball,46.8300018310547,30.0200004577637,tracking
540,25,52424,player,47.46,11.24,tracking
540,25,-1,ball,46.8300018310547,30.0200004577637,tracking
540,26,52424,player,48.09,11.35,tracking
540,26,-1,ball,46.8300018310547,30.0200004577637,tracking
540,27,52424,player,48.74,11.46,tracking
540,27,-1,ball,46.8300018310547,30.0200004577637,tracking
540,17,52272,player,46.16,14.71,tracking
540,17,-1,ball,46.8300018310547,30.0200004577637,tracking
540,18,52272,player,46.53,14.25,tracking
540,18,-1,ball,46.8300018310547,30.0200004577637,tracking
540,19,52272,player,46.97,13.81,tracking
540,19,-1,ball,46.8300018310547,30.0200004577637,tracking
540,20,52272,player,47.46,13.39,tracking
540,20,-1,ball,46.8300018310547,30.0200004577637,tracking
540,21,52272,player,48.0,12.99,tracking
540,21,-1,ball,46.8300018310547,30.0200004577637,tracking
540,22,52272,player,48.58,12.61,tracking
540,22,-1,ball,46.8300018310547,30.0200004577637,tracking
540,23,52272,player,49.2,12.24,tracking
540,23,-1,ball,46.8300018310547,30.0200004577637,tracking
540,24,52272,player,49.86,11.88,tracking
540,24,-1,ball,46.8300018310547,30.0200004577637,tracking
540,25,52272,player,50.56,11.53,tracking
540,25,-1,ball,46.8300018310547,30.0200004577637,tracking
540,26,52272,player,51.28,11.17,tracking
540,26,-1,ball,46.8300018310547,30.0200004577637,tracking
540,27,52272,player,52.03,10.82,tracking
540,27,-1,ball,46.8300018310547,30.0200004577637,tracking
540,17,46215,player,41.11,34.92,tracking
540,17,-1,ball,46.8300018310547,30.0200004577637,tracking
540,18,46215,player,41.27,34.38,tracking
540,18,-1,ball,46.8300018310547,30.0200004577637,tracking
540,19,46215,player,41.44,33.8,tracking
540,19,-1,ball,46.8300018310547,30.0200004577637,tracking
540,20,46215,player,41.61,33.19,tracking
540,20,-1,ball,46.8300018310547,30.0200004577637,tracking
540,21,46215,player,41.77,32.54,tracking
540,21,-1,ball,46.8300018310547,30.0200004577637,tracking
540,22,46215,player,41.92,31.86,tracking
540,22,-1,ball,46.8300018310547,30.0200004577637,tracking
540,23,46215,player,42.08,31.16,tracking
540,23,-1,ball,46.8300018310547,30.0200004577637,tracking
540,24,46215,player,42.22,30.43,tracking
540,24,-1,ball,46.8300018310547,30.0200004577637,tracking
540,25,46215,player,42.36,29.67,tracking
540,25,-1,ball,46.8300018310547,30.0200004577637,tracking
540,26,46215,player,42.49,28.89,tracking
540,26,-1,ball,46.8300018310547,30.0200004577637,tracking
540,27,46215,player,42.62,28.08,tracking
540,27,-1,ball,46.8300018310547,30.0200004577637,tracking
540,17,44930,player,40.66,33.42,tracking
540,17,-1,ball,46.8300018310547,30.0200004577637,tracking
540,18,44930,player,40.85,32.8,tracking
540,18,-1,ball,46.8300018310547,30.0200004577637,tracking
540,19,44930,player,41.05,32.14,tracking
540,19,-1,ball,46.8300018310547,30.0200004577637,tracking
540,20,44930,player,41.24,31.46,tracking
540,20,-1,ball,46.8300018310547,30.0200004577637,tracking
540,21,44930,player,41.44,30.75,tracking
540,21,-1,ball,46.8300018310547,30.0200004577637,tracking
540,22,44930,player,41.63,30.03,tracking
540,22,-1,ball,46.8300018310547,30.0200004577637,tracking
540,23,44930,player,41.83,29.29,tracking
540,23,-1,ball,46.8300018310547,30.0200004577637,tracking
540,24,44930,player,42.01,28.53,tracking
540,24,-1,ball,46.8300018310547,30.0200004577637,tracking
540,25,44930,player,42.19,27.76,tracking
540,25,-1,ball,46.8300018310547,30.0200004577637,tracking
540,26,44930,player,42.36,26.98,tracking
540,26,-1,ball,46.8300018310547,30.0200004577637,tracking
540,27,44930,player,42.51,26.19,tracking
540,27,-1,ball,46.8300018310547,30.0200004577637,tracking
540,17,53541,player,43.54,25.06,tracking
540,17,-1,ball,46.8300018310547,30.0200004577637,tracking
540,18,53541,player,44.05,25.54,tracking
540,18,-1,ball,46.8300018310547,30.0200004577637,tracking
540,19,53541,player,44.55,26.02,tracking
540,19,-1,ball,46.8300018310547,30.0200004577637,tracking
540,20,53541,player,45.05,26.51,tracking
540,20,-1,ball,46.8300018310547,30.0200004577637,tracking
540,21,53541,player,45.54,26.99,tracking
540,21,-1,ball,46.8300018310547,30.0200004577637,tracking
540,22,53541,player,46.01,27.45,tracking
540,22,-1,ball,46.8300018310547,30.0200004577637,tracking
540,23,53541,player,46.47,27.88,tracking
540,23,-1,ball,46.8300018310547,30.0200004577637,tracking
540,24,53541,player,46.9,28.29,tracking
540,24,-1,ball,46.8300018310547,30.0200004577637,tracking
540,25,53541,player,47.3,28.67,tracking
540,25,-1,ball,46.8300018310547,30.0200004577637,tracking
540,26,53541,player,47.66,29.01,tracking
540,26,-1,ball,46.8300018310547,30.0200004577637,tracking
540,27,53541,player,47.99,29.31,tracking
540,27,-1,ball,46.8300018310547,30.0200004577637,tracking
2545,5,52424,player,64.77,37.55,tracking
2545,5,-1,ball,66.3000030517578,41.7000007629395,tracking
2545,6,52424,player,64.7,37.29,tracking
2545,6,-1,ball,66.3000030517578,41.7000007629395,tracking
2545,7,52424,player,64.59,37.03,tracking
2545,7,-1,ball,66.3000030517578,41.7000007629395,tracking
2545,8,52424,player,64.44,36.76,tracking
2545,8,-1,ball,66.3000030517578,41.7000007629395,tracking
2545,9,52424,player,64.25,36.5,tracking
2545,9,-1,ball,66.3000030517578,41.7000007629395,tracking
2545,10,52424,player,64.03,36.25,tracking
2545,10,-1,ball,66.3000030517578,41.7000007629395,tracking
2545,11,52424,player,63.78,36.03,tracking
2545,11,-1,ball,66.3000030517578,41.7000007629395,tracking
2545,12,52424,player,63.51,35.83,tracking
2545,12,-1,ball,66.3000030517578,41.7000007629395,tracking
2545,13,52424,player,63.23,35.65,tracking
2545,13,-1,ball,66.3000030517578,41.7000007629395,tracking
2545,14,52424,player,62.94,35.51,tracking
2545,14,-1,ball,66.3000030517578,41.7000007629395,tracking
2545,15,52424,player,62.66,35.39,tracking
2545,15,-1,ball,66.3000030517578,41.7000007629395,tracking
2545,5,52411,player,65.72,19.58,tracking
2545,5,-1,ball,66.3000030517578,41.7000007629395,tracking
2545,6,52411,player,65.73,19.59,tracking
2545,6,-1,ball,66.3000030517578,41.7000007629395,tracking
2545,7,52411,player,65.71,19.59,tracking
2545,7,-1,ball,66.3000030517578,41.7000007629395,tracking
2545,8,52411,player,65.68,19.59,tracking
2545,8,-1,ball,66.3000030517578,41.7000007629395,tracking
2545,9,52411,player,65.63,19.59,tracking
2545,9,-1,ball,66.3000030517578,41.7000007629395,tracking
2545,10,52411,player,65.55,19.59,tracking
2545,10,-1,ball,66.3000030517578,41.7000007629395,tracking
2545,11,52411,player,65.44,19.61,tracking
2545,11,-1,ball,66.3000030517578,41.7000007629395,tracking
2545,12,52411,player,65.29,19.65,tracking
2545,12,-1,ball,66.3000030517578,41.7000007629395,tracking
2545,13,52411,player,65.11,19.7,tracking
2545,13,-1,ball,66.3000030517578,41.7000007629395,tracking
2545,14,52411,player,64.89,19.77,tracking
2545,14,-1,ball,66.3000030517578,41.7000007629395,tracking
2545,15,52411,player,64.64,19.84,tracking
2545,15,-1,ball,66.3000030517578,41.7000007629395,tracking
2545,5,44930,player,66.67,22.17,tracking
2545,5,-1,ball,66.3000030517578,41.7000007629395,tracking
2545,6,44930,player,66.52,22.17,tracking
2545,6,-1,ball,66.3000030517578,41.7000007629395,tracking
2545,7,44930,player,66.33,22.17,tracking
2545,7,-1,ball,66.3000030517578,41.7000007629395,tracking
2545,8,44930,player,66.09,22.17,tracking
2545,8,-1,ball,66.3000030517578,41.7000007629395,tracking
2545,9,44930,player,65.8,22.16,tracking
2545,9,-1,ball,66.3000030517578,41.7000007629395,tracking
2545,10,44930,player,65.45,22.14,tracking
2545,10,-1,ball,66.3000030517578,41.7000007629395,tracking
2545,11,44930,player,65.06,22.11,tracking
2545,11,-1,ball,66.3000030517578,41.7000007629395,tracking
2545,12,44930,player,64.62,22.08,tracking
2545,12,-1,ball,66.3000030517578,41.7000007629395,tracking
2545,13,44930,player,64.14,22.04,tracking
2545,13,-1,ball,66.3000030517578,41.7000007629395,tracking
2545,14,44930,player,63.63,22.01,tracking
2545,14,-1,ball,66.3000030517578,41.7000007629395,tracking
2545,15,44930,player,63.08,21.97,tracking
2545,15,-1,ball,66.3000030517578,41.7000007629395,tracking
2545,5,38696,player,66.37,36.5,tracking
2545,5,-1,ball,66.3000030517578,41.7000007629395,tracking
2545,6,38696,player,66.13,36.4,tracking
2545,6,-1,ball,66.3000030517578,41.7000007629395,tracking
2545,7,38696,player,65.84,36.28,tracking
2545,7,-1,ball,66.3000030517578,41.7000007629395,tracking
2545,8,38696,player,65.52,36.15,tracking
2545,8,-1,ball,66.3000030517578,41.7000007629395,tracking
2545,9,38696,player,65.18,36.0,tracking
2545,9,-1,ball,66.3000030517578,41.7000007629395,tracking
2545,10,38696,player,64.81,35.85,tracking
2545,10,-1,ball,66.3000030517578,41.7000007629395,tracking
2545,11,38696,player,64.43,35.69,tracking
2545,11,-1,ball,66.3000030517578,41.7000007629395,tracking
2545,12,38696,player,64.05,35.52,tracking
2545,12,-1,ball,66.3000030517578,41.7000007629395,tracking
2545,13,38696,player,63.69,35.36,tracking
2545,13,-1,ball,66.3000030517578,41.7000007629395,tracking
2545,14,38696,player,63.35,35.2,tracking
2545,14,-1,ball,66.3000030517578,41.7000007629395,tracking
2545,15,38696,player,63.04,35.07,tracking
2545,15,-1,ball,66.3000030517578,41.7000007629395,tracking
2545,5,53541,player,70.62,33.4,tracking
2545,5,-1,ball,66.3000030517578,41.7000007629395,tracking
2545,6,53541,player,70.52,33.61,tracking
2545,6,-1,ball,66.3000030517578,41.7000007629395,tracking
2545,7,53541,player,70.39,33.88,tracking
2545,7,-1,ball,66.3000030517578,41.7000007629395,tracking
2545,8,53541,player,70.22,34.2,tracking
2545,8,-1,ball,66.3000030517578,41.7000007629395,tracking
2545,9,53541,player,70.02,34.57,tracking
2545,9,-1,ball,66.3000030517578,41.7000007629395,tracking
2545,10,53541,player,69.78,34.97,tracking
2545,10,-1,ball,66.3000030517578,41.7000007629395,tracking
2545,11,53541,player,69.52,35.42,tracking
2545,11,-1,ball,66.3000030517578,41.7000007629395,tracking
2545,12,53541,player,69.23,35.9,tracking
2545,12,-1,ball,66.3000030517578,41.7000007629395,tracking
2545,13,53541,player,68.93,36.41,tracking
2545,13,-1,ball,66.3000030517578,41.7000007629395,tracking
2545,14,53541,player,68.61,36.94,tracking
2545,14,-1,ball,66.3000030517578,41.7000007629395,tracking
2545,15,53541,player,68.29,37.5,tracking
2545,15,-1,ball,66.3000030517578,41.7000007629395,tracking
1409,24,54514,player,53.7,37.97,tracking
1409,24,-1,ball,12.3900003433228,24.6399993896484,tracking
1409,25,54514,player,53.5,38.13,tracking
1409,25,-1,ball,12.3900003433228,24.6399993896484,tracking
1409,26,54514,player,53.28,38.24,tracking
1409,26,-1,ball,12.3900003433228,24.6399993896484,tracking
1409,27,54514,player,53.04,38.32,tracking
1409,27,-1,ball,12.3900003433228,24.6399993896484,tracking
1409,28,54514,player,52.8,38.34,tracking
1409,28,-1,ball,12.3900003433228,24.6399993896484,tracking
1409,29,54514,player,52.53,38.28,tracking
1409,29,-1,ball,12.3900003433228,24.6399993896484,tracking
1409,30,54514,player,52.27,38.17,tracking
1409,30,-1,ball,12.3900003433228,24.6399993896484,tracking
1409,31,54514,player,52.0,38.02,tracking
1409,31,-1,ball,12.3900003433228,24.6399993896484,tracking
1409,32,54514,player,51.73,37.78,tracking
1409,32,-1,ball,12.3900003433228,24.6399993896484,tracking
1409,33,54514,player,51.46,37.48,tracking
1409,33,-1,ball,12.3900003433228,24.6399993896484,tracking
1409,34,54514,player,51.19,37.13,tracking
1409,34,-1,ball,12.3900003433228,24.6399993896484,tracking
1409,24,44823,player,44.53,9.56,tracking
1409,24,-1,ball,12.3900003433228,24.6399993896484,tracking
1409,25,44823,player,44.07,9.39,tracking
1409,25,-1,ball,12.3900003433228,24.6399993896484,tracking
1409,26,44823,player,43.61,9.22,tracking
1409,26,-1,ball,12.3900003433228,24.6399993896484,tracking
1409,27,44823,player,43.16,9.05,tracking
1409,27,-1,ball,12.3900003433228,24.6399993896484,tracking
1409,28,44823,player,42.72,8.88,tracking
1409,28,-1,ball,12.3900003433228,24.6399993896484,tracking
1409,29,44823,player,42.3,8.72,tracking
1409,29,-1,ball,12.3900003433228,24.6399993896484,tracking
1409,30,44823,player,41.91,8.58,tracking
1409,30,-1,ball,12.3900003433228,24.6399993896484,tracking
1409,31,44823,player,41.55,8.45,tracking
1409,31,-1,ball,12.3900003433228,24.6399993896484,tracking
1409,32,44823,player,41.22,8.34,tracking
1409,32,-1,ball,12.3900003433228,24.6399993896484,tracking
1409,33,44823,player,40.91,8.25,tracking
1409,33,-1,ball,12.3900003433228,24.6399993896484,tracking
1409,34,44823,player,40.62,8.18,tracking
1409,34,-1,ball,12.3900003433228,24.6399993896484,tracking
1409,24,54597,player,45.71,8.23,tracking
1409,24,-1,ball,12.3900003433228,24.6399993896484,tracking
1409,25,54597,player,45.01,7.91,tracking
1409,25,-1,ball,12.3900003433228,24.6399993896484,tracking
1409,26,54597,player,44.31,7.56,tracking
1409,26,-1,ball,12.3900003433228,24.6399993896484,tracking
1409,27,54597,player,43.6,7.21,tracking
1409,27,-1,ball,12.3900003433228,24.6399993896484,tracking
1409,28,54597,player,42.88,6.86,tracking
1409,28,-1,ball,12.3900003433228,24.6399993896484,tracking
1409,29,54597,player,42.15,6.54,tracking
1409,29,-1,ball,12.3900003433228,24.6399993896484,tracking
1409,30,54597,player,41.41,6.23,tracking
1409,30,-1,ball,12.3900003433228,24.6399993896484,tracking
1409,31,54597,player,40.65,5.94,tracking
1409,31,-1,ball,12.3900003433228,24.6399993896484,tracking
1409,32,54597,player,39.88,5.68,tracking
1409,32,-1,ball,12.3900003433228,24.6399993896484,tracking
1409,33,54597,player,39.1,5.44,tracking
1409,33,-1,ball,12.3900003433228,24.6399993896484,tracking
1409,34,54597,player,38.32,5.23,tracking
1409,34,-1,ball,12.3900003433228,24.6399993896484,tracking
1409,24,54723,player,45.05,17.44,tracking
1409,24,-1,ball,12.3900003433228,24.6399993896484,tracking
1409,25,54723,player,44.21,17.5,tracking
1409,25,-1,ball,12.3900003433228,24.6399993896484,tracking
1409,26,54723,player,43.36,17.57,tracking
1409,26,-1,ball,12.3900003433228,24.6399993896484,tracking
1409,27,54723,player,42.5,17.64,tracking
1409,27,-1,ball,12.3900003433228,24.6399993896484,tracking
1409,28,54723,player,41.62,17.73,tracking
1409,28,-1,ball,12.3900003433228,24.6399993896484,tracking
1409,29,54723,player,40.73,17.84,tracking
1409,29,-1,ball,12.3900003433228,24.6399993896484,tracking
1409,30,54723,player,39.84,17.96,tracking
1409,30,-1,ball,12.3900003433228,24.6399993896484,tracking
1409,31,54723,player,38.93,18.11,tracking
1409,31,-1,ball,12.3900003433228,24.6399993896484,tracking
1409,32,54723,player,38.02,18.28,tracking
1409,32,-1,ball,12.3900003433228,24.6399993896484,tracking
1409,33,54723,player,37.1,18.47,tracking
1409,33,-1,ball,12.3900003433228,24.6399993896484,tracking
1409,34,54723,player,36.19,18.68,tracking
1409,34,-1,ball,12.3900003433228,24.6399993896484,tracking
2485,17,54514,player,96.72,16.45,tracking
2485,17,-1,ball,93.6800003051758,38.1199989318848,tracking
2485,18,54514,player,96.56,15.97,tracking
2485,18,-1,ball,93.6800003051758,38.1199989318848,tracking
2485,19,54514,player,96.42,15.45,tracking
2485,19,-1,ball,93.6800003051758,38.1199989318848,tracking
2485,20,54514,player,96.3,14.92,tracking
2485,20,-1,ball,93.6800003051758,38.1199989318848,tracking
2485,21,54514,player,96.19,14.37,tracking
2485,21,-1,ball,93.6800003051758,38.1199989318848,tracking
2485,22,54514,player,96.1,13.79,tracking
2485,22,-1,ball,93.6800003051758,38.1199989318848,tracking
2485,23,54514,player,96.02,13.2,tracking
2485,23,-1,ball,93.6800003051758,38.1199989318848,tracking
2485,24,54514,player,95.95,12.59,tracking
2485,24,-1,ball,93.6800003051758,38.1199989318848,tracking
2485,25,54514,player,95.89,11.97,tracking
2485,25,-1,ball,93.6800003051758,38.1199989318848,tracking
2485,26,54514,player,95.84,11.35,tracking
2485,26,-1,ball,93.6800003051758,38.1199989318848,tracking
2485,27,54514,player,95.79,10.73,tracking
2485,27,-1,ball,93.6800003051758,38.1199989318848,tracking
2485,17,46168,player,96.13,45.18,tracking
2485,17,-1,ball,93.6800003051758,38.1199989318848,tracking
2485,18,46168,player,95.95,45.06,tracking
2485,18,-1,ball,93.6800003051758,38.1199989318848,tracking
2485,19,46168,player,95.76,44.91,tracking
2485,19,-1,ball,93.6800003051758,38.1199989318848,tracking
2485,20,46168,player,95.57,44.7,tracking
2485,20,-1,ball,93.6800003051758,38.1199989318848,tracking
2485,21,46168,player,95.37,44.46,tracking
2485,21,-1,ball,93.6800003051758,38.1199989318848,tracking
2485,22,46168,player,95.18,44.2,tracking
2485,22,-1,ball,93.6800003051758,38.1199989318848,tracking
2485,23,46168,player,94.99,43.93,tracking
2485,23,-1,ball,93.6800003051758,38.1199989318848,tracking
2485,24,46168,player,94.79,43.64,tracking
2485,24,-1,ball,93.6800003051758,38.1199989318848,tracking
2485,25,46168,player,94.59,43.34,tracking
2485,25,-1,ball,93.6800003051758,38.1199989318848,tracking
2485,26,46168,player,94.4,43.04,tracking
2485,26,-1,ball,93.6800003051758,38.1199989318848,tracking
2485,27,46168,player,94.21,42.72,tracking
2485,27,-1,ball,93.6800003051758,38.1199989318848,tracking
2485,17,44823,player,95.43,10.53,tracking
2485,17,-1,ball,93.6800003051758,38.1199989318848,tracking
2485,18,44823,player,95.1,10.69,tracking
2485,18,-1,ball,93.6800003051758,38.1199989318848,tracking
2485,19,44823,player,94.76,10.88,tracking
2485,19,-1,ball,93.6800003051758,38.1199989318848,tracking
2485,20,44823,player,94.45,11.12,tracking
2485,20,-1,ball,93.6800003051758,38.1199989318848,tracking
2485,21,44823,player,94.14,11.4,tracking
2485,21,-1,ball,93.6800003051758,38.1199989318848,tracking
2485,22,44823,player,93.86,11.73,tracking
2485,22,-1,ball,93.6800003051758,38.1199989318848,tracking
2485,23,44823,player,93.61,12.11,tracking
2485,23,-1,ball,93.6800003051758,38.1199989318848,tracking
2485,24,44823,player,93.37,12.54,tracking
2485,24,-1,ball,93.6800003051758,38.1199989318848,tracking
2485,25,44823,player,93.15,13.01,tracking
2485,25,-1,ball,93.6800003051758,38.1199989318848,tracking
2485,26,44823,player,92.95,13.51,tracking
2485,26,-1,ball,93.6800003051758,38.1199989318848,tracking
2485,27,44823,player,92.77,14.06,tracking
2485,27,-1,ball,93.6800003051758,38.1199989318848,tracking
2485,17,55915,player,98.72,15.1,tracking
2485,17,-1,ball,93.6800003051758,38.1199989318848,tracking
2485,18,55915,player,98.55,14.48,tracking
2485,18,-1,ball,93.6800003051758,38.1199989318848,tracking
2485,19,55915,player,98.39,13.86,tracking
2485,19,-1,ball,93.6800003051758,38.1199989318848,tracking
2485,20,55915,player,98.24,13.22,tracking
2485,20,-1,ball,93.6800003051758,38.1199989318848,tracking
2485,21,55915,player,98.1,12.59,tracking
2485,21,-1,ball,93.6800003051758,38.1199989318848,tracking
2485,22,55915,player,97.98,11.97,tracking
2485,22,-1,ball,93.6800003051758,38.1199989318848,tracking
2485,23,55915,player,97.86,11.37,tracking
2485,23,-1,ball,93.6800003051758,38.1199989318848,tracking
2485,24,55915,player,97.73,10.77,tracking
2485,24,-1,ball,93.6800003051758,38.1199989318848,tracking
2485,25,55915,player,97.6,10.2,tracking
2485,25,-1,ball,93.6800003051758,38.1199989318848,tracking
2485,26,55915,player,97.47,9.64,tracking
2485,26,-1,ball,93.6800003051758,38.1199989318848,tracking
2485,27,55915,player,97.34,9.11,tracking
2485,27,-1,ball,93.6800003051758,38.1199989318848,tracking
2485,17,54597,player,96.59,10.47,tracking
2485,17,-1,ball,93.6800003051758,38.1199989318848,tracking
2485,18,54597,player,96.29,10.73,tracking
2485,18,-1,ball,93.6800003051758,38.1199989318848,tracking
2485,19,54597,player,96.0,11.06,tracking
2485,19,-1,ball,93.6800003051758,38.1199989318848,tracking
2485,20,54597,player,95.72,11.45,tracking
2485,20,-1,ball,93.6800003051758,38.1199989318848,tracking
2485,21,54597,player,95.46,11.88,tracking
2485,21,-1,ball,93.6800003051758,38.1199989318848,tracking
2485,22,54597,player,95.2,12.36,tracking
2485,22,-1,ball,93.6800003051758,38.1199989318848,tracking
2485,23,54597,player,94.96,12.87,tracking
2485,23,-1,ball,93.6800003051758,38.1199989318848,tracking
2485,24,54597,player,94.73,13.41,tracking
2485,24,-1,ball,93.6800003051758,38.1199989318848,tracking
2485,25,54597,player,94.51,13.97,tracking
2485,25,-1,ball,93.6800003051758,38.1199989318848,tracking
2485,26,54597,player,94.29,14.55,tracking
2485,26,-1,ball,93.6800003051758,38.1199989318848,tracking
2485,27,54597,player,94.08,15.13,tracking
2485,27,-1,ball,93.6800003051758,38.1199989318848,tracking
2485,17,56024,player,96.84,45.72,tracking
2485,17,-1,ball,93.6800003051758,38.1199989318848,tracking
2485,18,56024,player,96.62,45.54,tracking
2485,18,-1,ball,93.6800003051758,38.1199989318848,tracking
2485,19,56024,player,96.41,45.33,tracking
2485,19,-1,ball,93.6800003051758,38.1199989318848,tracking
2485,20,56024,player,96.22,45.09,tracking
2485,20,-1,ball,93.6800003051758,38.1199989318848,tracking
2485,21,56024,player,96.04,44.8,tracking
2485,21,-1,ball,93.6800003051758,38.1199989318848,tracking
2485,22,56024,player,95.86,44.48,tracking
2485,22,-1,ball,93.6800003051758,38.1199989318848,tracking
2485,23,56024,player,95.69,44.13,tracking
2485,23,-1,ball,93.6800003051758,38.1199989318848,tracking
2485,24,56024,player,95.51,43.76,tracking
2485,24,-1,ball,93.6800003051758,38.1199989318848,tracking
2485,25,56024,player,95.32,43.39,tracking
2485,25,-1,ball,93.6800003051758,38.1199989318848,tracking
2485,26,56024,player,95.14,43.01,tracking
2485,26,-1,ball,93.6800003051758,38.1199989318848,tracking
2485,27,56024,player,94.95,42.64,tracking
2485,27,-1,ball,93.6800003051758,38.1199989318848,tracking
2918,8,44902,player,94.89,13.91,tracking
2918,8,-1,ball,90.4300003051758,6.07999992370605,tracking
2918,9,44902,player,94.94,13.82,tracking
2918,9,-1,ball,90.4300003051758,6.07999992370605,tracking
2918,10,44902,player,95.0,13.71,tracking
2918,10,-1,ball,90.4300003051758,6.07999992370605,tracking
2918,11,44902,player,95.08,13.55,tracking
2918,11,-1,ball,90.4300003051758,6.07999992370605,tracking
2918,12,44902,player,95.16,13.36,tracking
2918,12,-1,ball,90.4300003051758,6.07999992370605,tracking
2918,13,44902,player,95.24,13.13,tracking
2918,13,-1,ball,90.4300003051758,6.07999992370605,tracking
2918,14,44902,player,95.31,12.86,tracking
2918,14,-1,ball,90.4300003051758,6.07999992370605,tracking
2918,15,44902,player,95.36,12.56,tracking
2918,15,-1,ball,90.4300003051758,6.07999992370605,tracking
2918,16,44902,player,95.4,12.21,tracking
2918,16,-1,ball,90.4300003051758,6.07999992370605,tracking
2918,17,44902,player,95.41,11.83,tracking
2918,17,-1,ball,90.4300003051758,6.07999992370605,tracking
2918,18,44902,player,95.38,11.41,tracking
2918,18,-1,ball,90.4300003051758,6.07999992370605,tracking
2918,8,42441,player,95.39,42.11,tracking
2918,8,-1,ball,90.4300003051758,6.07999992370605,tracking
2918,9,42441,player,95.47,42.13,tracking
2918,9,-1,ball,90.4300003051758,6.07999992370605,tracking
2918,10,42441,player,95.58,42.16,tracking
2918,10,-1,ball,90.4300003051758,6.07999992370605,tracking
2918,11,42441,player,95.73,42.21,tracking
2918,11,-1,ball,90.4300003051758,6.07999992370605,tracking
2918,12,42441,player,95.91,42.26,tracking
2918,12,-1,ball,90.4300003051758,6.07999992370605,tracking
2918,13,42441,player,96.12,42.32,tracking
2918,13,-1,ball,90.4300003051758,6.07999992370605,tracking
2918,14,42441,player,96.38,42.38,tracking
2918,14,-1,ball,90.4300003051758,6.07999992370605,tracking
2918,15,42441,player,96.68,42.45,tracking
2918,15,-1,ball,90.4300003051758,6.07999992370605,tracking
2918,16,42441,player,97.0,42.52,tracking
2918,16,-1,ball,90.4300003051758,6.07999992370605,tracking
2918,17,42441,player,97.36,42.57,tracking
2918,17,-1,ball,90.4300003051758,6.07999992370605,tracking
2918,18,42441,player,97.71,42.61,tracking
2918,18,-1,ball,90.4300003051758,6.07999992370605,tracking
2918,8,46095,player,86.23,42.97,tracking
2918,8,-1,ball,90.4300003051758,6.07999992370605,tracking
2918,9,46095,player,86.6,43.0,tracking
2918,9,-1,ball,90.4300003051758,6.07999992370605,tracking
2918,10,46095,player,87.03,43.06,tracking
2918,10,-1,ball,90.4300003051758,6.07999992370605,tracking
2918,11,46095,player,87.51,43.11,tracking
2918,11,-1,ball,90.4300003051758,6.07999992370605,tracking
2918,12,46095,player,88.04,43.17,tracking
2918,12,-1,ball,90.4300003051758,6.07999992370605,tracking
2918,13,46095,player,88.62,43.23,tracking
2918,13,-1,ball,90.4300003051758,6.07999992370605,tracking
2918,14,46095,player,89.24,43.31,tracking
2918,14,-1,ball,90.4300003051758,6.07999992370605,tracking
2918,15,46095,player,89.89,43.4,tracking
2918,15,-1,ball,90.4300003051758,6.07999992370605,tracking
2918,16,46095,player,90.58,43.51,tracking
2918,16,-1,ball,90.4300003051758,6.07999992370605,tracking
2918,17,46095,player,91.28,43.63,tracking
2918,17,-1,ball,90.4300003051758,6.07999992370605,tracking
2918,18,46095,player,91.99,43.79,tracking
2918,18,-1,ball,90.4300003051758,6.07999992370605,tracking
2918,8,46116,player,85.56,35.26,tracking
2918,8,-1,ball,90.4300003051758,6.07999992370605,tracking
2918,9,46116,player,85.87,35.42,tracking
2918,9,-1,ball,90.4300003051758,6.07999992370605,tracking
2918,10,46116,player,86.2,35.6,tracking
2918,10,-1,ball,90.4300003051758,6.07999992370605,tracking
2918,11,46116,player,86.56,35.76,tracking
2918,11,-1,ball,90.4300003051758,6.07999992370605,tracking
2918,12,46116,player,86.93,35.93,tracking
2918,12,-1,ball,90.4300003051758,6.07999992370605,tracking
2918,13,46116,player,87.31,36.1,tracking
2918,13,-1,ball,90.4300003051758,6.07999992370605,tracking
2918,14,46116,player,87.69,36.26,tracking
2918,14,-1,ball,90.4300003051758,6.07999992370605,tracking
2918,15,46116,player,88.05,36.43,tracking
2918,15,-1,ball,90.4300003051758,6.07999992370605,tracking
2918,16,46116,player,88.39,36.62,tracking
2918,16,-1,ball,90.4300003051758,6.07999992370605,tracking
2918,17,46116,player,88.71,36.83,tracking
2918,17,-1,ball,90.4300003051758,6.07999992370605,tracking
2918,18,46116,player,89.03,37.06,tracking
2918,18,-1,ball,90.4300003051758,6.07999992370605,tracking
2918,8,53707,player,85.91,14.88,tracking
2918,8,-1,ball,90.4300003051758,6.07999992370605,tracking
2918,9,53707,player,86.27,14.75,tracking
2918,9,-1,ball,90.4300003051758,6.07999992370605,tracking
2918,10,53707,player,86.68,14.59,tracking
2918,10,-1,ball,90.4300003051758,6.07999992370605,tracking
2918,11,53707,player,87.12,14.39,tracking
2918,11,-1,ball,90.4300003051758,6.07999992370605,tracking
2918,12,53707,player,87.59,14.16,tracking
2918,12,-1,ball,90.4300003051758,6.07999992370605,tracking
2918,13,53707,player,88.08,13.9,tracking
2918,13,-1,ball,90.4300003051758,6.07999992370605,tracking
2918,14,53707,player,88.58,13.58,tracking
2918,14,-1,ball,90.4300003051758,6.07999992370605,tracking
2918,15,53707,player,89.08,13.22,tracking
2918,15,-1,ball,90.4300003051758,6.07999992370605,tracking
2918,16,53707,player,89.57,12.82,tracking
2918,16,-1,ball,90.4300003051758,6.07999992370605,tracking
2918,17,53707,player,89.99,12.36,tracking
2918,17,-1,ball,90.4300003051758,6.07999992370605,tracking
2918,18,53707,player,90.35,11.86,tracking
2918,18,-1,ball,90.4300003051758,6.07999992370605,tracking
1190,19,46211,player,41.63,42.56,tracking
1190,19,-1,ball,51.4900016784668,6.30000019073486,tracking
1190,20,46211,player,42.13,42.31,tracking
1190,20,-1,ball,51.4900016784668,6.30000019073486,tracking
1190,21,46211,player,42.66,42.06,tracking
1190,21,-1,ball,51.4900016784668,6.30000019073486,tracking
1190,22,46211,player,43.21,41.82,tracking
1190,22,-1,ball,51.4900016784668,6.30000019073486,tracking
1190,23,46211,player,43.79,41.57,tracking
1190,23,-1,ball,51.4900016784668,6.30000019073486,tracking
1190,24,46211,player,44.38,41.32,tracking
1190,24,-1,ball,51.4900016784668,6.30000019073486,tracking
1190,25,46211,player,44.99,41.04,tracking
1190,25,-1,ball,51.4900016784668,6.30000019073486,tracking
1190,26,46211,player,45.59,40.72,tracking
1190,26,-1,ball,51.4900016784668,6.30000019073486,tracking
1190,27,46211,player,46.18,40.38,tracking
1190,27,-1,ball,51.4900016784668,6.30000019073486,tracking
1190,28,46211,player,46.73,39.99,tracking
1190,28,-1,ball,51.4900016784668,6.30000019073486,tracking
1190,29,46211,player,47.24,39.56,tracking
1190,29,-1,ball,51.4900016784668,6.30000019073486,tracking
1190,19,53583,player,40.95,18.96,tracking
1190,19,-1,ball,51.4900016784668,6.30000019073486,tracking
1190,20,53583,player,41.35,19.02,tracking
1190,20,-1,ball,51.4900016784668,6.30000019073486,tracking
1190,21,53583,player,41.76,19.06,tracking
1190,21,-1,ball,51.4900016784668,6.30000019073486,tracking
1190,22,53583,player,42.18,19.06,tracking
1190,22,-1,ball,51.4900016784668,6.30000019073486,tracking
1190,23,53583,player,42.6,19.04,tracking
1190,23,-1,ball,51.4900016784668,6.30000019073486,tracking
1190,24,53583,player,43.02,18.99,tracking
1190,24,-1,ball,51.4900016784668,6.30000019073486,tracking
1190,25,53583,player,43.44,18.91,tracking
1190,25,-1,ball,51.4900016784668,6.30000019073486,tracking
1190,26,53583,player,43.85,18.8,tracking
1190,26,-1,ball,51.4900016784668,6.30000019073486,tracking
1190,27,53583,player,44.25,18.68,tracking
1190,27,-1,ball,51.4900016784668,6.30000019073486,tracking
1190,28,53583,player,44.63,18.51,tracking
1190,28,-1,ball,51.4900016784668,6.30000019073486,tracking
1190,29,53583,player,44.98,18.29,tracking
1190,29,-1,ball,51.4900016784668,6.30000019073486,tracking
1190,19,54469,player,45.03,10.92,tracking
1190,19,-1,ball,51.4900016784668,6.30000019073486,tracking
1190,20,54469,player,45.38,10.72,tracking
1190,20,-1,ball,51.4900016784668,6.30000019073486,tracking
1190,21,54469,player,45.76,10.49,tracking
1190,21,-1,ball,51.4900016784668,6.30000019073486,tracking
1190,22,54469,player,46.2,10.25,tracking
1190,22,-1,ball,51.4900016784668,6.30000019073486,tracking
1190,23,54469,player,46.67,10.0,tracking
1190,23,-1,ball,51.4900016784668,6.30000019073486,tracking
1190,24,54469,player,47.16,9.74,tracking
1190,24,-1,ball,51.4900016784668,6.30000019073486,tracking
1190,25,54469,player,47.7,9.48,tracking
1190,25,-1,ball,51.4900016784668,6.30000019073486,tracking
1190,26,54469,player,48.31,9.2,tracking
1190,26,-1,ball,51.4900016784668,6.30000019073486,tracking
1190,27,54469,player,48.94,8.94,tracking
1190,27,-1,ball,51.4900016784668,6.30000019073486,tracking
1190,28,54469,player,49.6,8.67,tracking
1190,28,-1,ball,51.4900016784668,6.30000019073486,tracking
1190,29,54469,player,50.3,8.41,tracking
1190,29,-1,ball,51.4900016784668,6.30000019073486,tracking
1190,19,42357,player,41.66,41.62,tracking
1190,19,-1,ball,51.4900016784668,6.30000019073486,tracking
1190,20,42357,player,42.27,41.37,tracking
1190,20,-1,ball,51.4900016784668,6.30000019073486,tracking
1190,21,42357,player,42.9,41.13,tracking
1190,21,-1,ball,51.4900016784668,6.30000019073486,tracking
1190,22,42357,player,43.54,40.89,tracking
1190,22,-1,ball,51.4900016784668,6.30000019073486,tracking
1190,23,42357,player,44.19,40.66,tracking
1190,23,-1,ball,51.4900016784668,6.30000019073486,tracking
1190,24,42357,player,44.84,40.42,tracking
1190,24,-1,ball,51.4900016784668,6.30000019073486,tracking
1190,25,42357,player,45.48,40.16,tracking
1190,25,-1,ball,51.4900016784668,6.30000019073486,tracking
1190,26,42357,player,46.09,39.87,tracking
1190,26,-1,ball,51.4900016784668,6.30000019073486,tracking
1190,27,42357,player,46.67,39.54,tracking
1190,27,-1,ball,51.4900016784668,6.30000019073486,tracking
1190,28,42357,player,47.22,39.18,tracking
1190,28,-1,ball,51.4900016784668,6.30000019073486,tracking
1190,29,42357,player,47.72,38.78,tracking
1190,29,-1,ball,51.4900016784668,6.30000019073486,tracking
1190,19,45185,player,43.73,10.07,tracking
1190,19,-1,ball,51.4900016784668,6.30000019073486,tracking
1190,20,45185,player,44.37,9.8,tracking
1190,20,-1,ball,51.4900016784668,6.30000019073486,tracking
1190,21,45185,player,45.02,9.51,tracking
1190,21,-1,ball,51.4900016784668,6.30000019073486,tracking
1190,22,45185,player,45.68,9.2,tracking
1190,22,-1,ball,51.4900016784668,6.30000019073486,tracking
1190,23,45185,player,46.34,8.88,tracking
1190,23,-1,ball,51.4900016784668,6.30000019073486,tracking
1190,24,45185,player,47.02,8.57,tracking
1190,24,-1,ball,51.4900016784668,6.30000019073486,tracking
1190,25,45185,player,47.7,8.26,tracking
1190,25,-1,ball,51.4900016784668,6.30000019073486,tracking
1190,26,45185,player,48.41,7.97,tracking
1190,26,-1,ball,51.4900016784668,6.30000019073486,tracking
1190,27,45185,player,49.14,7.69,tracking
1190,27,-1,ball,51.4900016784668,6.30000019073486,tracking
1190,28,45185,player,49.87,7.43,tracking
1190,28,-1,ball,51.4900016784668,6.30000019073486,tracking
1190,29,45185,player,50.62,7.19,tracking
1190,29,-1,ball,51.4900016784668,6.30000019073486,tracking
1190,19,56075,player,42.61,20.58,tracking
1190,19,-1,ball,51.4900016784668,6.30000019073486,tracking
1190,20,56075,player,43.39,20.51,tracking
1190,20,-1,ball,51.4900016784668,6.30000019073486,tracking
1190,21,56075,player,44.16,20.43,tracking
1190,21,-1,ball,51.4900016784668,6.30000019073486,tracking
1190,22,56075,player,44.94,20.32,tracking
1190,22,-1,ball,51.4900016784668,6.30000019073486,tracking
1190,23,56075,player,45.7,20.19,tracking
1190,23,-1,ball,51.4900016784668,6.30000019073486,tracking
1190,24,56075,player,46.45,20.03,tracking
1190,24,-1,ball,51.4900016784668,6.30000019073486,tracking
1190,25,56075,player,47.17,19.83,tracking
1190,25,-1,ball,51.4900016784668,6.30000019073486,tracking
1190,26,56075,player,47.85,19.57,tracking
1190,26,-1,ball,51.4900016784668,6.30000019073486,tracking
1190,27,56075,player,48.48,19.26,tracking
1190,27,-1,ball,51.4900016784668,6.30000019073486,tracking
1190,28,56075,player,49.06,18.89,tracking
1190,28,-1,ball,51.4900016784668,6.30000019073486,tracking
1190,29,56075,player,49.58,18.45,tracking
1190,29,-1,ball,51.4900016784668,6.30000019073486,tracking
2687,19,55881,player,59.97,41.43,tracking
2687,19,-1,ball,65.2399978637695,39.6100006103516,tracking
2687,20,55881,player,60.52,41.25,tracking
2687,20,-1,ball,65.2399978637695,39.6100006103516,tracking
2687,21,55881,player,61.09,41.09,tracking
2687,21,-1,ball,65.2399978637695,39.6100006103516,tracking
2687,22,55881,player,61.69,40.95,tracking
2687,22,-1,ball,65.2399978637695,39.6100006103516,tracking
2687,23,55881,player,62.28,40.84,tracking
2687,23,-1,ball,65.2399978637695,39.6100006103516,tracking
2687,24,55881,player,62.87,40.74,tracking
2687,24,-1,ball,65.2399978637695,39.6100006103516,tracking
2687,25,55881,player,63.45,40.65,tracking
2687,25,-1,ball,65.2399978637695,39.6100006103516,tracking
2687,26,55881,player,64.01,40.57,tracking
2687,26,-1,ball,65.2399978637695,39.6100006103516,tracking
2687,27,55881,player,64.52,40.48,tracking
2687,27,-1,ball,65.2399978637695,39.6100006103516,tracking
2687,28,55881,player,64.99,40.39,tracking
2687,28,-1,ball,65.2399978637695,39.6100006103516,tracking
2687,29,55881,player,65.41,40.29,tracking
2687,29,-1,ball,65.2399978637695,39.6100006103516,tracking
2687,19,53589,player,67.26,11.34,tracking
2687,19,-1,ball,65.2399978637695,39.6100006103516,tracking
2687,20,53589,player,67.7,11.4,tracking
2687,20,-1,ball,65.2399978637695,39.6100006103516,tracking
2687,21,53589,player,68.12,11.48,tracking
2687,21,-1,ball,65.2399978637695,39.6100006103516,tracking
2687,22,53589,player,68.52,11.6,tracking
2687,22,-1,ball,65.2399978637695,39.6100006103516,tracking
2687,23,53589,player,68.91,11.72,tracking
2687,23,-1,ball,65.2399978637695,39.6100006103516,tracking
2687,24,53589,player,69.28,11.86,tracking
2687,24,-1,ball,65.2399978637695,39.6100006103516,tracking
2687,25,53589,player,69.61,12.02,tracking
2687,25,-1,ball,65.2399978637695,39.6100006103516,tracking
2687,26,53589,player,69.91,12.19,tracking
2687,26,-1,ball,65.2399978637695,39.6100006103516,tracking
2687,27,53589,player,70.16,12.37,tracking
2687,27,-1,ball,65.2399978637695,39.6100006103516,tracking
2687,28,53589,player,70.35,12.56,tracking
2687,28,-1,ball,65.2399978637695,39.6100006103516,tracking
2687,29,53589,player,70.47,12.76,tracking
2687,29,-1,ball,65.2399978637695,39.6100006103516,tracking
2687,19,54475,player,62.35,10.13,tracking
2687,19,-1,ball,65.2399978637695,39.6100006103516,tracking
2687,20,54475,player,63.02,10.27,tracking
2687,20,-1,ball,65.2399978637695,39.6100006103516,tracking
2687,21,54475,player,63.67,10.44,tracking
2687,21,-1,ball,65.2399978637695,39.6100006103516,tracking
2687,22,54475,player,64.29,10.63,tracking
2687,22,-1,ball,65.2399978637695,39.6100006103516,tracking
2687,23,54475,player,64.88,10.85,tracking
2687,23,-1,ball,65.2399978637695,39.6100006103516,tracking
2687,24,54475,player,65.42,11.09,tracking
2687,24,-1,ball,65.2399978637695,39.6100006103516,tracking
2687,25,54475,player,65.9,11.36,tracking
2687,25,-1,ball,65.2399978637695,39.6100006103516,tracking
2687,26,54475,player,66.32,11.64,tracking
2687,26,-1,ball,65.2399978637695,39.6100006103516,tracking
2687,27,54475,player,66.65,11.94,tracking
2687,27,-1,ball,65.2399978637695,39.6100006103516,tracking
2687,28,54475,player,66.89,12.25,tracking
2687,28,-1,ball,65.2399978637695,39.6100006103516,tracking
2687,29,54475,player,67.04,12.58,tracking
2687,29,-1,ball,65.2399978637695,39.6100006103516,tracking
2687,19,37139,player,58.29,14.01,tracking
2687,19,-1,ball,65.2399978637695,39.6100006103516,tracking
2687,20,37139,player,58.51,13.41,tracking
2687,20,-1,ball,65.2399978637695,39.6100006103516,tracking
2687,21,37139,player,58.71,12.8,tracking
2687,21,-1,ball,65.2399978637695,39.6100006103516,tracking
2687,22,37139,player,58.88,12.21,tracking
2687,22,-1,ball,65.2399978637695,39.6100006103516,tracking
2687,23,37139,player,59.03,11.64,tracking
2687,23,-1,ball,65.2399978637695,39.6100006103516,tracking
2687,24,37139,player,59.16,11.09,tracking
2687,24,-1,ball,65.2399978637695,39.6100006103516,tracking
2687,25,37139,player,59.27,10.57,tracking
2687,25,-1,ball,65.2399978637695,39.6100006103516,tracking
2687,26,37139,player,59.36,10.09,tracking
2687,26,-1,ball,65.2399978637695,39.6100006103516,tracking
2687,27,37139,player,59.44,9.65,tracking
2687,27,-1,ball,65.2399978637695,39.6100006103516,tracking
2687,28,37139,player,59.51,9.26,tracking
2687,28,-1,ball,65.2399978637695,39.6100006103516,tracking
2687,29,37139,player,59.58,8.91,tracking
2687,29,-1,ball,65.2399978637695,39.6100006103516,tracking
2687,19,46705,player,59.71,40.57,tracking
2687,19,-1,ball,65.2399978637695,39.6100006103516,tracking
2687,20,46705,player,60.33,40.43,tracking
2687,20,-1,ball,65.2399978637695,39.6100006103516,tracking
2687,21,46705,player,60.98,40.32,tracking
2687,21,-1,ball,65.2399978637695,39.6100006103516,tracking
2687,22,46705,player,61.62,40.23,tracking
2687,22,-1,ball,65.2399978637695,39.6100006103516,tracking
2687,23,46705,player,62.27,40.17,tracking
2687,23,-1,ball,65.2399978637695,39.6100006103516,tracking
2687,24,46705,player,62.88,40.09,tracking
2687,24,-1,ball,65.2399978637695,39.6100006103516,tracking
2687,25,46705,player,63.43,40.01,tracking
2687,25,-1,ball,65.2399978637695,39.6100006103516,tracking
2687,26,46705,player,64.0,39.96,tracking
2687,26,-1,ball,65.2399978637695,39.6100006103516,tracking
2687,27,46705,player,64.43,39.91,tracking
2687,27,-1,ball,65.2399978637695,39.6100006103516,tracking
2687,28,46705,player,64.87,39.85,tracking
2687,28,-1,ball,65.2399978637695,39.6100006103516,tracking
2687,29,46705,player,65.24,39.8,tracking
2687,29,-1,ball,65.2399978637695,39.6100006103516,tracking
2449,41,53503,player,62.07,21.7,tracking
2449,41,-1,ball,69.879997253418,36.689998626709,tracking
2449,42,53503,player,62.1,21.95,tracking
2449,42,-1,ball,69.879997253418,36.689998626709,tracking
2449,43,53503,player,62.12,22.2,tracking
2449,43,-1,ball,69.879997253418,36.689998626709,tracking
2449,44,53503,player,62.14,22.43,tracking
2449,44,-1,ball,69.879997253418,36.689998626709,tracking
2449,45,53503,player,62.14,22.65,tracking
2449,45,-1,ball,69.879997253418,36.689998626709,tracking
2449,46,53503,player,62.12,22.87,tracking
2449,46,-1,ball,69.879997253418,36.689998626709,tracking
2449,47,53503,player,62.1,23.09,tracking
2449,47,-1,ball,69.879997253418,36.689998626709,tracking
2449,48,53503,player,62.05,23.32,tracking
2449,48,-1,ball,69.879997253418,36.689998626709,tracking
2449,49,53503,player,62.0,23.57,tracking
2449,49,-1,ball,69.879997253418,36.689998626709,tracking
2449,50,53503,player,61.94,23.83,tracking
2449,50,-1,ball,69.879997253418,36.689998626709,tracking
2449,51,53503,player,61.87,24.1,tracking
2449,51,-1,ball,69.879997253418,36.689998626709,tracking
2449,41,55880,player,61.47,45.56,tracking
2449,41,-1,ball,69.879997253418,36.689998626709,tracking
2449,42,55880,player,61.72,45.39,tracking
2449,42,-1,ball,69.879997253418,36.689998626709,tracking
2449,43,55880,player,61.99,45.23,tracking
2449,43,-1,ball,69.879997253418,36.689998626709,tracking
2449,44,55880,player,62.27,45.07,tracking
2449,44,-1,ball,69.879997253418,36.689998626709,tracking
2449,45,55880,player,62.55,44.94,tracking
2449,45,-1,ball,69.879997253418,36.689998626709,tracking
2449,46,55880,player,62.81,44.83,tracking
2449,46,-1,ball,69.879997253418,36.689998626709,tracking
2449,47,55880,player,63.05,44.76,tracking
2449,47,-1,ball,69.879997253418,36.689998626709,tracking
2449,48,55880,player,63.27,44.73,tracking
2449,48,-1,ball,69.879997253418,36.689998626709,tracking
2449,49,55880,player,63.45,44.75,tracking
2449,49,-1,ball,69.879997253418,36.689998626709,tracking
2449,50,55880,player,63.56,44.82,tracking
2449,50,-1,ball,69.879997253418,36.689998626709,tracking
2449,51,55880,player,63.63,44.93,tracking
2449,51,-1,ball,69.879997253418,36.689998626709,tracking
2449,41,43373,player,60.13,7.4,tracking
2449,41,-1,ball,69.879997253418,36.689998626709,tracking
2449,42,43373,player,59.84,7.06,tracking
2449,42,-1,ball,69.879997253418,36.689998626709,tracking
2449,43,43373,player,59.56,6.75,tracking
2449,43,-1,ball,69.879997253418,36.689998626709,tracking
2449,44,43373,player,59.29,6.44,tracking
2449,44,-1,ball,69.879997253418,36.689998626709,tracking
2449,45,43373,player,59.02,6.16,tracking
2449,45,-1,ball,69.879997253418,36.689998626709,tracking
2449,46,43373,player,58.76,5.9,tracking
2449,46,-1,ball,69.879997253418,36.689998626709,tracking
2449,47,43373,player,58.51,5.66,tracking
2449,47,-1,ball,69.879997253418,36.689998626709,tracking
2449,48,43373,player,58.25,5.46,tracking
2449,48,-1,ball,69.879997253418,36.689998626709,tracking
2449,49,43373,player,58.01,5.29,tracking
2449,49,-1,ball,69.879997253418,36.689998626709,tracking
2449,50,43373,player,57.76,5.16,tracking
2449,50,-1,ball,69.879997253418,36.689998626709,tracking
2449,51,43373,player,57.52,5.07,tracking
2449,51,-1,ball,69.879997253418,36.689998626709,tracking
2449,41,48415,player,53.8,34.13,tracking
2449,41,-1,ball,69.879997253418,36.689998626709,tracking
2449,42,48415,player,53.55,34.83,tracking
2449,42,-1,ball,69.879997253418,36.689998626709,tracking
2449,43,48415,player,53.3,35.51,tracking
2449,43,-1,ball,69.879997253418,36.689998626709,tracking
2449,44,48415,player,53.05,36.18,tracking
2449,44,-1,ball,69.879997253418,36.689998626709,tracking
2449,45,48415,player,52.79,36.82,tracking
2449,45,-1,ball,69.879997253418,36.689998626709,tracking
2449,46,48415,player,52.53,37.45,tracking
2449,46,-1,ball,69.879997253418,36.689998626709,tracking
2449,47,48415,player,52.26,38.06,tracking
2449,47,-1,ball,69.879997253418,36.689998626709,tracking
2449,48,48415,player,51.97,38.64,tracking
2449,48,-1,ball,69.879997253418,36.689998626709,tracking
2449,49,48415,player,51.66,39.2,tracking
2449,49,-1,ball,69.879997253418,36.689998626709,tracking
2449,50,48415,player,51.35,39.74,tracking
2449,50,-1,ball,69.879997253418,36.689998626709,tracking
2449,51,48415,player,51.02,40.25,tracking
2449,51,-1,ball,69.879997253418,36.689998626709,tracking
2449,41,52536,player,62.6,20.16,tracking
2449,41,-1,ball,69.879997253418,36.689998626709,tracking
2449,42,52536,player,62.4,20.67,tracking
2449,42,-1,ball,69.879997253418,36.689998626709,tracking
2449,43,52536,player,62.18,21.16,tracking
2449,43,-1,ball,69.879997253418,36.689998626709,tracking
2449,44,52536,player,61.95,21.63,tracking
2449,44,-1,ball,69.879997253418,36.689998626709,tracking
2449,45,52536,player,61.69,22.08,tracking
2449,45,-1,ball,69.879997253418,36.689998626709,tracking
2449,46,52536,player,61.41,22.52,tracking
2449,46,-1,ball,69.879997253418,36.689998626709,tracking
2449,47,52536,player,61.11,22.95,tracking
2449,47,-1,ball,69.879997253418,36.689998626709,tracking
2449,48,52536,player,60.77,23.37,tracking
2449,48,-1,ball,69.879997253418,36.689998626709,tracking
2449,49,52536,player,60.4,23.79,tracking
2449,49,-1,ball,69.879997253418,36.689998626709,tracking
2449,50,52536,player,60.01,24.2,tracking
2449,50,-1,ball,69.879997253418,36.689998626709,tracking
2449,51,52536,player,59.58,24.61,tracking
2449,51,-1,ball,69.879997253418,36.689998626709,tracking
2449,41,42489,player,66.97,38.94,tracking
2449,41,-1,ball,69.879997253418,36.689998626709,tracking
2449,42,42489,player,67.01,38.9,tracking
2449,42,-1,ball,69.879997253418,36.689998626709,tracking
2449,43,42489,player,67.05,38.84,tracking
2449,43,-1,ball,69.879997253418,36.689998626709,tracking
2449,44,42489,player,67.1,38.77,tracking
2449,44,-1,ball,69.879997253418,36.689998626709,tracking
2449,45,42489,player,67.15,38.67,tracking
2449,45,-1,ball,69.879997253418,36.689998626709,tracking
2449,46,42489,player,67.21,38.55,tracking
2449,46,-1,ball,69.879997253418,36.689998626709,tracking
2449,47,42489,player,67.27,38.42,tracking
2449,47,-1,ball,69.879997253418,36.689998626709,tracking
2449,48,42489,player,67.34,38.27,tracking
2449,48,-1,ball,69.879997253418,36.689998626709,tracking
2449,49,42489,player,67.4,38.12,tracking
2449,49,-1,ball,69.879997253418,36.689998626709,tracking
2449,50,42489,player,67.47,37.96,tracking
2449,50,-1,ball,69.879997253418,36.689998626709,tracking
2449,51,42489,player,67.55,37.81,tracking
2449,51,-1,ball,69.879997253418,36.689998626709,tracking
2918,19,53503,player,99.24,45.05,tracking
2918,19,-1,ball,92.0299987792969,45.2700004577637,tracking
2918,20,53503,player,99.7,45.16,tracking
2918,20,-1,ball,92.0299987792969,45.2700004577637,tracking
2918,21,53503,player,100.18,45.32,tracking
2918,21,-1,ball,92.0299987792969,45.2700004577637,tracking
2918,22,53503,player,100.68,45.5,tracking
2918,22,-1,ball,92.0299987792969,45.2700004577637,tracking
2918,23,53503,player,101.18,45.72,tracking
2918,23,-1,ball,92.0299987792969,45.2700004577637,tracking
2918,24,53503,player,101.69,45.96,tracking
2918,24,-1,ball,92.0299987792969,45.2700004577637,tracking
2918,25,53503,player,102.2,46.21,tracking
2918,25,-1,ball,92.0299987792969,45.2700004577637,tracking
2918,26,53503,player,102.7,46.47,tracking
2918,26,-1,ball,92.0299987792969,45.2700004577637,tracking
2918,27,53503,player,103.2,46.74,tracking
2918,27,-1,ball,92.0299987792969,45.2700004577637,tracking
2918,28,53503,player,103.69,47.0,tracking
2918,28,-1,ball,92.0299987792969,45.2700004577637,tracking
2918,29,53503,player,104.12,47.26,tracking
2918,29,-1,ball,92.0299987792969,45.2700004577637,tracking
2918,19,43373,player,98.56,10.91,tracking
2918,19,-1,ball,92.0299987792969,45.2700004577637,tracking
2918,20,43373,player,98.96,10.83,tracking
2918,20,-1,ball,92.0299987792969,45.2700004577637,tracking
2918,21,43373,player,99.36,10.74,tracking
2918,21,-1,ball,92.0299987792969,45.2700004577637,tracking
2918,22,43373,player,99.76,10.64,tracking
2918,22,-1,ball,92.0299987792969,45.2700004577637,tracking
2918,23,43373,player,100.17,10.55,tracking
2918,23,-1,ball,92.0299987792969,45.2700004577637,tracking
2918,24,43373,player,100.58,10.44,tracking
2918,24,-1,ball,92.0299987792969,45.2700004577637,tracking
2918,25,43373,player,101.0,10.34,tracking
2918,25,-1,ball,92.0299987792969,45.2700004577637,tracking
2918,26,43373,player,101.43,10.22,tracking
2918,26,-1,ball,92.0299987792969,45.2700004577637,tracking
2918,27,43373,player,101.86,10.1,tracking
2918,27,-1,ball,92.0299987792969,45.2700004577637,tracking
2918,28,43373,player,102.3,9.97,tracking
2918,28,-1,ball,92.0299987792969,45.2700004577637,tracking
2918,29,43373,player,102.74,9.84,tracking
2918,29,-1,ball,92.0299987792969,45.2700004577637,tracking
2918,19,52536,player,95.8,46.21,tracking
2918,19,-1,ball,92.0299987792969,45.2700004577637,tracking
2918,20,52536,player,96.5,46.47,tracking
2918,20,-1,ball,92.0299987792969,45.2700004577637,tracking
2918,21,52536,player,97.2,46.74,tracking
2918,21,-1,ball,92.0299987792969,45.2700004577637,tracking
2918,22,52536,player,97.91,47.04,tracking
2918,22,-1,ball,92.0299987792969,45.2700004577637,tracking
2918,23,52536,player,98.61,47.33,tracking
2918,23,-1,ball,92.0299987792969,45.2700004577637,tracking
2918,24,52536,player,99.3,47.63,tracking
2918,24,-1,ball,92.0299987792969,45.2700004577637,tracking
2918,25,52536,player,99.99,47.92,tracking
2918,25,-1,ball,92.0299987792969,45.2700004577637,tracking
2918,26,52536,player,100.64,48.21,tracking
2918,26,-1,ball,92.0299987792969,45.2700004577637,tracking
2918,27,52536,player,101.28,48.48,tracking
2918,27,-1,ball,92.0299987792969,45.2700004577637,tracking
2918,28,52536,player,101.85,48.72,tracking
2918,28,-1,ball,92.0299987792969,45.2700004577637,tracking
2918,29,52536,player,102.38,48.94,tracking
2918,29,-1,ball,92.0299987792969,45.2700004577637,tracking
2918,19,42489,player,93.06,33.79,tracking
2918,19,-1,ball,92.0299987792969,45.2700004577637,tracking
2918,20,42489,player,93.34,34.04,tracking
2918,20,-1,ball,92.0299987792969,45.2700004577637,tracking
2918,21,42489,player,93.59,34.35,tracking
2918,21,-1,ball,92.0299987792969,45.2700004577637,tracking
2918,22,42489,player,93.79,34.72,tracking
2918,22,-1,ball,92.0299987792969,45.2700004577637,tracking
2918,23,42489,player,93.95,35.14,tracking
2918,23,-1,ball,92.0299987792969,45.2700004577637,tracking
2918,24,42489,player,94.07,35.61,tracking
2918,24,-1,ball,92.0299987792969,45.2700004577637,tracking
2918,25,42489,player,94.14,36.12,tracking
2918,25,-1,ball,92.0299987792969,45.2700004577637,tracking
2918,26,42489,player,94.18,36.66,tracking
2918,26,-1,ball,92.0299987792969,45.2700004577637,tracking
2918,27,42489,player,94.17,37.22,tracking
2918,27,-1,ball,92.0299987792969,45.2700004577637,tracking
2918,28,42489,player,94.13,37.8,tracking
2918,28,-1,ball,92.0299987792969,45.2700004577637,tracking
2918,29,42489,player,94.06,38.41,tracking
2918,29,-1,ball,92.0299987792969,45.2700004577637,tracking
1502,9,43314,player,79.81,35.82,tracking
1502,9,-1,ball,80.1800003051758,13.8199996948242,tracking
1502,10,43314,player,79.69,35.92,tracking
1502,10,-1,ball,80.1800003051758,13.8199996948242,tracking
1502,11,43314,player,79.55,36.01,tracking
1502,11,-1,ball,80.1800003051758,13.8199996948242,tracking
1502,12,43314,player,79.37,36.11,tracking
1502,12,-1,ball,80.1800003051758,13.8199996948242,tracking
1502,13,43314,player,79.17,36.2,tracking
1502,13,-1,ball,80.1800003051758,13.8199996948242,tracking
1502,14,43314,player,78.96,36.31,tracking
1502,14,-1,ball,80.1800003051758,13.8199996948242,tracking
1502,15,43314,player,78.74,36.4,tracking
1502,15,-1,ball,80.1800003051758,13.8199996948242,tracking
1502,16,43314,player,78.5,36.48,tracking
1502,16,-1,ball,80.1800003051758,13.8199996948242,tracking
1502,17,43314,player,78.24,36.55,tracking
1502,17,-1,ball,80.1800003051758,13.8199996948242,tracking
1502,18,43314,player,77.98,36.61,tracking
1502,18,-1,ball,80.1800003051758,13.8199996948242,tracking
1502,19,43314,player,77.7,36.64,tracking
1502,19,-1,ball,80.1800003051758,13.8199996948242,tracking
1502,9,55869,player,76.93,42.13,tracking
1502,9,-1,ball,80.1800003051758,13.8199996948242,tracking
1502,10,55869,player,76.78,42.12,tracking
1502,10,-1,ball,80.1800003051758,13.8199996948242,tracking
1502,11,55869,player,76.6,42.12,tracking
1502,11,-1,ball,80.1800003051758,13.8199996948242,tracking
1502,12,55869,player,76.4,42.1,tracking
1502,12,-1,ball,80.1800003051758,13.8199996948242,tracking
1502,13,55869,player,76.17,42.08,tracking
1502,13,-1,ball,80.1800003051758,13.8199996948242,tracking
1502,14,55869,player,75.93,42.06,tracking
1502,14,-1,ball,80.1800003051758,13.8199996948242,tracking
1502,15,55869,player,75.66,42.04,tracking
1502,15,-1,ball,80.1800003051758,13.8199996948242,tracking
1502,16,55869,player,75.38,42.03,tracking
1502,16,-1,ball,80.1800003051758,13.8199996948242,tracking
1502,17,55869,player,75.09,42.03,tracking
1502,17,-1,ball,80.1800003051758,13.8199996948242,tracking
1502,18,55869,player,74.77,42.05,tracking
1502,18,-1,ball,80.1800003051758,13.8199996948242,tracking
1502,19,55869,player,74.43,42.07,tracking
1502,19,-1,ball,80.1800003051758,13.8199996948242,tracking
1502,9,47941,player,80.85,7.76,tracking
1502,9,-1,ball,80.1800003051758,13.8199996948242,tracking
1502,10,47941,player,80.48,7.76,tracking
1502,10,-1,ball,80.1800003051758,13.8199996948242,tracking
1502,11,47941,player,80.08,7.76,tracking
1502,11,-1,ball,80.1800003051758,13.8199996948242,tracking
1502,12,47941,player,79.69,7.75,tracking
1502,12,-1,ball,80.1800003051758,13.8199996948242,tracking
1502,13,47941,player,79.28,7.75,tracking
1502,13,-1,ball,80.1800003051758,13.8199996948242,tracking
1502,14,47941,player,78.88,7.75,tracking
1502,14,-1,ball,80.1800003051758,13.8199996948242,tracking
1502,15,47941,player,78.49,7.76,tracking
1502,15,-1,ball,80.1800003051758,13.8199996948242,tracking
1502,16,47941,player,78.14,7.79,tracking
1502,16,-1,ball,80.1800003051758,13.8199996948242,tracking
1502,17,47941,player,77.82,7.83,tracking
1502,17,-1,ball,80.1800003051758,13.8199996948242,tracking
1502,18,47941,player,77.54,7.9,tracking
1502,18,-1,ball,80.1800003051758,13.8199996948242,tracking
1502,19,47941,player,77.32,7.99,tracking
1502,19,-1,ball,80.1800003051758,13.8199996948242,tracking
1502,9,40488,player,85.06,35.16,tracking
1502,9,-1,ball,80.1800003051758,13.8199996948242,tracking
1502,10,40488,player,84.69,35.24,tracking
1502,10,-1,ball,80.1800003051758,13.8199996948242,tracking
1502,11,40488,player,84.26,35.32,tracking
1502,11,-1,ball,80.1800003051758,13.8199996948242,tracking
1502,12,40488,player,83.79,35.42,tracking
1502,12,-1,ball,80.1800003051758,13.8199996948242,tracking
1502,13,40488,player,83.29,35.53,tracking
1502,13,-1,ball,80.1800003051758,13.8199996948242,tracking
1502,14,40488,player,82.75,35.64,tracking
1502,14,-1,ball,80.1800003051758,13.8199996948242,tracking
1502,15,40488,player,82.19,35.76,tracking
1502,15,-1,ball,80.1800003051758,13.8199996948242,tracking
1502,16,40488,player,81.6,35.87,tracking
1502,16,-1,ball,80.1800003051758,13.8199996948242,tracking
1502,17,40488,player,81.0,35.97,tracking
1502,17,-1,ball,80.1800003051758,13.8199996948242,tracking
1502,18,40488,player,80.37,36.04,tracking
1502,18,-1,ball,80.1800003051758,13.8199996948242,tracking
1502,19,40488,player,79.73,36.08,tracking
1502,19,-1,ball,80.1800003051758,13.8199996948242,tracking
1502,9,46130,player,85.06,42.67,tracking
1502,9,-1,ball,80.1800003051758,13.8199996948242,tracking
1502,10,46130,player,84.76,42.7,tracking
1502,10,-1,ball,80.1800003051758,13.8199996948242,tracking
1502,11,46130,player,84.41,42.75,tracking
1502,11,-1,ball,80.1800003051758,13.8199996948242,tracking
1502,12,46130,player,84.02,42.81,tracking
1502,12,-1,ball,80.1800003051758,13.8199996948242,tracking
1502,13,46130,player,83.55,42.87,tracking
1502,13,-1,ball,80.1800003051758,13.8199996948242,tracking
1502,14,46130,player,83.04,42.94,tracking
1502,14,-1,ball,80.1800003051758,13.8199996948242,tracking
1502,15,46130,player,82.48,43.01,tracking
1502,15,-1,ball,80.1800003051758,13.8199996948242,tracking
1502,16,46130,player,81.9,43.08,tracking
1502,16,-1,ball,80.1800003051758,13.8199996948242,tracking
1502,17,46130,player,81.29,43.16,tracking
1502,17,-1,ball,80.1800003051758,13.8199996948242,tracking
1502,18,46130,player,80.66,43.24,tracking
1502,18,-1,ball,80.1800003051758,13.8199996948242,tracking
1502,19,46130,player,80.0,43.33,tracking
1502,19,-1,ball,80.1800003051758,13.8199996948242,tracking
1502,9,55904,player,85.61,8.33,tracking
1502,9,-1,ball,80.1800003051758,13.8199996948242,tracking
1502,10,55904,player,85.22,8.32,tracking
1502,10,-1,ball,80.1800003051758,13.8199996948242,tracking
1502,11,55904,player,84.78,8.32,tracking
1502,11,-1,ball,80.1800003051758,13.8199996948242,tracking
1502,12,55904,player,84.3,8.31,tracking
1502,12,-1,ball,80.1800003051758,13.8199996948242,tracking
1502,13,55904,player,83.81,8.32,tracking
1502,13,-1,ball,80.1800003051758,13.8199996948242,tracking
1502,14,55904,player,83.33,8.35,tracking
1502,14,-1,ball,80.1800003051758,13.8199996948242,tracking
1502,15,55904,player,82.86,8.41,tracking
1502,15,-1,ball,80.1800003051758,13.8199996948242,tracking
1502,16,55904,player,82.42,8.49,tracking
1502,16,-1,ball,80.1800003051758,13.8199996948242,tracking
1502,17,55904,player,82.0,8.61,tracking
1502,17,-1,ball,80.1800003051758,13.8199996948242,tracking
1502,18,55904,player,81.61,8.75,tracking
1502,18,-1,ball,80.1800003051758,13.8199996948242,tracking
1502,19,55904,player,81.26,8.93,tracking
1502,19,-1,ball,80.1800003051758,13.8199996948242,tracking
1770,29,46124,player,47.01,34.79,tracking
1770,29,-1,ball,68.5199966430664,35.7900009155273,tracking
1770,30,46124,player,47.2,34.23,tracking
1770,30,-1,ball,68.5199966430664,35.7900009155273,tracking
1770,31,46124,player,47.36,33.63,tracking
1770,31,-1,ball,68.5199966430664,35.7900009155273,tracking
1770,32,46124,player,47.49,33.04,tracking
1770,32,-1,ball,68.5199966430664,35.7900009155273,tracking
1770,33,46124,player,47.61,32.42,tracking
1770,33,-1,ball,68.5199966430664,35.7900009155273,tracking
1770,34,46124,player,47.73,31.78,tracking
1770,34,-1,ball,68.5199966430664,35.7900009155273,tracking
1770,35,46124,player,47.86,31.14,tracking
1770,35,-1,ball,68.5199966430664,35.7900009155273,tracking
1770,36,46124,player,47.98,30.5,tracking
1770,36,-1,ball,68.5199966430664,35.7900009155273,tracking
1770,37,46124,player,48.12,29.85,tracking
1770,37,-1,ball,68.5199966430664,35.7900009155273,tracking
1770,38,46124,player,48.29,29.21,tracking
1770,38,-1,ball,68.5199966430664,35.7900009155273,tracking
1770,39,46124,player,48.5,28.59,tracking
1770,39,-1,ball,68.5199966430664,35.7900009155273,tracking
1770,29,42816,player,50.97,5.58,tracking
1770,29,-1,ball,68.5199966430664,35.7900009155273,tracking
1770,30,42816,player,51.55,5.53,tracking
1770,30,-1,ball,68.5199966430664,35.7900009155273,tracking
1770,31,42816,player,52.15,5.5,tracking
1770,31,-1,ball,68.5199966430664,35.7900009155273,tracking
1770,32,42816,player,52.76,5.49,tracking
1770,32,-1,ball,68.5199966430664,35.7900009155273,tracking
1770,33,42816,player,53.38,5.49,tracking
1770,33,-1,ball,68.5199966430664,35.7900009155273,tracking
1770,34,42816,player,54.02,5.52,tracking
1770,34,-1,ball,68.5199966430664,35.7900009155273,tracking
1770,35,42816,player,54.66,5.56,tracking
1770,35,-1,ball,68.5199966430664,35.7900009155273,tracking
1770,36,42816,player,55.32,5.62,tracking
1770,36,-1,ball,68.5199966430664,35.7900009155273,tracking
1770,37,42816,player,55.98,5.69,tracking
1770,37,-1,ball,68.5199966430664,35.7900009155273,tracking
1770,38,42816,player,56.65,5.76,tracking
1770,38,-1,ball,68.5199966430664,35.7900009155273,tracking
1770,39,42816,player,57.32,5.85,tracking
1770,39,-1,ball,68.5199966430664,35.7900009155273,tracking
1770,29,47847,player,41.32,30.27,tracking
1770,29,-1,ball,68.5199966430664,35.7900009155273,tracking
1770,30,47847,player,41.64,29.65,tracking
1770,30,-1,ball,68.5199966430664,35.7900009155273,tracking
1770,31,47847,player,41.98,29.05,tracking
1770,31,-1,ball,68.5199966430664,35.7900009155273,tracking
1770,32,47847,player,42.32,28.46,tracking
1770,32,-1,ball,68.5199966430664,35.7900009155273,tracking
1770,33,47847,player,42.66,27.89,tracking
1770,33,-1,ball,68.5199966430664,35.7900009155273,tracking
1770,34,47847,player,42.99,27.34,tracking
1770,34,-1,ball,68.5199966430664,35.7900009155273,tracking
1770,35,47847,player,43.31,26.81,tracking
1770,35,-1,ball,68.5199966430664,35.7900009155273,tracking
1770,36,47847,player,43.63,26.31,tracking
1770,36,-1,ball,68.5199966430664,35.7900009155273,tracking
1770,37,47847,player,43.94,25.83,tracking
1770,37,-1,ball,68.5199966430664,35.7900009155273,tracking
1770,38,47847,player,44.24,25.37,tracking
1770,38,-1,ball,68.5199966430664,35.7900009155273,tracking
1770,39,47847,player,44.53,24.94,tracking
1770,39,-1,ball,68.5199966430664,35.7900009155273,tracking
1770,29,55884,player,45.11,5.66,tracking
1770,29,-1,ball,68.5199966430664,35.7900009155273,tracking
1770,30,55884,player,45.21,5.48,tracking
1770,30,-1,ball,68.5199966430664,35.7900009155273,tracking
1770,31,55884,player,45.21,5.3,tracking
1770,31,-1,ball,68.5199966430664,35.7900009155273,tracking
1770,32,55884,player,45.16,5.12,tracking
1770,32,-1,ball,68.5199966430664,35.7900009155273,tracking
1770,33,55884,player,45.05,4.95,tracking
1770,33,-1,ball,68.5199966430664,35.7900009155273,tracking
1770,34,55884,player,44.91,4.78,tracking
1770,34,-1,ball,68.5199966430664,35.7900009155273,tracking
1770,35,55884,player,44.75,4.62,tracking
1770,35,-1,ball,68.5199966430664,35.7900009155273,tracking
1770,36,55884,player,44.58,4.48,tracking
1770,36,-1,ball,68.5199966430664,35.7900009155273,tracking
1770,37,55884,player,44.41,4.34,tracking
1770,37,-1,ball,68.5199966430664,35.7900009155273,tracking
1770,38,55884,player,44.26,4.22,tracking
1770,38,-1,ball,68.5199966430664,35.7900009155273,tracking
1770,39,55884,player,44.11,4.09,tracking
1770,39,-1,ball,68.5199966430664,35.7900009155273,tracking
1770,29,42412,player,48.74,19.45,tracking
1770,29,-1,ball,68.5199966430664,35.7900009155273,tracking
1770,30,42412,player,49.61,19.37,tracking
1770,30,-1,ball,68.5199966430664,35.7900009155273,tracking
1770,31,42412,player,50.48,19.29,tracking
1770,31,-1,ball,68.5199966430664,35.7900009155273,tracking
1770,32,42412,player,51.34,19.23,tracking
1770,32,-1,ball,68.5199966430664,35.7900009155273,tracking
1770,33,42412,player,52.21,19.19,tracking
1770,33,-1,ball,68.5199966430664,35.7900009155273,tracking
1770,34,42412,player,53.07,19.2,tracking
1770,34,-1,ball,68.5199966430664,35.7900009155273,tracking
1770,35,42412,player,53.92,19.26,tracking
1770,35,-1,ball,68.5199966430664,35.7900009155273,tracking
1770,36,42412,player,54.76,19.38,tracking
1770,36,-1,ball,68.5199966430664,35.7900009155273,tracking
1770,37,42412,player,55.58,19.57,tracking
1770,37,-1,ball,68.5199966430664,35.7900009155273,tracking
1770,38,42412,player,56.38,19.82,tracking
1770,38,-1,ball,68.5199966430664,35.7900009155273,tracking
1770,39,42412,player,57.15,20.13,tracking
1770,39,-1,ball,68.5199966430664,35.7900009155273,tracking
2270,31,43314,player,77.26,19.03,tracking
2270,31,-1,ball,75.9300003051758,20.7800006866455,tracking
2270,32,43314,player,77.18,19.08,tracking
2270,32,-1,ball,75.9300003051758,20.7800006866455,tracking
2270,33,43314,player,77.12,19.12,tracking
2270,33,-1,ball,75.9300003051758,20.7800006866455,tracking
2270,34,43314,player,77.07,19.14,tracking
2270,34,-1,ball,75.9300003051758,20.7800006866455,tracking
2270,35,43314,player,77.04,19.15,tracking
2270,35,-1,ball,75.9300003051758,20.7800006866455,tracking
2270,36,43314,player,77.02,19.12,tracking
2270,36,-1,ball,75.9300003051758,20.7800006866455,tracking
2270,37,43314,player,77.02,19.08,tracking
2270,37,-1,ball,75.9300003051758,20.7800006866455,tracking
2270,38,43314,player,77.02,19.02,tracking
2270,38,-1,ball,75.9300003051758,20.7800006866455,tracking
2270,39,43314,player,77.04,18.95,tracking
2270,39,-1,ball,75.9300003051758,20.7800006866455,tracking
2270,40,43314,player,77.05,18.89,tracking
2270,40,-1,ball,75.9300003051758,20.7800006866455,tracking
2270,41,43314,player,77.05,18.84,tracking
2270,41,-1,ball,75.9300003051758,20.7800006866455,tracking
2270,31,55869,player,74.54,46.13,tracking
2270,31,-1,ball,75.9300003051758,20.7800006866455,tracking
2270,32,55869,player,74.6,46.06,tracking
2270,32,-1,ball,75.9300003051758,20.7800006866455,tracking
2270,33,55869,player,74.64,45.96,tracking
2270,33,-1,ball,75.9300003051758,20.7800006866455,tracking
2270,34,55869,player,74.68,45.87,tracking
2270,34,-1,ball,75.9300003051758,20.7800006866455,tracking
2270,35,55869,player,74.69,45.75,tracking
2270,35,-1,ball,75.9300003051758,20.7800006866455,tracking
2270,36,55869,player,74.68,45.62,tracking
2270,36,-1,ball,75.9300003051758,20.7800006866455,tracking
2270,37,55869,player,74.63,45.47,tracking
2270,37,-1,ball,75.9300003051758,20.7800006866455,tracking
2270,38,55869,player,74.56,45.3,tracking
2270,38,-1,ball,75.9300003051758,20.7800006866455,tracking
2270,39,55869,player,74.47,45.09,tracking
2270,39,-1,ball,75.9300003051758,20.7800006866455,tracking
2270,40,55869,player,74.35,44.84,tracking
2270,40,-1,ball,75.9300003051758,20.7800006866455,tracking
2270,41,55869,player,74.21,44.56,tracking
2270,41,-1,ball,75.9300003051758,20.7800006866455,tracking
2270,31,47941,player,70.81,8.61,tracking
2270,31,-1,ball,75.9300003051758,20.7800006866455,tracking
2270,32,47941,player,70.73,8.56,tracking
2270,32,-1,ball,75.9300003051758,20.7800006866455,tracking
2270,33,47941,player,70.73,8.49,tracking
2270,33,-1,ball,75.9300003051758,20.7800006866455,tracking
2270,34,47941,player,70.8,8.39,tracking
2270,34,-1,ball,75.9300003051758,20.7800006866455,tracking
2270,35,47941,player,70.92,8.26,tracking
2270,35,-1,ball,75.9300003051758,20.7800006866455,tracking
2270,36,47941,player,71.07,8.09,tracking
2270,36,-1,ball,75.9300003051758,20.7800006866455,tracking
2270,37,47941,player,71.24,7.89,tracking
2270,37,-1,ball,75.9300003051758,20.7800006866455,tracking
2270,38,47941,player,71.42,7.66,tracking
2270,38,-1,ball,75.9300003051758,20.7800006866455,tracking
2270,39,47941,player,71.6,7.4,tracking
2270,39,-1,ball,75.9300003051758,20.7800006866455,tracking
2270,40,47941,player,71.77,7.12,tracking
2270,40,-1,ball,75.9300003051758,20.7800006866455,tracking
2270,41,47941,player,71.93,6.83,tracking
2270,41,-1,ball,75.9300003051758,20.7800006866455,tracking
2270,31,46130,player,76.28,7.7,tracking
2270,31,-1,ball,75.9300003051758,20.7800006866455,tracking
2270,32,46130,player,76.31,7.52,tracking
2270,32,-1,ball,75.9300003051758,20.7800006866455,tracking
2270,33,46130,player,76.35,7.33,tracking
2270,33,-1,ball,75.9300003051758,20.7800006866455,tracking
2270,34,46130,player,76.41,7.13,tracking
2270,34,-1,ball,75.9300003051758,20.7800006866455,tracking
2270,35,46130,player,76.46,6.92,tracking
2270,35,-1,ball,75.9300003051758,20.7800006866455,tracking
2270,36,46130,player,76.51,6.7,tracking
2270,36,-1,ball,75.9300003051758,20.7800006866455,tracking
2270,37,46130,player,76.51,6.46,tracking
2270,37,-1,ball,75.9300003051758,20.7800006866455,tracking
2270,38,46130,player,76.51,6.19,tracking
2270,38,-1,ball,75.9300003051758,20.7800006866455,tracking
2270,39,46130,player,76.47,5.92,tracking
2270,39,-1,ball,75.9300003051758,20.7800006866455,tracking
2270,40,46130,player,76.4,5.64,tracking
2270,40,-1,ball,75.9300003051758,20.7800006866455,tracking
2270,41,46130,player,76.32,5.36,tracking
2270,41,-1,ball,75.9300003051758,20.7800006866455,tracking
2270,31,53488,player,76.68,45.69,tracking
2270,31,-1,ball,75.9300003051758,20.7800006866455,tracking
2270,32,53488,player,76.68,45.73,tracking
2270,32,-1,ball,75.9300003051758,20.7800006866455,tracking
2270,33,53488,player,76.69,45.76,tracking
2270,33,-1,ball,75.9300003051758,20.7800006866455,tracking
2270,34,53488,player,76.71,45.77,tracking
2270,34,-1,ball,75.9300003051758,20.7800006866455,tracking
2270,35,53488,player,76.73,45.75,tracking
2270,35,-1,ball,75.9300003051758,20.7800006866455,tracking
2270,36,53488,player,76.69,45.67,tracking
2270,36,-1,ball,75.9300003051758,20.7800006866455,tracking
2270,37,53488,player,76.65,45.57,tracking
2270,37,-1,ball,75.9300003051758,20.7800006866455,tracking
2270,38,53488,player,76.61,45.44,tracking
2270,38,-1,ball,75.9300003051758,20.7800006866455,tracking
2270,39,53488,player,76.54,45.26,tracking
2270,39,-1,ball,75.9300003051758,20.7800006866455,tracking
2270,40,53488,player,76.46,45.04,tracking
2270,40,-1,ball,75.9300003051758,20.7800006866455,tracking
2270,41,53488,player,76.35,44.76,tracking
2270,41,-1,ball,75.9300003051758,20.7800006866455,tracking
2270,31,40488,player,76.03,19.59,tracking
2270,31,-1,ball,75.9300003051758,20.7800006866455,tracking
2270,32,40488,player,75.88,19.91,tracking
2270,32,-1,ball,75.9300003051758,20.7800006866455,tracking
2270,33,40488,player,75.73,20.23,tracking
2270,33,-1,ball,75.9300003051758,20.7800006866455,tracking
2270,34,40488,player,75.59,20.54,tracking
2270,34,-1,ball,75.9300003051758,20.7800006866455,tracking
2270,35,40488,player,75.46,20.84,tracking
2270,35,-1,ball,75.9300003051758,20.7800006866455,tracking
2270,36,40488,player,75.33,21.12,tracking
2270,36,-1,ball,75.9300003051758,20.7800006866455,tracking
2270,37,40488,player,75.2,21.36,tracking
2270,37,-1,ball,75.9300003051758,20.7800006866455,tracking
2270,38,40488,player,75.08,21.56,tracking
2270,38,-1,ball,75.9300003051758,20.7800006866455,tracking
2270,39,40488,player,74.97,21.72,tracking
2270,39,-1,ball,75.9300003051758,20.7800006866455,tracking
2270,40,40488,player,74.86,21.83,tracking
2270,40,-1,ball,75.9300003051758,20.7800006866455,tracking
2270,41,40488,player,74.76,21.89,tracking
2270,41,-1,ball,75.9300003051758,20.7800006866455,tracking
4826,13,43314,player,52.27,18.47,tracking
4826,13,-1,ball,46.0200004577637,24.5400009155273,tracking
4826,14,43314,player,52.14,18.44,tracking
4826,14,-1,ball,46.0200004577637,24.5400009155273,tracking
4826,15,43314,player,52.0,18.44,tracking
4826,15,-1,ball,46.0200004577637,24.5400009155273,tracking
4826,16,43314,player,51.83,18.46,tracking
4826,16,-1,ball,46.0200004577637,24.5400009155273,tracking
4826,17,43314,player,51.66,18.51,tracking
4826,17,-1,ball,46.0200004577637,24.5400009155273,tracking
4826,18,43314,player,51.47,18.57,tracking
4826,18,-1,ball,46.0200004577637,24.5400009155273,tracking
4826,19,43314,player,51.28,18.64,tracking
4826,19,-1,ball,46.0200004577637,24.5400009155273,tracking
4826,20,43314,player,51.09,18.72,tracking
4826,20,-1,ball,46.0200004577637,24.5400009155273,tracking
4826,21,43314,player,50.9,18.8,tracking
4826,21,-1,ball,46.0200004577637,24.5400009155273,tracking
4826,22,43314,player,50.74,18.89,tracking
4826,22,-1,ball,46.0200004577637,24.5400009155273,tracking
4826,23,43314,player,50.57,19.0,tracking
4826,23,-1,ball,46.0200004577637,24.5400009155273,tracking
4826,13,55869,player,47.38,44.87,tracking
4826,13,-1,ball,46.0200004577637,24.5400009155273,tracking
4826,14,55869,player,47.23,44.92,tracking
4826,14,-1,ball,46.0200004577637,24.5400009155273,tracking
4826,15,55869,player,47.07,44.99,tracking
4826,15,-1,ball,46.0200004577637,24.5400009155273,tracking
4826,16,55869,player,46.9,45.08,tracking
4826,16,-1,ball,46.0200004577637,24.5400009155273,tracking
4826,17,55869,player,46.72,45.17,tracking
4826,17,-1,ball,46.0200004577637,24.5400009155273,tracking
4826,18,55869,player,46.53,45.27,tracking
4826,18,-1,ball,46.0200004577637,24.5400009155273,tracking
4826,19,55869,player,46.33,45.37,tracking
4826,19,-1,ball,46.0200004577637,24.5400009155273,tracking
4826,20,55869,player,46.13,45.48,tracking
4826,20,-1,ball,46.0200004577637,24.5400009155273,tracking
4826,21,55869,player,45.91,45.59,tracking
4826,21,-1,ball,46.0200004577637,24.5400009155273,tracking
4826,22,55869,player,45.69,45.71,tracking
4826,22,-1,ball,46.0200004577637,24.5400009155273,tracking
4826,23,55869,player,45.46,45.84,tracking
4826,23,-1,ball,46.0200004577637,24.5400009155273,tracking
4826,13,47941,player,45.89,14.57,tracking
4826,13,-1,ball,46.0200004577637,24.5400009155273,tracking
4826,14,47941,player,45.63,14.56,tracking
4826,14,-1,ball,46.0200004577637,24.5400009155273,tracking
4826,15,47941,player,45.35,14.56,tracking
4826,15,-1,ball,46.0200004577637,24.5400009155273,tracking
4826,16,47941,player,45.06,14.57,tracking
4826,16,-1,ball,46.0200004577637,24.5400009155273,tracking
4826,17,47941,player,44.74,14.58,tracking
4826,17,-1,ball,46.0200004577637,24.5400009155273,tracking
4826,18,47941,player,44.41,14.61,tracking
4826,18,-1,ball,46.0200004577637,24.5400009155273,tracking
4826,19,47941,player,44.07,14.64,tracking
4826,19,-1,ball,46.0200004577637,24.5400009155273,tracking
4826,20,47941,player,43.73,14.68,tracking
4826,20,-1,ball,46.0200004577637,24.5400009155273,tracking
4826,21,47941,player,43.4,14.74,tracking
4826,21,-1,ball,46.0200004577637,24.5400009155273,tracking
4826,22,47941,player,43.14,14.82,tracking
4826,22,-1,ball,46.0200004577637,24.5400009155273,tracking
4826,23,47941,player,42.88,14.91,tracking
4826,23,-1,ball,46.0200004577637,24.5400009155273,tracking
4826,13,40488,player,54.4,18.75,tracking
4826,13,-1,ball,46.0200004577637,24.5400009155273,tracking
4826,14,40488,player,54.06,18.86,tracking
4826,14,-1,ball,46.0200004577637,24.5400009155273,tracking
4826,15,40488,player,53.71,18.97,tracking
4826,15,-1,ball,46.0200004577637,24.5400009155273,tracking
4826,16,40488,player,53.37,19.08,tracking
4826,16,-1,ball,46.0200004577637,24.5400009155273,tracking
4826,17,40488,player,53.03,19.19,tracking
4826,17,-1,ball,46.0200004577637,24.5400009155273,tracking
4826,18,40488,player,52.71,19.3,tracking
4826,18,-1,ball,46.0200004577637,24.5400009155273,tracking
4826,19,40488,player,52.42,19.43,tracking
4826,19,-1,ball,46.0200004577637,24.5400009155273,tracking
4826,20,40488,player,52.17,19.57,tracking
4826,20,-1,ball,46.0200004577637,24.5400009155273,tracking
4826,21,40488,player,51.94,19.72,tracking
4826,21,-1,ball,46.0200004577637,24.5400009155273,tracking
4826,22,40488,player,51.75,19.9,tracking
4826,22,-1,ball,46.0200004577637,24.5400009155273,tracking
4826,23,40488,player,51.59,20.11,tracking
4826,23,-1,ball,46.0200004577637,24.5400009155273,tracking
4826,13,46130,player,53.6,44.12,tracking
4826,13,-1,ball,46.0200004577637,24.5400009155273,tracking
4826,14,46130,player,53.15,44.16,tracking
4826,14,-1,ball,46.0200004577637,24.5400009155273,tracking
4826,15,46130,player,52.66,44.22,tracking
4826,15,-1,ball,46.0200004577637,24.5400009155273,tracking
4826,16,46130,player,52.15,44.31,tracking
4826,16,-1,ball,46.0200004577637,24.5400009155273,tracking
4826,17,46130,player,51.59,44.41,tracking
4826,17,-1,ball,46.0200004577637,24.5400009155273,tracking
4826,18,46130,player,51.02,44.55,tracking
4826,18,-1,ball,46.0200004577637,24.5400009155273,tracking
4826,19,46130,player,50.43,44.71,tracking
4826,19,-1,ball,46.0200004577637,24.5400009155273,tracking
4826,20,46130,player,49.84,44.9,tracking
4826,20,-1,ball,46.0200004577637,24.5400009155273,tracking
4826,21,46130,player,49.24,45.12,tracking
4826,21,-1,ball,46.0200004577637,24.5400009155273,tracking
4826,22,46130,player,48.64,45.36,tracking
4826,22,-1,ball,46.0200004577637,24.5400009155273,tracking
4826,23,46130,player,48.04,45.62,tracking
4826,23,-1,ball,46.0200004577637,24.5400009155273,tracking
4826,13,53488,player,51.94,20.13,tracking
4826,13,-1,ball,46.0200004577637,24.5400009155273,tracking
4826,14,53488,player,51.37,20.19,tracking
4826,14,-1,ball,46.0200004577637,24.5400009155273,tracking
4826,15,53488,player,50.78,20.24,tracking
4826,15,-1,ball,46.0200004577637,24.5400009155273,tracking
4826,16,53488,player,50.19,20.31,tracking
4826,16,-1,ball,46.0200004577637,24.5400009155273,tracking
4826,17,53488,player,49.61,20.38,tracking
4826,17,-1,ball,46.0200004577637,24.5400009155273,tracking
4826,18,53488,player,49.04,20.46,tracking
4826,18,-1,ball,46.0200004577637,24.5400009155273,tracking
4826,19,53488,player,48.5,20.59,tracking
4826,19,-1,ball,46.0200004577637,24.5400009155273,tracking
4826,20,53488,player,47.97,20.73,tracking
4826,20,-1,ball,46.0200004577637,24.5400009155273,tracking
4826,21,53488,player,47.5,20.92,tracking
4826,21,-1,ball,46.0200004577637,24.5400009155273,tracking
4826,22,53488,player,47.07,21.14,tracking
4826,22,-1,ball,46.0200004577637,24.5400009155273,tracking
4826,23,53488,player,46.7,21.43,tracking
4826,23,-1,ball,46.0200004577637,24.5400009155273,tracking
3696,9,56045,player,92.09,9.77,tracking
3696,9,-1,ball,95.879997253418,13.539999961853,tracking
3696,10,56045,player,92.28,9.62,tracking
3696,10,-1,ball,95.879997253418,13.539999961853,tracking
3696,11,56045,player,92.52,9.44,tracking
3696,11,-1,ball,95.879997253418,13.539999961853,tracking
3696,12,56045,player,92.81,9.24,tracking
3696,12,-1,ball,95.879997253418,13.539999961853,tracking
3696,13,56045,player,93.13,9.07,tracking
3696,13,-1,ball,95.879997253418,13.539999961853,tracking
3696,14,56045,player,93.47,8.89,tracking
3696,14,-1,ball,95.879997253418,13.539999961853,tracking
3696,15,56045,player,93.82,8.75,tracking
3696,15,-1,ball,95.879997253418,13.539999961853,tracking
3696,16,56045,player,94.19,8.66,tracking
3696,16,-1,ball,95.879997253418,13.539999961853,tracking
3696,17,56045,player,94.54,8.63,tracking
3696,17,-1,ball,95.879997253418,13.539999961853,tracking
3696,18,56045,player,94.89,8.66,tracking
3696,18,-1,ball,95.879997253418,13.539999961853,tracking
3696,19,56045,player,95.23,8.75,tracking
3696,19,-1,ball,95.879997253418,13.539999961853,tracking
3696,9,53565,player,96.13,43.74,tracking
3696,9,-1,ball,95.879997253418,13.539999961853,tracking
3696,10,53565,player,96.47,43.71,tracking
3696,10,-1,ball,95.879997253418,13.539999961853,tracking
3696,11,53565,player,96.81,43.68,tracking
3696,11,-1,ball,95.879997253418,13.539999961853,tracking
3696,12,53565,player,97.16,43.67,tracking
3696,12,-1,ball,95.879997253418,13.539999961853,tracking
3696,13,53565,player,97.51,43.67,tracking
3696,13,-1,ball,95.879997253418,13.539999961853,tracking
3696,14,53565,player,97.86,43.71,tracking
3696,14,-1,ball,95.879997253418,13.539999961853,tracking
3696,15,53565,player,98.21,43.77,tracking
3696,15,-1,ball,95.879997253418,13.539999961853,tracking
3696,16,53565,player,98.56,43.86,tracking
3696,16,-1,ball,95.879997253418,13.539999961853,tracking
3696,17,53565,player,98.9,43.98,tracking
3696,17,-1,ball,95.879997253418,13.539999961853,tracking
3696,18,53565,player,99.23,44.13,tracking
3696,18,-1,ball,95.879997253418,13.539999961853,tracking
3696,19,53565,player,99.56,44.31,tracking
3696,19,-1,ball,95.879997253418,13.539999961853,tracking
3696,9,41246,player,89.08,44.09,tracking
3696,9,-1,ball,95.879997253418,13.539999961853,tracking
3696,10,41246,player,89.38,44.13,tracking
3696,10,-1,ball,95.879997253418,13.539999961853,tracking
3696,11,41246,player,89.73,44.19,tracking
3696,11,-1,ball,95.879997253418,13.539999961853,tracking
3696,12,41246,player,90.13,44.25,tracking
3696,12,-1,ball,95.879997253418,13.539999961853,tracking
3696,13,41246,player,90.59,44.32,tracking
3696,13,-1,ball,95.879997253418,13.539999961853,tracking
3696,14,41246,player,91.09,44.41,tracking
3696,14,-1,ball,95.879997253418,13.539999961853,tracking
3696,15,41246,player,91.63,44.5,tracking
3696,15,-1,ball,95.879997253418,13.539999961853,tracking
3696,16,41246,player,92.2,44.61,tracking
3696,16,-1,ball,95.879997253418,13.539999961853,tracking
3696,17,41246,player,92.81,44.72,tracking
3696,17,-1,ball,95.879997253418,13.539999961853,tracking
3696,18,41246,player,93.44,44.83,tracking
3696,18,-1,ball,95.879997253418,13.539999961853,tracking
3696,19,41246,player,94.08,44.96,tracking
3696,19,-1,ball,95.879997253418,13.539999961853,tracking
3696,9,52425,player,88.81,37.12,tracking
3696,9,-1,ball,95.879997253418,13.539999961853,tracking
3696,10,52425,player,89.04,37.36,tracking
3696,10,-1,ball,95.879997253418,13.539999961853,tracking
3696,11,52425,player,89.3,37.63,tracking
3696,11,-1,ball,95.879997253418,13.539999961853,tracking
3696,12,52425,player,89.57,37.95,tracking
3696,12,-1,ball,95.879997253418,13.539999961853,tracking
3696,13,52425,player,89.87,38.3,tracking
3696,13,-1,ball,95.879997253418,13.539999961853,tracking
3696,14,52425,player,90.18,38.71,tracking
3696,14,-1,ball,95.879997253418,13.539999961853,tracking
3696,15,52425,player,90.48,39.15,tracking
3696,15,-1,ball,95.879997253418,13.539999961853,tracking
3696,16,52425,player,90.78,39.63,tracking
3696,16,-1,ball,95.879997253418,13.539999961853,tracking
3696,17,52425,player,91.06,40.14,tracking
3696,17,-1,ball,95.879997253418,13.539999961853,tracking
3696,18,52425,player,91.35,40.68,tracking
3696,18,-1,ball,95.879997253418,13.539999961853,tracking
3696,19,52425,player,91.62,41.23,tracking
3696,19,-1,ball,95.879997253418,13.539999961853,tracking
3696,9,46150,player,90.19,9.24,tracking
3696,9,-1,ball,95.879997253418,13.539999961853,tracking
3696,10,46150,player,90.51,9.11,tracking
3696,10,-1,ball,95.879997253418,13.539999961853,tracking
3696,11,46150,player,90.88,8.97,tracking
3696,11,-1,ball,95.879997253418,13.539999961853,tracking
3696,12,46150,player,91.26,8.88,tracking
3696,12,-1,ball,95.879997253418,13.539999961853,tracking
3696,13,46150,player,91.66,8.82,tracking
3696,13,-1,ball,95.879997253418,13.539999961853,tracking
3696,14,46150,player,92.07,8.8,tracking
3696,14,-1,ball,95.879997253418,13.539999961853,tracking
3696,15,46150,player,92.49,8.82,tracking
3696,15,-1,ball,95.879997253418,13.539999961853,tracking
3696,16,46150,player,92.91,8.91,tracking
3696,16,-1,ball,95.879997253418,13.539999961853,tracking
3696,17,46150,player,93.32,9.05,tracking
3696,17,-1,ball,95.879997253418,13.539999961853,tracking
3696,18,46150,player,93.73,9.27,tracking
3696,18,-1,ball,95.879997253418,13.539999961853,tracking
3696,19,46150,player,94.13,9.55,tracking
3696,19,-1,ball,95.879997253418,13.539999961853,tracking
1760,18,52458,player,27.15,22.65,tracking
1760,18,-1,ball,19.1700000762939,9.40999984741211,tracking
1760,19,52458,player,26.67,22.68,tracking
1760,19,-1,ball,19.1700000762939,9.40999984741211,tracking
1760,20,52458,player,26.18,22.69,tracking
1760,20,-1,ball,19.1700000762939,9.40999984741211,tracking
1760,21,52458,player,25.65,22.68,tracking
1760,21,-1,ball,19.1700000762939,9.40999984741211,tracking
1760,22,52458,player,25.12,22.65,tracking
1760,22,-1,ball,19.1700000762939,9.40999984741211,tracking
1760,23,52458,player,24.57,22.59,tracking
1760,23,-1,ball,19.1700000762939,9.40999984741211,tracking
1760,24,52458,player,24.01,22.49,tracking
1760,24,-1,ball,19.1700000762939,9.40999984741211,tracking
1760,25,52458,player,23.46,22.36,tracking
1760,25,-1,ball,19.1700000762939,9.40999984741211,tracking
1760,26,52458,player,22.92,22.18,tracking
1760,26,-1,ball,19.1700000762939,9.40999984741211,tracking
1760,27,52458,player,22.39,21.95,tracking
1760,27,-1,ball,19.1700000762939,9.40999984741211,tracking
1760,28,52458,player,21.89,21.66,tracking
1760,28,-1,ball,19.1700000762939,9.40999984741211,tracking
1760,18,54778,player,28.07,15.32,tracking
1760,18,-1,ball,19.1700000762939,9.40999984741211,tracking
1760,19,54778,player,27.66,15.18,tracking
1760,19,-1,ball,19.1700000762939,9.40999984741211,tracking
1760,20,54778,player,27.21,15.0,tracking
1760,20,-1,ball,19.1700000762939,9.40999984741211,tracking
1760,21,54778,player,26.74,14.81,tracking
1760,21,-1,ball,19.1700000762939,9.40999984741211,tracking
1760,22,54778,player,26.24,14.59,tracking
1760,22,-1,ball,19.1700000762939,9.40999984741211,tracking
1760,23,54778,player,25.71,14.36,tracking
1760,23,-1,ball,19.1700000762939,9.40999984741211,tracking
1760,24,54778,player,25.14,14.12,tracking
1760,24,-1,ball,19.1700000762939,9.40999984741211,tracking
1760,25,54778,player,24.53,13.87,tracking
1760,25,-1,ball,19.1700000762939,9.40999984741211,tracking
1760,26,54778,player,23.9,13.63,tracking
1760,26,-1,ball,19.1700000762939,9.40999984741211,tracking
1760,27,54778,player,23.23,13.39,tracking
1760,27,-1,ball,19.1700000762939,9.40999984741211,tracking
1760,28,54778,player,22.55,13.16,tracking
1760,28,-1,ball,19.1700000762939,9.40999984741211,tracking
1760,18,56030,player,28.65,38.04,tracking
1760,18,-1,ball,19.1700000762939,9.40999984741211,tracking
1760,19,56030,player,28.24,37.74,tracking
1760,19,-1,ball,19.1700000762939,9.40999984741211,tracking
1760,20,56030,player,27.82,37.41,tracking
1760,20,-1,ball,19.1700000762939,9.40999984741211,tracking
1760,21,56030,player,27.37,37.08,tracking
1760,21,-1,ball,19.1700000762939,9.40999984741211,tracking
1760,22,56030,player,26.9,36.75,tracking
1760,22,-1,ball,19.1700000762939,9.40999984741211,tracking
1760,23,56030,player,26.41,36.42,tracking
1760,23,-1,ball,19.1700000762939,9.40999984741211,tracking
1760,24,56030,player,25.89,36.12,tracking
1760,24,-1,ball,19.1700000762939,9.40999984741211,tracking
1760,25,56030,player,25.35,35.83,tracking
1760,25,-1,ball,19.1700000762939,9.40999984741211,tracking
1760,26,56030,player,24.8,35.57,tracking
1760,26,-1,ball,19.1700000762939,9.40999984741211,tracking
1760,27,56030,player,24.24,35.32,tracking
1760,27,-1,ball,19.1700000762939,9.40999984741211,tracking
1760,28,56030,player,23.68,35.08,tracking
1760,28,-1,ball,19.1700000762939,9.40999984741211,tracking
1760,18,46213,player,29.12,37.65,tracking
1760,18,-1,ball,19.1700000762939,9.40999984741211,tracking
1760,19,46213,player,28.64,37.3,tracking
1760,19,-1,ball,19.1700000762939,9.40999984741211,tracking
1760,20,46213,player,28.14,36.95,tracking
1760,20,-1,ball,19.1700000762939,9.40999984741211,tracking
1760,21,46213,player,27.62,36.61,tracking
1760,21,-1,ball,19.1700000762939,9.40999984741211,tracking
1760,22,46213,player,27.09,36.28,tracking
1760,22,-1,ball,19.1700000762939,9.40999984741211,tracking
1760,23,46213,player,26.56,35.95,tracking
1760,23,-1,ball,19.1700000762939,9.40999984741211,tracking
1760,24,46213,player,26.03,35.63,tracking
1760,24,-1,ball,19.1700000762939,9.40999984741211,tracking
1760,25,46213,player,25.51,35.32,tracking
1760,25,-1,ball,19.1700000762939,9.40999984741211,tracking
1760,26,46213,player,25.01,35.03,tracking
1760,26,-1,ball,19.1700000762939,9.40999984741211,tracking
1760,27,46213,player,24.53,34.76,tracking
1760,27,-1,ball,19.1700000762939,9.40999984741211,tracking
1760,28,46213,player,24.08,34.5,tracking
1760,28,-1,ball,19.1700000762939,9.40999984741211,tracking
1760,18,46243,player,28.42,14.68,tracking
1760,18,-1,ball,19.1700000762939,9.40999984741211,tracking
1760,19,46243,player,27.88,14.45,tracking
1760,19,-1,ball,19.1700000762939,9.40999984741211,tracking
1760,20,46243,player,27.32,14.2,tracking
1760,20,-1,ball,19.1700000762939,9.40999984741211,tracking
1760,21,46243,player,26.73,13.93,tracking
1760,21,-1,ball,19.1700000762939,9.40999984741211,tracking
1760,22,46243,player,26.11,13.67,tracking
1760,22,-1,ball,19.1700000762939,9.40999984741211,tracking
1760,23,46243,player,25.47,13.39,tracking
1760,23,-1,ball,19.1700000762939,9.40999984741211,tracking
1760,24,46243,player,24.79,13.11,tracking
1760,24,-1,ball,19.1700000762939,9.40999984741211,tracking
1760,25,46243,player,24.1,12.84,tracking
1760,25,-1,ball,19.1700000762939,9.40999984741211,tracking
1760,26,46243,player,23.38,12.58,tracking
1760,26,-1,ball,19.1700000762939,9.40999984741211,tracking
1760,27,46243,player,22.66,12.33,tracking
1760,27,-1,ball,19.1700000762939,9.40999984741211,tracking
1760,28,46243,player,21.91,12.09,tracking
1760,28,-1,ball,19.1700000762939,9.40999984741211,tracking
1760,18,54519,player,27.97,22.01,tracking
1760,18,-1,ball,19.1700000762939,9.40999984741211,tracking
1760,19,54519,player,27.34,21.98,tracking
1760,19,-1,ball,19.1700000762939,9.40999984741211,tracking
1760,20,54519,player,26.7,21.94,tracking
1760,20,-1,ball,19.1700000762939,9.40999984741211,tracking
1760,21,54519,player,26.05,21.89,tracking
1760,21,-1,ball,19.1700000762939,9.40999984741211,tracking
1760,22,54519,player,25.4,21.82,tracking
1760,22,-1,ball,19.1700000762939,9.40999984741211,tracking
1760,23,54519,player,24.77,21.73,tracking
1760,23,-1,ball,19.1700000762939,9.40999984741211,tracking
1760,24,54519,player,24.17,21.61,tracking
1760,24,-1,ball,19.1700000762939,9.40999984741211,tracking
1760,25,54519,player,23.59,21.44,tracking
1760,25,-1,ball,19.1700000762939,9.40999984741211,tracking
1760,26,54519,player,23.05,21.23,tracking
1760,26,-1,ball,19.1700000762939,9.40999984741211,tracking
1760,27,54519,player,22.56,20.97,tracking
1760,27,-1,ball,19.1700000762939,9.40999984741211,tracking
1760,28,54519,player,22.09,20.66,tracking
1760,28,-1,ball,19.1700000762939,9.40999984741211,tracking
3350,20,46310,player,75.12,32.34,tracking
3350,20,-1,ball,71.5299987792969,2.49000000953674,tracking
3350,21,46310,player,74.63,32.11,tracking
3350,21,-1,ball,71.5299987792969,2.49000000953674,tracking
3350,22,46310,player,74.11,31.88,tracking
3350,22,-1,ball,71.5299987792969,2.49000000953674,tracking
3350,23,46310,player,73.57,31.68,tracking
3350,23,-1,ball,71.5299987792969,2.49000000953674,tracking
3350,24,46310,player,73.0,31.46,tracking
3350,24,-1,ball,71.5299987792969,2.49000000953674,tracking
3350,25,46310,player,72.42,31.24,tracking
3350,25,-1,ball,71.5299987792969,2.49000000953674,tracking
3350,26,46310,player,71.85,31.01,tracking
3350,26,-1,ball,71.5299987792969,2.49000000953674,tracking
3350,27,46310,player,71.29,30.76,tracking
3350,27,-1,ball,71.5299987792969,2.49000000953674,tracking
3350,28,46310,player,70.76,30.46,tracking
3350,28,-1,ball,71.5299987792969,2.49000000953674,tracking
3350,29,46310,player,70.25,30.17,tracking
3350,29,-1,ball,71.5299987792969,2.49000000953674,tracking
3350,30,46310,player,69.81,29.81,tracking
3350,30,-1,ball,71.5299987792969,2.49000000953674,tracking
3350,20,54778,player,75.0,40.52,tracking
3350,20,-1,ball,71.5299987792969,2.49000000953674,tracking
3350,21,54778,player,74.46,40.19,tracking
3350,21,-1,ball,71.5299987792969,2.49000000953674,tracking
3350,22,54778,player,73.89,39.87,tracking
3350,22,-1,ball,71.5299987792969,2.49000000953674,tracking
3350,23,54778,player,73.3,39.54,tracking
3350,23,-1,ball,71.5299987792969,2.49000000953674,tracking
3350,24,54778,player,72.68,39.22,tracking
3350,24,-1,ball,71.5299987792969,2.49000000953674,tracking
3350,25,54778,player,72.06,38.9,tracking
3350,25,-1,ball,71.5299987792969,2.49000000953674,tracking
3350,26,54778,player,71.44,38.58,tracking
3350,26,-1,ball,71.5299987792969,2.49000000953674,tracking
3350,27,54778,player,70.83,38.26,tracking
3350,27,-1,ball,71.5299987792969,2.49000000953674,tracking
3350,28,54778,player,70.23,37.94,tracking
3350,28,-1,ball,71.5299987792969,2.49000000953674,tracking
3350,29,54778,player,69.66,37.63,tracking
3350,29,-1,ball,71.5299987792969,2.49000000953674,tracking
3350,30,54778,player,69.14,37.35,tracking
3350,30,-1,ball,71.5299987792969,2.49000000953674,tracking
3350,20,56030,player,75.15,11.81,tracking
3350,20,-1,ball,71.5299987792969,2.49000000953674,tracking
3350,21,56030,player,74.74,12.01,tracking
3350,21,-1,ball,71.5299987792969,2.49000000953674,tracking
3350,22,56030,player,74.32,12.18,tracking
3350,22,-1,ball,71.5299987792969,2.49000000953674,tracking
3350,23,56030,player,73.9,12.36,tracking
3350,23,-1,ball,71.5299987792969,2.49000000953674,tracking
3350,24,56030,player,73.48,12.49,tracking
3350,24,-1,ball,71.5299987792969,2.49000000953674,tracking
3350,25,56030,player,73.06,12.58,tracking
3350,25,-1,ball,71.5299987792969,2.49000000953674,tracking
3350,26,56030,player,72.65,12.63,tracking
3350,26,-1,ball,71.5299987792969,2.49000000953674,tracking
3350,27,56030,player,72.23,12.62,tracking
3350,27,-1,ball,71.5299987792969,2.49000000953674,tracking
3350,28,56030,player,71.82,12.54,tracking
3350,28,-1,ball,71.5299987792969,2.49000000953674,tracking
3350,29,56030,player,71.44,12.39,tracking
3350,29,-1,ball,71.5299987792969,2.49000000953674,tracking
3350,30,56030,player,71.07,12.19,tracking
3350,30,-1,ball,71.5299987792969,2.49000000953674,tracking
3350,20,54885,player,75.69,39.62,tracking
3350,20,-1,ball,71.5299987792969,2.49000000953674,tracking
3350,21,54885,player,75.06,39.27,tracking
3350,21,-1,ball,71.5299987792969,2.49000000953674,tracking
3350,22,54885,player,74.41,38.94,tracking
3350,22,-1,ball,71.5299987792969,2.49000000953674,tracking
3350,23,54885,player,73.75,38.64,tracking
3350,23,-1,ball,71.5299987792969,2.49000000953674,tracking
3350,24,54885,player,73.09,38.34,tracking
3350,24,-1,ball,71.5299987792969,2.49000000953674,tracking
3350,25,54885,player,72.43,38.05,tracking
3350,25,-1,ball,71.5299987792969,2.49000000953674,tracking
3350,26,54885,player,71.79,37.79,tracking
3350,26,-1,ball,71.5299987792969,2.49000000953674,tracking
3350,27,54885,player,71.17,37.55,tracking
3350,27,-1,ball,71.5299987792969,2.49000000953674,tracking
3350,28,54885,player,70.6,37.33,tracking
3350,28,-1,ball,71.5299987792969,2.49000000953674,tracking
3350,29,54885,player,70.06,37.15,tracking
3350,29,-1,ball,71.5299987792969,2.49000000953674,tracking
3350,30,54885,player,69.55,37.0,tracking
3350,30,-1,ball,71.5299987792969,2.49000000953674,tracking
3350,20,55920,player,75.0,31.45,tracking
3350,20,-1,ball,71.5299987792969,2.49000000953674,tracking
3350,21,55920,player,74.42,31.16,tracking
3350,21,-1,ball,71.5299987792969,2.49000000953674,tracking
3350,22,55920,player,73.85,30.87,tracking
3350,22,-1,ball,71.5299987792969,2.49000000953674,tracking
3350,23,55920,player,73.3,30.56,tracking
3350,23,-1,ball,71.5299987792969,2.49000000953674,tracking
3350,24,55920,player,72.77,30.24,tracking
3350,24,-1,ball,71.5299987792969,2.49000000953674,tracking
3350,25,55920,player,72.26,29.9,tracking
3350,25,-1,ball,71.5299987792969,2.49000000953674,tracking
3350,26,55920,player,71.79,29.54,tracking
3350,26,-1,ball,71.5299987792969,2.49000000953674,tracking
3350,27,55920,player,71.36,29.15,tracking
3350,27,-1,ball,71.5299987792969,2.49000000953674,tracking
3350,28,55920,player,70.98,28.74,tracking
3350,28,-1,ball,71.5299987792969,2.49000000953674,tracking
3350,29,55920,player,70.64,28.31,tracking
3350,29,-1,ball,71.5299987792969,2.49000000953674,tracking
3350,30,55920,player,70.35,27.85,tracking
3350,30,-1,ball,71.5299987792969,2.49000000953674,tracking
3350,20,54519,player,76.34,12.28,tracking
3350,20,-1,ball,71.5299987792969,2.49000000953674,tracking
3350,21,54519,player,75.95,12.28,tracking
3350,21,-1,ball,71.5299987792969,2.49000000953674,tracking
3350,22,54519,player,75.57,12.22,tracking
3350,22,-1,ball,71.5299987792969,2.49000000953674,tracking
3350,23,54519,player,75.2,12.08,tracking
3350,23,-1,ball,71.5299987792969,2.49000000953674,tracking
3350,24,54519,player,74.84,11.87,tracking
3350,24,-1,ball,71.5299987792969,2.49000000953674,tracking
3350,25,54519,player,74.49,11.59,tracking
3350,25,-1,ball,71.5299987792969,2.49000000953674,tracking
3350,26,54519,player,74.16,11.25,tracking
3350,26,-1,ball,71.5299987792969,2.49000000953674,tracking
3350,27,54519,player,73.86,10.86,tracking
3350,27,-1,ball,71.5299987792969,2.49000000953674,tracking
3350,28,54519,player,73.57,10.44,tracking
3350,28,-1,ball,71.5299987792969,2.49000000953674,tracking
3350,29,54519,player,73.3,9.97,tracking
3350,29,-1,ball,71.5299987792969,2.49000000953674,tracking
3350,30,54519,player,73.06,9.47,tracking
3350,30,-1,ball,71.5299987792969,2.49000000953674,tracking
307,33,47862,player,42.97,25.05,tracking
307,33,-1,ball,48.2099990844727,52.4900016784668,tracking
307,34,47862,player,43.08,25.23,tracking
307,34,-1,ball,48.2099990844727,52.4900016784668,tracking
307,35,47862,player,43.17,25.47,tracking
307,35,-1,ball,48.2099990844727,52.4900016784668,tracking
307,36,47862,player,43.25,25.78,tracking
307,36,-1,ball,48.2099990844727,52.4900016784668,tracking
307,37,47862,player,43.32,26.13,tracking
307,37,-1,ball,48.2099990844727,52.4900016784668,tracking
307,38,47862,player,43.39,26.54,tracking
307,38,-1,ball,48.2099990844727,52.4900016784668,tracking
307,39,47862,player,43.44,26.99,tracking
307,39,-1,ball,48.2099990844727,52.4900016784668,tracking
307,40,47862,player,43.5,27.49,tracking
307,40,-1,ball,48.2099990844727,52.4900016784668,tracking
307,41,47862,player,43.57,28.02,tracking
307,41,-1,ball,48.2099990844727,52.4900016784668,tracking
307,42,47862,player,43.63,28.58,tracking
307,42,-1,ball,48.2099990844727,52.4900016784668,tracking
307,43,47862,player,43.71,29.17,tracking
307,43,-1,ball,48.2099990844727,52.4900016784668,tracking
307,33,55969,player,46.3,31.78,tracking
307,33,-1,ball,48.2099990844727,52.4900016784668,tracking
307,34,55969,player,46.53,31.77,tracking
307,34,-1,ball,48.2099990844727,52.4900016784668,tracking
307,35,55969,player,46.72,31.79,tracking
307,35,-1,ball,48.2099990844727,52.4900016784668,tracking
307,36,55969,player,46.88,31.83,tracking
307,36,-1,ball,48.2099990844727,52.4900016784668,tracking
307,37,55969,player,47.0,31.9,tracking
307,37,-1,ball,48.2099990844727,52.4900016784668,tracking
307,38,55969,player,47.08,32.02,tracking
307,38,-1,ball,48.2099990844727,52.4900016784668,tracking
307,39,55969,player,47.15,32.18,tracking
307,39,-1,ball,48.2099990844727,52.4900016784668,tracking
307,40,55969,player,47.18,32.4,tracking
307,40,-1,ball,48.2099990844727,52.4900016784668,tracking
307,41,55969,player,47.18,32.69,tracking
307,41,-1,ball,48.2099990844727,52.4900016784668,tracking
307,42,55969,player,47.15,33.0,tracking
307,42,-1,ball,48.2099990844727,52.4900016784668,tracking
307,43,55969,player,47.1,33.38,tracking
307,43,-1,ball,48.2099990844727,52.4900016784668,tracking
307,33,42361,player,43.42,14.09,tracking
307,33,-1,ball,48.2099990844727,52.4900016784668,tracking
307,34,42361,player,43.53,14.58,tracking
307,34,-1,ball,48.2099990844727,52.4900016784668,tracking
307,35,42361,player,43.62,15.07,tracking
307,35,-1,ball,48.2099990844727,52.4900016784668,tracking
307,36,42361,player,43.69,15.54,tracking
307,36,-1,ball,48.2099990844727,52.4900016784668,tracking
307,37,42361,player,43.75,16.0,tracking
307,37,-1,ball,48.2099990844727,52.4900016784668,tracking
307,38,42361,player,43.79,16.44,tracking
307,38,-1,ball,48.2099990844727,52.4900016784668,tracking
307,39,42361,player,43.81,16.88,tracking
307,39,-1,ball,48.2099990844727,52.4900016784668,tracking
307,40,42361,player,43.82,17.29,tracking
307,40,-1,ball,48.2099990844727,52.4900016784668,tracking
307,41,42361,player,43.82,17.68,tracking
307,41,-1,ball,48.2099990844727,52.4900016784668,tracking
307,42,42361,player,43.81,18.05,tracking
307,42,-1,ball,48.2099990844727,52.4900016784668,tracking
307,43,42361,player,43.78,18.41,tracking
307,43,-1,ball,48.2099990844727,52.4900016784668,tracking
307,33,53596,player,45.68,41.2,tracking
307,33,-1,ball,48.2099990844727,52.4900016784668,tracking
307,34,53596,player,46.29,41.73,tracking
307,34,-1,ball,48.2099990844727,52.4900016784668,tracking
307,35,53596,player,46.9,42.26,tracking
307,35,-1,ball,48.2099990844727,52.4900016784668,tracking
307,36,53596,player,47.51,42.79,tracking
307,36,-1,ball,48.2099990844727,52.4900016784668,tracking
307,37,53596,player,48.12,43.31,tracking
307,37,-1,ball,48.2099990844727,52.4900016784668,tracking
307,38,53596,player,48.71,43.84,tracking
307,38,-1,ball,48.2099990844727,52.4900016784668,tracking
307,39,53596,player,49.27,44.36,tracking
307,39,-1,ball,48.2099990844727,52.4900016784668,tracking
307,40,53596,player,49.81,44.87,tracking
307,40,-1,ball,48.2099990844727,52.4900016784668,tracking
307,41,53596,player,50.3,45.4,tracking
307,41,-1,ball,48.2099990844727,52.4900016784668,tracking
307,42,53596,player,50.75,45.92,tracking
307,42,-1,ball,48.2099990844727,52.4900016784668,tracking
307,43,53596,player,51.13,46.43,tracking
307,43,-1,ball,48.2099990844727,52.4900016784668,tracking
307,33,41290,player,45.89,31.98,tracking
307,33,-1,ball,48.2099990844727,52.4900016784668,tracking
307,34,41290,player,46.1,32.08,tracking
307,34,-1,ball,48.2099990844727,52.4900016784668,tracking
307,35,41290,player,46.26,32.21,tracking
307,35,-1,ball,48.2099990844727,52.4900016784668,tracking
307,36,41290,player,46.41,32.37,tracking
307,36,-1,ball,48.2099990844727,52.4900016784668,tracking
307,37,41290,player,46.52,32.58,tracking
307,37,-1,ball,48.2099990844727,52.4900016784668,tracking
307,38,41290,player,46.6,32.83,tracking
307,38,-1,ball,48.2099990844727,52.4900016784668,tracking
307,39,41290,player,46.66,33.12,tracking
307,39,-1,ball,48.2099990844727,52.4900016784668,tracking
307,40,41290,player,46.69,33.46,tracking
307,40,-1,ball,48.2099990844727,52.4900016784668,tracking
307,41,41290,player,46.7,33.84,tracking
307,41,-1,ball,48.2099990844727,52.4900016784668,tracking
307,42,41290,player,46.69,34.26,tracking
307,42,-1,ball,48.2099990844727,52.4900016784668,tracking
307,43,41290,player,46.68,34.71,tracking
307,43,-1,ball,48.2099990844727,52.4900016784668,tracking
307,33,54517,player,41.97,15.4,tracking
307,33,-1,ball,48.2099990844727,52.4900016784668,tracking
307,34,54517,player,42.13,15.81,tracking
307,34,-1,ball,48.2099990844727,52.4900016784668,tracking
307,35,54517,player,42.27,16.19,tracking
307,35,-1,ball,48.2099990844727,52.4900016784668,tracking
307,36,54517,player,42.39,16.55,tracking
307,36,-1,ball,48.2099990844727,52.4900016784668,tracking
307,37,54517,player,42.5,16.9,tracking
307,37,-1,ball,48.2099990844727,52.4900016784668,tracking
307,38,54517,player,42.59,17.23,tracking
307,38,-1,ball,48.2099990844727,52.4900016784668,tracking
307,39,54517,player,42.66,17.54,tracking
307,39,-1,ball,48.2099990844727,52.4900016784668,tracking
307,40,54517,player,42.71,17.84,tracking
307,40,-1,ball,48.2099990844727,52.4900016784668,tracking
307,41,54517,player,42.75,18.12,tracking
307,41,-1,ball,48.2099990844727,52.4900016784668,tracking
307,42,54517,player,42.77,18.39,tracking
307,42,-1,ball,48.2099990844727,52.4900016784668,tracking
307,43,54517,player,42.8,18.64,tracking
307,43,-1,ball,48.2099990844727,52.4900016784668,tracking
307,33,54603,player,45.15,41.96,tracking
307,33,-1,ball,48.2099990844727,52.4900016784668,tracking
307,34,54603,player,45.77,42.52,tracking
307,34,-1,ball,48.2099990844727,52.4900016784668,tracking
307,35,54603,player,46.37,43.08,tracking
307,35,-1,ball,48.2099990844727,52.4900016784668,tracking
307,36,54603,player,46.92,43.64,tracking
307,36,-1,ball,48.2099990844727,52.4900016784668,tracking
307,37,54603,player,47.43,44.2,tracking
307,37,-1,ball,48.2099990844727,52.4900016784668,tracking
307,38,54603,player,47.91,44.77,tracking
307,38,-1,ball,48.2099990844727,52.4900016784668,tracking
307,39,54603,player,48.35,45.34,tracking
307,39,-1,ball,48.2099990844727,52.4900016784668,tracking
307,40,54603,player,48.7,45.92,tracking
307,40,-1,ball,48.2099990844727,52.4900016784668,tracking
307,41,54603,player,48.98,46.47,tracking
307,41,-1,ball,48.2099990844727,52.4900016784668,tracking
307,42,54603,player,49.19,47.01,tracking
307,42,-1,ball,48.2099990844727,52.4900016784668,tracking
307,43,54603,player,49.34,47.54,tracking
307,43,-1,ball,48.2099990844727,52.4900016784668,tracking
1604,33,55969,player,67.92,13.01,tracking
1604,33,-1,ball,74.879997253418,1.96000003814697,tracking
1604,34,55969,player,67.49,12.73,tracking
1604,34,-1,ball,74.879997253418,1.96000003814697,tracking
1604,35,55969,player,67.1,12.41,tracking
1604,35,-1,ball,74.879997253418,1.96000003814697,tracking
1604,36,55969,player,66.78,12.06,tracking
1604,36,-1,ball,74.879997253418,1.96000003814697,tracking
1604,37,55969,player,66.51,11.69,tracking
1604,37,-1,ball,74.879997253418,1.96000003814697,tracking
1604,38,55969,player,66.31,11.29,tracking
1604,38,-1,ball,74.879997253418,1.96000003814697,tracking
1604,39,55969,player,66.18,10.87,tracking
1604,39,-1,ball,74.879997253418,1.96000003814697,tracking
1604,40,55969,player,66.11,10.43,tracking
1604,40,-1,ball,74.879997253418,1.96000003814697,tracking
1604,41,55969,player,66.12,9.98,tracking
1604,41,-1,ball,74.879997253418,1.96000003814697,tracking
1604,42,55969,player,66.2,9.51,tracking
1604,42,-1,ball,74.879997253418,1.96000003814697,tracking
1604,43,55969,player,66.35,9.05,tracking
1604,43,-1,ball,74.879997253418,1.96000003814697,tracking
1604,33,42361,player,82.2,41.01,tracking
1604,33,-1,ball,74.879997253418,1.96000003814697,tracking
1604,34,42361,player,81.9,41.13,tracking
1604,34,-1,ball,74.879997253418,1.96000003814697,tracking
1604,35,42361,player,81.6,41.24,tracking
1604,35,-1,ball,74.879997253418,1.96000003814697,tracking
1604,36,42361,player,81.3,41.35,tracking
1604,36,-1,ball,74.879997253418,1.96000003814697,tracking
1604,37,42361,player,81.01,41.45,tracking
1604,37,-1,ball,74.879997253418,1.96000003814697,tracking
1604,38,42361,player,80.72,41.55,tracking
1604,38,-1,ball,74.879997253418,1.96000003814697,tracking
1604,39,42361,player,80.45,41.63,tracking
1604,39,-1,ball,74.879997253418,1.96000003814697,tracking
1604,40,42361,player,80.19,41.7,tracking
1604,40,-1,ball,74.879997253418,1.96000003814697,tracking
1604,41,42361,player,79.93,41.76,tracking
1604,41,-1,ball,74.879997253418,1.96000003814697,tracking
1604,42,42361,player,79.69,41.8,tracking
1604,42,-1,ball,74.879997253418,1.96000003814697,tracking
1604,43,42361,player,79.45,41.82,tracking
1604,43,-1,ball,74.879997253418,1.96000003814697,tracking
1604,33,53596,player,78.32,11.19,tracking
1604,33,-1,ball,74.879997253418,1.96000003814697,tracking
1604,34,53596,player,78.19,10.96,tracking
1604,34,-1,ball,74.879997253418,1.96000003814697,tracking
1604,35,53596,player,78.07,10.77,tracking
1604,35,-1,ball,74.879997253418,1.96000003814697,tracking
1604,36,53596,player,77.96,10.61,tracking
1604,36,-1,ball,74.879997253418,1.96000003814697,tracking
1604,37,53596,player,77.88,10.48,tracking
1604,37,-1,ball,74.879997253418,1.96000003814697,tracking
1604,38,53596,player,77.8,10.36,tracking
1604,38,-1,ball,74.879997253418,1.96000003814697,tracking
1604,39,53596,player,77.74,10.24,tracking
1604,39,-1,ball,74.879997253418,1.96000003814697,tracking
1604,40,53596,player,77.69,10.11,tracking
1604,40,-1,ball,74.879997253418,1.96000003814697,tracking
1604,41,53596,player,77.65,9.97,tracking
1604,41,-1,ball,74.879997253418,1.96000003814697,tracking
1604,42,53596,player,77.62,9.81,tracking
1604,42,-1,ball,74.879997253418,1.96000003814697,tracking
1604,43,53596,player,77.58,9.62,tracking
1604,43,-1,ball,74.879997253418,1.96000003814697,tracking
1604,33,41290,player,79.53,24.22,tracking
1604,33,-1,ball,74.879997253418,1.96000003814697,tracking
1604,34,41290,player,79.31,23.42,tracking
1604,34,-1,ball,74.879997253418,1.96000003814697,tracking
1604,35,41290,player,79.1,22.62,tracking
1604,35,-1,ball,74.879997253418,1.96000003814697,tracking
1604,36,41290,player,78.9,21.81,tracking
1604,36,-1,ball,74.879997253418,1.96000003814697,tracking
1604,37,41290,player,78.7,20.99,tracking
1604,37,-1,ball,74.879997253418,1.96000003814697,tracking
1604,38,41290,player,78.51,20.16,tracking
1604,38,-1,ball,74.879997253418,1.96000003814697,tracking
1604,39,41290,player,78.33,19.34,tracking
1604,39,-1,ball,74.879997253418,1.96000003814697,tracking
1604,40,41290,player,78.17,18.53,tracking
1604,40,-1,ball,74.879997253418,1.96000003814697,tracking
1604,41,41290,player,78.02,17.72,tracking
1604,41,-1,ball,74.879997253418,1.96000003814697,tracking
1604,42,41290,player,77.9,16.92,tracking
1604,42,-1,ball,74.879997253418,1.96000003814697,tracking
1604,43,41290,player,77.78,16.14,tracking
1604,43,-1,ball,74.879997253418,1.96000003814697,tracking
1604,33,54517,player,72.46,9.55,tracking
1604,33,-1,ball,74.879997253418,1.96000003814697,tracking
1604,34,54517,player,72.1,9.28,tracking
1604,34,-1,ball,74.879997253418,1.96000003814697,tracking
1604,35,54517,player,71.83,8.98,tracking
1604,35,-1,ball,74.879997253418,1.96000003814697,tracking
1604,36,54517,player,71.62,8.65,tracking
1604,36,-1,ball,74.879997253418,1.96000003814697,tracking
1604,37,54517,player,71.47,8.31,tracking
1604,37,-1,ball,74.879997253418,1.96000003814697,tracking
1604,38,54517,player,71.39,7.94,tracking
1604,38,-1,ball,74.879997253418,1.96000003814697,tracking
1604,39,54517,player,71.38,7.53,tracking
1604,39,-1,ball,74.879997253418,1.96000003814697,tracking
1604,40,54517,player,71.42,7.12,tracking
1604,40,-1,ball,74.879997253418,1.96000003814697,tracking
1604,41,54517,player,71.5,6.66,tracking
1604,41,-1,ball,74.879997253418,1.96000003814697,tracking
1604,42,54517,player,71.63,6.22,tracking
1604,42,-1,ball,74.879997253418,1.96000003814697,tracking
1604,43,54517,player,71.8,5.76,tracking
1604,43,-1,ball,74.879997253418,1.96000003814697,tracking
2346,19,55969,player,38.15,36.02,tracking
2346,19,-1,ball,36.3800010681152,21.2099990844727,tracking
2346,20,55969,player,38.21,35.48,tracking
2346,20,-1,ball,36.3800010681152,21.2099990844727,tracking
2346,21,55969,player,38.24,34.89,tracking
2346,21,-1,ball,36.3800010681152,21.2099990844727,tracking
2346,22,55969,player,38.25,34.27,tracking
2346,22,-1,ball,36.3800010681152,21.2099990844727,tracking
2346,23,55969,player,38.22,33.61,tracking
2346,23,-1,ball,36.3800010681152,21.2099990844727,tracking
2346,24,55969,player,38.16,32.92,tracking
2346,24,-1,ball,36.3800010681152,21.2099990844727,tracking
2346,25,55969,player,38.07,32.21,tracking
2346,25,-1,ball,36.3800010681152,21.2099990844727,tracking
2346,26,55969,player,37.96,31.48,tracking
2346,26,-1,ball,36.3800010681152,21.2099990844727,tracking
2346,27,55969,player,37.84,30.72,tracking
2346,27,-1,ball,36.3800010681152,21.2099990844727,tracking
2346,28,55969,player,37.72,29.94,tracking
2346,28,-1,ball,36.3800010681152,21.2099990844727,tracking
2346,29,55969,player,37.59,29.15,tracking
2346,29,-1,ball,36.3800010681152,21.2099990844727,tracking
2346,19,42361,player,46.69,12.81,tracking
2346,19,-1,ball,36.3800010681152,21.2099990844727,tracking
2346,20,42361,player,47.15,12.69,tracking
2346,20,-1,ball,36.3800010681152,21.2099990844727,tracking
2346,21,42361,player,47.63,12.57,tracking
2346,21,-1,ball,36.3800010681152,21.2099990844727,tracking
2346,22,42361,player,48.14,12.44,tracking
2346,22,-1,ball,36.3800010681152,21.2099990844727,tracking
2346,23,42361,player,48.67,12.28,tracking
2346,23,-1,ball,36.3800010681152,21.2099990844727,tracking
2346,24,42361,player,49.19,12.11,tracking
2346,24,-1,ball,36.3800010681152,21.2099990844727,tracking
2346,25,42361,player,49.73,11.91,tracking
2346,25,-1,ball,36.3800010681152,21.2099990844727,tracking
2346,26,42361,player,50.28,11.7,tracking
2346,26,-1,ball,36.3800010681152,21.2099990844727,tracking
2346,27,42361,player,50.84,11.47,tracking
2346,27,-1,ball,36.3800010681152,21.2099990844727,tracking
2346,28,42361,player,51.4,11.21,tracking
2346,28,-1,ball,36.3800010681152,21.2099990844727,tracking
2346,29,42361,player,51.96,10.93,tracking
2346,29,-1,ball,36.3800010681152,21.2099990844727,tracking
2346,19,53596,player,38.53,22.8,tracking
2346,19,-1,ball,36.3800010681152,21.2099990844727,tracking
2346,20,53596,player,38.61,23.3,tracking
2346,20,-1,ball,36.3800010681152,21.2099990844727,tracking
2346,21,53596,player,38.69,23.84,tracking
2346,21,-1,ball,36.3800010681152,21.2099990844727,tracking
2346,22,53596,player,38.77,24.43,tracking
2346,22,-1,ball,36.3800010681152,21.2099990844727,tracking
2346,23,53596,player,38.85,25.05,tracking
2346,23,-1,ball,36.3800010681152,21.2099990844727,tracking
2346,24,53596,player,38.94,25.7,tracking
2346,24,-1,ball,36.3800010681152,21.2099990844727,tracking
2346,25,53596,player,39.03,26.37,tracking
2346,25,-1,ball,36.3800010681152,21.2099990844727,tracking
2346,26,53596,player,39.11,27.05,tracking
2346,26,-1,ball,36.3800010681152,21.2099990844727,tracking
2346,27,53596,player,39.18,27.74,tracking
2346,27,-1,ball,36.3800010681152,21.2099990844727,tracking
2346,28,53596,player,39.25,28.43,tracking
2346,28,-1,ball,36.3800010681152,21.2099990844727,tracking
2346,29,53596,player,39.3,29.12,tracking
2346,29,-1,ball,36.3800010681152,21.2099990844727,tracking
2346,19,41290,player,37.13,23.8,tracking
2346,19,-1,ball,36.3800010681152,21.2099990844727,tracking
2346,20,41290,player,37.32,24.32,tracking
2346,20,-1,ball,36.3800010681152,21.2099990844727,tracking
2346,21,41290,player,37.49,24.85,tracking
2346,21,-1,ball,36.3800010681152,21.2099990844727,tracking
2346,22,41290,player,37.65,25.4,tracking
2346,22,-1,ball,36.3800010681152,21.2099990844727,tracking
2346,23,41290,player,37.78,25.97,tracking
2346,23,-1,ball,36.3800010681152,21.2099990844727,tracking
2346,24,41290,player,37.87,26.55,tracking
2346,24,-1,ball,36.3800010681152,21.2099990844727,tracking
2346,25,41290,player,37.96,27.13,tracking
2346,25,-1,ball,36.3800010681152,21.2099990844727,tracking
2346,26,41290,player,38.02,27.7,tracking
2346,26,-1,ball,36.3800010681152,21.2099990844727,tracking
2346,27,41290,player,38.05,28.27,tracking
2346,27,-1,ball,36.3800010681152,21.2099990844727,tracking
2346,28,41290,player,38.06,28.85,tracking
2346,28,-1,ball,36.3800010681152,21.2099990844727,tracking
2346,29,41290,player,38.05,29.41,tracking
2346,29,-1,ball,36.3800010681152,21.2099990844727,tracking
2346,19,54603,player,42.62,11.6,tracking
2346,19,-1,ball,36.3800010681152,21.2099990844727,tracking
2346,20,54603,player,43.34,11.53,tracking
2346,20,-1,ball,36.3800010681152,21.2099990844727,tracking
2346,21,54603,player,44.05,11.44,tracking
2346,21,-1,ball,36.3800010681152,21.2099990844727,tracking
2346,22,54603,player,44.78,11.31,tracking
2346,22,-1,ball,36.3800010681152,21.2099990844727,tracking
2346,23,54603,player,45.51,11.17,tracking
2346,23,-1,ball,36.3800010681152,21.2099990844727,tracking
2346,24,54603,player,46.25,11.02,tracking
2346,24,-1,ball,36.3800010681152,21.2099990844727,tracking
2346,25,54603,player,47.0,10.83,tracking
2346,25,-1,ball,36.3800010681152,21.2099990844727,tracking
2346,26,54603,player,47.75,10.62,tracking
2346,26,-1,ball,36.3800010681152,21.2099990844727,tracking
2346,27,54603,player,48.51,10.39,tracking
2346,27,-1,ball,36.3800010681152,21.2099990844727,tracking
2346,28,54603,player,49.29,10.15,tracking
2346,28,-1,ball,36.3800010681152,21.2099990844727,tracking
2346,29,54603,player,50.07,9.9,tracking
2346,29,-1,ball,36.3800010681152,21.2099990844727,tracking
2346,19,54517,player,37.54,34.68,tracking
2346,19,-1,ball,36.3800010681152,21.2099990844727,tracking
2346,20,54517,player,37.59,34.07,tracking
2346,20,-1,ball,36.3800010681152,21.2099990844727,tracking
2346,21,54517,player,37.64,33.41,tracking
2346,21,-1,ball,36.3800010681152,21.2099990844727,tracking
2346,22,54517,player,37.67,32.73,tracking
2346,22,-1,ball,36.3800010681152,21.2099990844727,tracking
2346,23,54517,player,37.68,32.02,tracking
2346,23,-1,ball,36.3800010681152,21.2099990844727,tracking
2346,24,54517,player,37.68,31.28,tracking
2346,24,-1,ball,36.3800010681152,21.2099990844727,tracking
2346,25,54517,player,37.68,30.53,tracking
2346,25,-1,ball,36.3800010681152,21.2099990844727,tracking
2346,26,54517,player,37.69,29.75,tracking
2346,26,-1,ball,36.3800010681152,21.2099990844727,tracking
2346,27,54517,player,37.69,28.96,tracking
2346,27,-1,ball,36.3800010681152,21.2099990844727,tracking
2346,28,54517,player,37.71,28.16,tracking
2346,28,-1,ball,36.3800010681152,21.2099990844727,tracking
2346,29,54517,player,37.75,27.35,tracking
2346,29,-1,ball,36.3800010681152,21.2099990844727,tracking
3653,19,55969,player,76.19,18.96,tracking
3653,19,-1,ball,81.629997253418,9.80000019073486,tracking
3653,20,55969,player,75.9,18.81,tracking
3653,20,-1,ball,81.629997253418,9.80000019073486,tracking
3653,21,55969,player,75.59,18.65,tracking
3653,21,-1,ball,81.629997253418,9.80000019073486,tracking
3653,22,55969,player,75.28,18.48,tracking
3653,22,-1,ball,81.629997253418,9.80000019073486,tracking
3653,23,55969,player,74.94,18.3,tracking
3653,23,-1,ball,81.629997253418,9.80000019073486,tracking
3653,24,55969,player,74.59,18.1,tracking
3653,24,-1,ball,81.629997253418,9.80000019073486,tracking
3653,25,55969,player,74.23,17.89,tracking
3653,25,-1,ball,81.629997253418,9.80000019073486,tracking
3653,26,55969,player,73.86,17.67,tracking
3653,26,-1,ball,81.629997253418,9.80000019073486,tracking
3653,27,55969,player,73.48,17.44,tracking
3653,27,-1,ball,81.629997253418,9.80000019073486,tracking
3653,28,55969,player,73.09,17.19,tracking
3653,28,-1,ball,81.629997253418,9.80000019073486,tracking
3653,29,55969,player,72.68,16.93,tracking
3653,29,-1,ball,81.629997253418,9.80000019073486,tracking
3653,19,42361,player,84.29,37.94,tracking
3653,19,-1,ball,81.629997253418,9.80000019073486,tracking
3653,20,42361,player,84.28,38.26,tracking
3653,20,-1,ball,81.629997253418,9.80000019073486,tracking
3653,21,42361,player,84.23,38.58,tracking
3653,21,-1,ball,81.629997253418,9.80000019073486,tracking
3653,22,42361,player,84.16,38.9,tracking
3653,22,-1,ball,81.629997253418,9.80000019073486,tracking
3653,23,42361,player,84.05,39.2,tracking
3653,23,-1,ball,81.629997253418,9.80000019073486,tracking
3653,24,42361,player,83.92,39.5,tracking
3653,24,-1,ball,81.629997253418,9.80000019073486,tracking
3653,25,42361,player,83.76,39.77,tracking
3653,25,-1,ball,81.629997253418,9.80000019073486,tracking
3653,26,42361,player,83.59,40.03,tracking
3653,26,-1,ball,81.629997253418,9.80000019073486,tracking
3653,27,42361,player,83.39,40.27,tracking
3653,27,-1,ball,81.629997253418,9.80000019073486,tracking
3653,28,42361,player,83.18,40.49,tracking
3653,28,-1,ball,81.629997253418,9.80000019073486,tracking
3653,29,42361,player,82.97,40.69,tracking
3653,29,-1,ball,81.629997253418,9.80000019073486,tracking
3653,19,53596,player,82.39,21.53,tracking
3653,19,-1,ball,81.629997253418,9.80000019073486,tracking
3653,20,53596,player,82.31,21.24,tracking
3653,20,-1,ball,81.629997253418,9.80000019073486,tracking
3653,21,53596,player,82.23,20.9,tracking
3653,21,-1,ball,81.629997253418,9.80000019073486,tracking
3653,22,53596,player,82.14,20.52,tracking
3653,22,-1,ball,81.629997253418,9.80000019073486,tracking
3653,23,53596,player,82.03,20.11,tracking
3653,23,-1,ball,81.629997253418,9.80000019073486,tracking
3653,24,53596,player,81.92,19.65,tracking
3653,24,-1,ball,81.629997253418,9.80000019073486,tracking
3653,25,53596,player,81.81,19.15,tracking
3653,25,-1,ball,81.629997253418,9.80000019073486,tracking
3653,26,53596,player,81.7,18.61,tracking
3653,26,-1,ball,81.629997253418,9.80000019073486,tracking
3653,27,53596,player,81.59,18.03,tracking
3653,27,-1,ball,81.629997253418,9.80000019073486,tracking
3653,28,53596,player,81.47,17.42,tracking
3653,28,-1,ball,81.629997253418,9.80000019073486,tracking
3653,29,53596,player,81.36,16.78,tracking
3653,29,-1,ball,81.629997253418,9.80000019073486,tracking
3653,19,54517,player,79.62,24.28,tracking
3653,19,-1,ball,81.629997253418,9.80000019073486,tracking
3653,20,54517,player,78.96,24.25,tracking
3653,20,-1,ball,81.629997253418,9.80000019073486,tracking
3653,21,54517,player,78.29,24.18,tracking
3653,21,-1,ball,81.629997253418,9.80000019073486,tracking
3653,22,54517,player,77.61,24.08,tracking
3653,22,-1,ball,81.629997253418,9.80000019073486,tracking
3653,23,54517,player,76.92,23.93,tracking
3653,23,-1,ball,81.629997253418,9.80000019073486,tracking
3653,24,54517,player,76.24,23.75,tracking
3653,24,-1,ball,81.629997253418,9.80000019073486,tracking
3653,25,54517,player,75.57,23.53,tracking
3653,25,-1,ball,81.629997253418,9.80000019073486,tracking
3653,26,54517,player,74.9,23.26,tracking
3653,26,-1,ball,81.629997253418,9.80000019073486,tracking
3653,27,54517,player,74.24,22.94,tracking
3653,27,-1,ball,81.629997253418,9.80000019073486,tracking
3653,28,54517,player,73.59,22.6,tracking
3653,28,-1,ball,81.629997253418,9.80000019073486,tracking
3653,29,54517,player,72.96,22.22,tracking
3653,29,-1,ball,81.629997253418,9.80000019073486,tracking
3653,19,54603,player,83.08,19.74,tracking
3653,19,-1,ball,81.629997253418,9.80000019073486,tracking
3653,20,54603,player,82.77,19.5,tracking
3653,20,-1,ball,81.629997253418,9.80000019073486,tracking
3653,21,54603,player,82.49,19.22,tracking
3653,21,-1,ball,81.629997253418,9.80000019073486,tracking
3653,22,54603,player,82.22,18.88,tracking
3653,22,-1,ball,81.629997253418,9.80000019073486,tracking
3653,23,54603,player,81.98,18.5,tracking
3653,23,-1,ball,81.629997253418,9.80000019073486,tracking
3653,24,54603,player,81.75,18.07,tracking
3653,24,-1,ball,81.629997253418,9.80000019073486,tracking
3653,25,54603,player,81.55,17.59,tracking
3653,25,-1,ball,81.629997253418,9.80000019073486,tracking
3653,26,54603,player,81.36,17.08,tracking
3653,26,-1,ball,81.629997253418,9.80000019073486,tracking
3653,27,54603,player,81.19,16.53,tracking
3653,27,-1,ball,81.629997253418,9.80000019073486,tracking
3653,28,54603,player,81.04,15.94,tracking
3653,28,-1,ball,81.629997253418,9.80000019073486,tracking
3653,29,54603,player,80.91,15.32,tracking
3653,29,-1,ball,81.629997253418,9.80000019073486,tracking
3696,16,56547,player,56.37,45.67,tracking
3696,16,-1,ball,84.2200012207031,6.53999996185303,tracking
3696,17,56547,player,56.64,45.84,tracking
3696,17,-1,ball,84.2200012207031,6.53999996185303,tracking
3696,18,56547,player,56.96,45.99,tracking
3696,18,-1,ball,84.2200012207031,6.53999996185303,tracking
3696,19,56547,player,57.33,46.14,tracking
3696,19,-1,ball,84.2200012207031,6.53999996185303,tracking
3696,20,56547,player,57.75,46.28,tracking
3696,20,-1,ball,84.2200012207031,6.53999996185303,tracking
3696,21,56547,player,58.22,46.41,tracking
3696,21,-1,ball,84.2200012207031,6.53999996185303,tracking
3696,22,56547,player,58.73,46.54,tracking
3696,22,-1,ball,84.2200012207031,6.53999996185303,tracking
3696,23,56547,player,59.28,46.67,tracking
3696,23,-1,ball,84.2200012207031,6.53999996185303,tracking
3696,24,56547,player,59.87,46.8,tracking
3696,24,-1,ball,84.2200012207031,6.53999996185303,tracking
3696,25,56547,player,60.5,46.93,tracking
3696,25,-1,ball,84.2200012207031,6.53999996185303,tracking
3696,26,56547,player,61.15,47.05,tracking
3696,26,-1,ball,84.2200012207031,6.53999996185303,tracking
3696,16,54622,player,57.26,17.43,tracking
3696,16,-1,ball,84.2200012207031,6.53999996185303,tracking
3696,17,54622,player,57.54,17.18,tracking
3696,17,-1,ball,84.2200012207031,6.53999996185303,tracking
3696,18,54622,player,57.84,16.9,tracking
3696,18,-1,ball,84.2200012207031,6.53999996185303,tracking
3696,19,54622,player,58.18,16.6,tracking
3696,19,-1,ball,84.2200012207031,6.53999996185303,tracking
3696,20,54622,player,58.54,16.27,tracking
3696,20,-1,ball,84.2200012207031,6.53999996185303,tracking
3696,21,54622,player,58.93,15.93,tracking
3696,21,-1,ball,84.2200012207031,6.53999996185303,tracking
3696,22,54622,player,59.35,15.58,tracking
3696,22,-1,ball,84.2200012207031,6.53999996185303,tracking
3696,23,54622,player,59.81,15.22,tracking
3696,23,-1,ball,84.2200012207031,6.53999996185303,tracking
3696,24,54622,player,60.29,14.85,tracking
3696,24,-1,ball,84.2200012207031,6.53999996185303,tracking
3696,25,54622,player,60.8,14.48,tracking
3696,25,-1,ball,84.2200012207031,6.53999996185303,tracking
3696,26,54622,player,61.35,14.12,tracking
3696,26,-1,ball,84.2200012207031,6.53999996185303,tracking
3696,16,53439,player,56.11,17.27,tracking
3696,16,-1,ball,84.2200012207031,6.53999996185303,tracking
3696,17,53439,player,56.49,16.97,tracking
3696,17,-1,ball,84.2200012207031,6.53999996185303,tracking
3696,18,53439,player,56.92,16.62,tracking
3696,18,-1,ball,84.2200012207031,6.53999996185303,tracking
3696,19,53439,player,57.37,16.25,tracking
3696,19,-1,ball,84.2200012207031,6.53999996185303,tracking
3696,20,53439,player,57.83,15.85,tracking
3696,20,-1,ball,84.2200012207031,6.53999996185303,tracking
3696,21,53439,player,58.33,15.43,tracking
3696,21,-1,ball,84.2200012207031,6.53999996185303,tracking
3696,22,53439,player,58.84,14.99,tracking
3696,22,-1,ball,84.2200012207031,6.53999996185303,tracking
3696,23,53439,player,59.38,14.53,tracking
3696,23,-1,ball,84.2200012207031,6.53999996185303,tracking
3696,24,53439,player,59.95,14.06,tracking
3696,24,-1,ball,84.2200012207031,6.53999996185303,tracking
3696,25,53439,player,60.55,13.61,tracking
3696,25,-1,ball,84.2200012207031,6.53999996185303,tracking
3696,26,53439,player,61.17,13.16,tracking
3696,26,-1,ball,84.2200012207031,6.53999996185303,tracking
3891,7,56547,player,100.81,35.74,tracking
3891,7,-1,ball,101.190002441406,18.0100002288818,tracking
3891,8,56547,player,100.77,35.85,tracking
3891,8,-1,ball,101.190002441406,18.0100002288818,tracking
3891,9,56547,player,100.73,35.99,tracking
3891,9,-1,ball,101.190002441406,18.0100002288818,tracking
3891,10,56547,player,100.69,36.16,tracking
3891,10,-1,ball,101.190002441406,18.0100002288818,tracking
3891,11,56547,player,100.67,36.39,tracking
3891,11,-1,ball,101.190002441406,18.0100002288818,tracking
3891,12,56547,player,100.65,36.65,tracking
3891,12,-1,ball,101.190002441406,18.0100002288818,tracking
3891,13,56547,player,100.66,36.95,tracking
3891,13,-1,ball,101.190002441406,18.0100002288818,tracking
3891,14,56547,player,100.68,37.3,tracking
3891,14,-1,ball,101.190002441406,18.0100002288818,tracking
3891,15,56547,player,100.74,37.68,tracking
3891,15,-1,ball,101.190002441406,18.0100002288818,tracking
3891,16,56547,player,100.8,38.09,tracking
3891,16,-1,ball,101.190002441406,18.0100002288818,tracking
3891,17,56547,player,100.88,38.53,tracking
3891,17,-1,ball,101.190002441406,18.0100002288818,tracking
3891,7,54622,player,103.53,10.67,tracking
3891,7,-1,ball,101.190002441406,18.0100002288818,tracking
3891,8,54622,player,103.57,10.67,tracking
3891,8,-1,ball,101.190002441406,18.0100002288818,tracking
3891,9,54622,player,103.64,10.7,tracking
3891,9,-1,ball,101.190002441406,18.0100002288818,tracking
3891,10,54622,player,103.74,10.74,tracking
3891,10,-1,ball,101.190002441406,18.0100002288818,tracking
3891,11,54622,player,103.85,10.81,tracking
3891,11,-1,ball,101.190002441406,18.0100002288818,tracking
3891,12,54622,player,103.96,10.93,tracking
3891,12,-1,ball,101.190002441406,18.0100002288818,tracking
3891,13,54622,player,104.07,11.07,tracking
3891,13,-1,ball,101.190002441406,18.0100002288818,tracking
3891,14,54622,player,104.17,11.26,tracking
3891,14,-1,ball,101.190002441406,18.0100002288818,tracking
3891,15,54622,player,104.24,11.52,tracking
3891,15,-1,ball,101.190002441406,18.0100002288818,tracking
3891,16,54622,player,104.29,11.81,tracking
3891,16,-1,ball,101.190002441406,18.0100002288818,tracking
3891,17,54622,player,104.27,12.15,tracking
3891,17,-1,ball,101.190002441406,18.0100002288818,tracking
3891,7,53439,player,98.09,34.96,tracking
3891,7,-1,ball,101.190002441406,18.0100002288818,tracking
3891,8,53439,player,98.2,35.17,tracking
3891,8,-1,ball,101.190002441406,18.0100002288818,tracking
3891,9,53439,player,98.33,35.42,tracking
3891,9,-1,ball,101.190002441406,18.0100002288818,tracking
3891,10,53439,player,98.47,35.72,tracking
3891,10,-1,ball,101.190002441406,18.0100002288818,tracking
3891,11,53439,player,98.63,36.08,tracking
3891,11,-1,ball,101.190002441406,18.0100002288818,tracking
3891,12,53439,player,98.78,36.48,tracking
3891,12,-1,ball,101.190002441406,18.0100002288818,tracking
3891,13,53439,player,98.93,36.91,tracking
3891,13,-1,ball,101.190002441406,18.0100002288818,tracking
3891,14,53439,player,99.08,37.38,tracking
3891,14,-1,ball,101.190002441406,18.0100002288818,tracking
3891,15,53439,player,99.22,37.88,tracking
3891,15,-1,ball,101.190002441406,18.0100002288818,tracking
3891,16,53439,player,99.35,38.4,tracking
3891,16,-1,ball,101.190002441406,18.0100002288818,tracking
3891,17,53439,player,99.48,38.93,tracking
3891,17,-1,ball,101.190002441406,18.0100002288818,tracking
3891,7,47834,player,97.08,10.47,tracking
3891,7,-1,ball,101.190002441406,18.0100002288818,tracking
3891,8,47834,player,97.28,10.54,tracking
3891,8,-1,ball,101.190002441406,18.0100002288818,tracking
3891,9,47834,player,97.51,10.66,tracking
3891,9,-1,ball,101.190002441406,18.0100002288818,tracking
3891,10,47834,player,97.78,10.79,tracking
3891,10,-1,ball,101.190002441406,18.0100002288818,tracking
3891,11,47834,player,98.08,10.96,tracking
3891,11,-1,ball,101.190002441406,18.0100002288818,tracking
3891,12,47834,player,98.4,11.17,tracking
3891,12,-1,ball,101.190002441406,18.0100002288818,tracking
3891,13,47834,player,98.72,11.42,tracking
3891,13,-1,ball,101.190002441406,18.0100002288818,tracking
3891,14,47834,player,99.04,11.72,tracking
3891,14,-1,ball,101.190002441406,18.0100002288818,tracking
3891,15,47834,player,99.37,12.08,tracking
3891,15,-1,ball,101.190002441406,18.0100002288818,tracking
3891,16,47834,player,99.71,12.48,tracking
3891,16,-1,ball,101.190002441406,18.0100002288818,tracking
3891,17,47834,player,100.04,12.93,tracking
3891,17,-1,ball,101.190002441406,18.0100002288818,tracking
1398,21,44878,player,80.4,42.49,tracking
1398,21,-1,ball,77.1100006103516,23.1499996185303,tracking
1398,22,44878,player,80.11,42.07,tracking
1398,22,-1,ball,77.1100006103516,23.1499996185303,tracking
1398,23,44878,player,79.84,41.59,tracking
1398,23,-1,ball,77.1100006103516,23.1499996185303,tracking
1398,24,44878,player,79.57,41.06,tracking
1398,24,-1,ball,77.1100006103516,23.1499996185303,tracking
1398,25,44878,player,79.3,40.49,tracking
1398,25,-1,ball,77.1100006103516,23.1499996185303,tracking
1398,26,44878,player,79.03,39.89,tracking
1398,26,-1,ball,77.1100006103516,23.1499996185303,tracking
1398,27,44878,player,78.74,39.28,tracking
1398,27,-1,ball,77.1100006103516,23.1499996185303,tracking
1398,28,44878,player,78.43,38.65,tracking
1398,28,-1,ball,77.1100006103516,23.1499996185303,tracking
1398,29,44878,player,78.11,38.02,tracking
1398,29,-1,ball,77.1100006103516,23.1499996185303,tracking
1398,30,44878,player,77.76,37.37,tracking
1398,30,-1,ball,77.1100006103516,23.1499996185303,tracking
1398,31,44878,player,77.41,36.72,tracking
1398,31,-1,ball,77.1100006103516,23.1499996185303,tracking
1398,21,54607,player,78.28,40.46,tracking
1398,21,-1,ball,77.1100006103516,23.1499996185303,tracking
1398,22,54607,player,78.18,40.99,tracking
1398,22,-1,ball,77.1100006103516,23.1499996185303,tracking
1398,23,54607,player,78.09,41.53,tracking
1398,23,-1,ball,77.1100006103516,23.1499996185303,tracking
1398,24,54607,player,78.02,42.08,tracking
1398,24,-1,ball,77.1100006103516,23.1499996185303,tracking
1398,25,54607,player,77.95,42.64,tracking
1398,25,-1,ball,77.1100006103516,23.1499996185303,tracking
1398,26,54607,player,77.92,43.2,tracking
1398,26,-1,ball,77.1100006103516,23.1499996185303,tracking
1398,27,54607,player,77.94,43.75,tracking
1398,27,-1,ball,77.1100006103516,23.1499996185303,tracking
1398,28,54607,player,77.99,44.3,tracking
1398,28,-1,ball,77.1100006103516,23.1499996185303,tracking
1398,29,54607,player,78.09,44.84,tracking
1398,29,-1,ball,77.1100006103516,23.1499996185303,tracking
1398,30,54607,player,78.22,45.36,tracking
1398,30,-1,ball,77.1100006103516,23.1499996185303,tracking
1398,31,54607,player,78.38,45.86,tracking
1398,31,-1,ball,77.1100006103516,23.1499996185303,tracking
1398,21,54677,player,77.48,11.84,tracking
1398,21,-1,ball,77.1100006103516,23.1499996185303,tracking
1398,22,54677,player,77.61,12.25,tracking
1398,22,-1,ball,77.1100006103516,23.1499996185303,tracking
1398,23,54677,player,77.78,12.69,tracking
1398,23,-1,ball,77.1100006103516,23.1499996185303,tracking
1398,24,54677,player,77.98,13.16,tracking
1398,24,-1,ball,77.1100006103516,23.1499996185303,tracking
1398,25,54677,player,78.2,13.68,tracking
1398,25,-1,ball,77.1100006103516,23.1499996185303,tracking
1398,26,54677,player,78.42,14.21,tracking
1398,26,-1,ball,77.1100006103516,23.1499996185303,tracking
1398,27,54677,player,78.64,14.78,tracking
1398,27,-1,ball,77.1100006103516,23.1499996185303,tracking
1398,28,54677,player,78.84,15.35,tracking
1398,28,-1,ball,77.1100006103516,23.1499996185303,tracking
1398,29,54677,player,79.01,15.94,tracking
1398,29,-1,ball,77.1100006103516,23.1499996185303,tracking
1398,30,54677,player,79.16,16.53,tracking
1398,30,-1,ball,77.1100006103516,23.1499996185303,tracking
1398,31,54677,player,79.27,17.13,tracking
1398,31,-1,ball,77.1100006103516,23.1499996185303,tracking
1398,21,53434,player,81.52,40.86,tracking
1398,21,-1,ball,77.1100006103516,23.1499996185303,tracking
1398,22,53434,player,81.22,40.32,tracking
1398,22,-1,ball,77.1100006103516,23.1499996185303,tracking
1398,23,53434,player,80.9,39.75,tracking
1398,23,-1,ball,77.1100006103516,23.1499996185303,tracking
1398,24,53434,player,80.58,39.17,tracking
1398,24,-1,ball,77.1100006103516,23.1499996185303,tracking
1398,25,53434,player,80.25,38.59,tracking
1398,25,-1,ball,77.1100006103516,23.1499996185303,tracking
1398,26,53434,player,79.89,37.99,tracking
1398,26,-1,ball,77.1100006103516,23.1499996185303,tracking
1398,27,53434,player,79.53,37.4,tracking
1398,27,-1,ball,77.1100006103516,23.1499996185303,tracking
1398,28,53434,player,79.15,36.8,tracking
1398,28,-1,ball,77.1100006103516,23.1499996185303,tracking
1398,29,53434,player,78.77,36.2,tracking
1398,29,-1,ball,77.1100006103516,23.1499996185303,tracking
1398,30,53434,player,78.39,35.6,tracking
1398,30,-1,ball,77.1100006103516,23.1499996185303,tracking
1398,31,53434,player,78.01,34.99,tracking
1398,31,-1,ball,77.1100006103516,23.1499996185303,tracking
1398,21,43344,player,84.13,41.19,tracking
1398,21,-1,ball,77.1100006103516,23.1499996185303,tracking
1398,22,43344,player,84.04,41.82,tracking
1398,22,-1,ball,77.1100006103516,23.1499996185303,tracking
1398,23,43344,player,83.95,42.45,tracking
1398,23,-1,ball,77.1100006103516,23.1499996185303,tracking
1398,24,43344,player,83.86,43.07,tracking
1398,24,-1,ball,77.1100006103516,23.1499996185303,tracking
1398,25,43344,player,83.77,43.68,tracking
1398,25,-1,ball,77.1100006103516,23.1499996185303,tracking
1398,26,43344,player,83.67,44.27,tracking
1398,26,-1,ball,77.1100006103516,23.1499996185303,tracking
1398,27,43344,player,83.57,44.85,tracking
1398,27,-1,ball,77.1100006103516,23.1499996185303,tracking
1398,28,43344,player,83.48,45.4,tracking
1398,28,-1,ball,77.1100006103516,23.1499996185303,tracking
1398,29,43344,player,83.37,45.92,tracking
1398,29,-1,ball,77.1100006103516,23.1499996185303,tracking
1398,30,43344,player,83.26,46.42,tracking
1398,30,-1,ball,77.1100006103516,23.1499996185303,tracking
1398,31,43344,player,83.14,46.88,tracking
1398,31,-1,ball,77.1100006103516,23.1499996185303,tracking
1398,21,52441,player,81.2,12.18,tracking
1398,21,-1,ball,77.1100006103516,23.1499996185303,tracking
1398,22,52441,player,80.99,12.68,tracking
1398,22,-1,ball,77.1100006103516,23.1499996185303,tracking
1398,23,52441,player,80.8,13.21,tracking
1398,23,-1,ball,77.1100006103516,23.1499996185303,tracking
1398,24,52441,player,80.65,13.76,tracking
1398,24,-1,ball,77.1100006103516,23.1499996185303,tracking
1398,25,52441,player,80.53,14.32,tracking
1398,25,-1,ball,77.1100006103516,23.1499996185303,tracking
1398,26,52441,player,80.43,14.88,tracking
1398,26,-1,ball,77.1100006103516,23.1499996185303,tracking
1398,27,52441,player,80.34,15.44,tracking
1398,27,-1,ball,77.1100006103516,23.1499996185303,tracking
1398,28,52441,player,80.26,15.99,tracking
1398,28,-1,ball,77.1100006103516,23.1499996185303,tracking
1398,29,52441,player,80.19,16.55,tracking
1398,29,-1,ball,77.1100006103516,23.1499996185303,tracking
1398,30,52441,player,80.12,17.1,tracking
1398,30,-1,ball,77.1100006103516,23.1499996185303,tracking
1398,31,52441,player,80.05,17.65,tracking
1398,31,-1,ball,77.1100006103516,23.1499996185303,tracking
