game_id,play_id,wr_id,db_id,wr_anticipation_ms,wr_execution_jitter,wr_separation_yds,wr_innovation_deg,wr_eyes_score,db_reaction_ms,db_coverage_yds,wr_R,wr_E,wr_S,wr_I,wr_A_eyes,db_R,db_C,winner_R,winner_S,winner_E,winner_I,wr_total,db_total,rep_winner
2023090700.0,101.0,44930.0,46137.0,400.0,0.087907147983919,4.4732985592289705,8.186713532541615,10.0,400.0,4.4732985592289705,0.0,0.824185704032162,1.0,0.8186713532541615,1.0,0.0,0.0,DB,WR,WR,WR,0.9051295053282196,0.0,WR
2023090700.0,194.0,41325.0,54653.0,800.0,0.1584874744889717,1.935458601985582,10.367074079735048,10.0,200.0,1.935458601985582,0.0,0.6830250510220566,1.0,1.0,1.0,0.0,0.0,DB,WR,WR,WR,0.8943416836740188,0.0,WR
2023090700.0,219.0,53591.0,53953.0,300.0,0.0157982066492793,4.819180428247104,3.7946589740560928,10.0,400.0,4.819180428247104,0.0,0.9684035867014414,1.0,0.37946589740560926,1.0,0.0,0.0,DB,WR,WR,WR,0.8653610417149357,0.0,WR
2023090700.0,361.0,38696.0,46137.0,300.0,0.1860108620923157,2.210701246211254,42.49209234201429,10.0,0.0,2.210701246211254,0.0,0.6279782758153686,1.0,1.0,1.0,1.0,0.0,DB,WR,WR,WR,0.8759927586051228,0.6666666666666666,WR
2023090700.0,436.0,53541.0,46137.0,500.0,0.1099946835504192,2.7585684693333254,22.657326493501262,10.0,600.0,2.7585684693333254,0.0,0.7800106328991616,1.0,1.0,1.0,0.0,0.0,DB,WR,WR,WR,0.9266702109663871,0.0,WR
2023090700.0,461.0,44930.0,52546.0,400.0,0.0961014975715666,4.32134238402837,10.495164250425018,10.0,0.0,4.32134238402837,0.0,0.8077970048568668,1.0,1.0,1.0,1.0,0.0,DB,WR,WR,WR,0.9359323349522888,0.6666666666666666,WR
2023090700.0,530.0,53541.0,54568.0,500.0,0.1071807785857409,3.341766000186132,13.860954122094997,10.0,500.0,3.341766000186132,0.0,0.7856384428285181,1.0,1.0,1.0,0.0,0.0,DB,WR,WR,WR,0.9285461476095059,0.0,WR
2023090700.0,621.0,53541.0,54527.0,500.0,0.3108377483834705,1.4046351839534763,3.2862252905812963,10.0,200.0,1.4046351839534763,0.0,0.378324503233059,0.9364234559689842,0.3286225290581296,1.0,0.0,0.0,DB,WR,WR,WR,0.641545595147708,0.0,WR
2023090700.0,713.0,53591.0,44888.0,300.0,0.1160584560357034,1.195031380341111,15.024563276500198,10.0,700.0,1.195031380341111,0.0,0.7678830879285932,0.796687586894074,1.0,1.0,0.0,0.04397489572711122,DB,WR,WR,WR,0.868411052481284,0.014658298575703738,WR
2023090700.0,736.0,46213.0,55910.0,400.0,0.2601582188795403,2.064606500038205,14.525697927853155,10.0,500.0,2.064606500038205,0.0,0.47968356224091935,1.0,1.0,1.0,0.0,0.0,DB,WR,WR,WR,0.8265611874136397,0.0,WR
2023090700.0,877.0,46243.0,47888.0,400.0,0.0400213011464463,5.417933185265399,12.810685278616605,10.0,0.0,5.417933185265399,0.0,0.9199573977071074,1.0,1.0,1.0,1.0,0.0,DB,WR,WR,WR,0.9733191325690357,0.6666666666666666,WR
2023090700.0,902.0,55920.0,55910.0,700.0,0.0966036131028032,3.446461953946398,5.674722646296149,10.0,600.0,3.446461953946398,0.0,0.8067927737943936,1.0,0.5674722646296149,1.0,0.0,0.0,DB,WR,WR,WR,0.8490920441907208,0.0,WR
2023090700.0,1001.0,55920.0,47888.0,400.0,0.0601449700092818,7.32461603089199,9.232955906295372,10.0,700.0,7.32461603089199,0.0,0.8797100599814364,1.0,0.9232955906295371,1.0,0.0,0.0,DB,WR,WR,WR,0.9445624714530527,0.0,WR
2023090700.0,1069.0,53959.0,53487.0,800.0,0.2201830481954586,6.439161436087773,18.008993304147946,10.0,1000.0,6.439161436087773,0.0,0.5596339036090827,1.0,1.0,1.0,0.0,0.0,DB,WR,WR,WR,0.8532113012030275,0.0,WR
2023090700.0,1154.0,53541.0,54486.0,300.0,0.2139782548493821,10.441934686637335,9.667962978288047,10.0,0.0,10.441934686637335,0.0,0.5720434903012358,1.0,0.9667962978288047,1.0,1.0,0.0,DB,WR,WR,WR,0.8507070896661728,0.6666666666666666,WR
2023090700.0,1201.0,55899.0,54486.0,500.0,0.0751577860933751,2.1856349191939652,25.960745401656336,10.0,600.0,2.1856349191939652,0.0,0.8496844278132498,1.0,1.0,1.0,0.0,0.0,DB,WR,WR,WR,0.9498948092710832,0.0,WR
2023090700.0,1422.0,53591.0,54562.0,300.0,0.0722602135447886,0.6768308503607086,7.7949002824061315,10.0,0.0,0.6768308503607086,0.0,0.8554795729104228,0.451220566907139,0.7794900282406132,1.0,1.0,0.45853531971143313,DB,WR,WR,WR,0.7613833477935006,0.8195117732371443,DB
2023090700.0,1494.0,38696.0,54486.0,200.0,0.1239348708667127,0.9160785992479026,7.0793889898945705,10.0,900.0,0.9160785992479026,0.0,0.7521302582665745,0.6107190661652684,0.707938898989457,1.0,0.0,0.26713712060167794,DB,WR,WR,WR,0.7551562835308211,0.08904570686722597,WR
2023090700.0,1563.0,55920.0,55882.0,400.0,0.2572026906964232,3.0633968074671616,4.590361127146742,10.0,700.0,3.0633968074671616,0.0,0.4855946186071536,1.0,0.45903611271467415,1.0,0.0,0.0,DB,WR,WR,WR,0.7203387620786527,0.0,WR
2023090700.0,1588.0,46309.0,53953.0,400.0,0.0605638530442585,0.947628619238568,5.616956621338431,10.0,600.0,0.947628619238568,0.0,0.878872293911483,0.631752412825712,0.5616956621338431,1.0,0.0,0.2418971046091456,DB,WR,WR,WR,0.7737638738174528,0.08063236820304853,WR
2023090700.0,1618.0,55920.0,55910.0,500.0,0.0787158845226972,4.936598018878994,28.515024221756303,10.0,0.0,4.936598018878994,0.0,0.8425682309546056,1.0,1.0,1.0,1.0,0.0,DB,WR,WR,WR,0.9475227436515351,0.6666666666666666,WR
2023090700.0,1679.0,46243.0,54653.0,400.0,0.0379367289351473,4.851360633884065,1.7397427606056546,10.0,300.0,4.851360633884065,0.0,0.9241265421297054,1.0,0.17397427606056545,1.0,0.0,0.0,DB,WR,WR,WR,0.8095037025886815,0.0,WR
2023090700.0,1711.0,46213.0,53953.0,200.0,0.1046024218967548,4.031786204649251,8.058781892284411,10.0,0.0,4.031786204649251,0.0,0.7907951562064904,1.0,0.8058781892284411,1.0,1.0,0.0,DB,WR,WR,WR,0.8914406899145183,0.6666666666666666,WR
2023090700.0,1741.0,42460.0,54562.0,200.0,0.1048592915029121,3.5234642044442617,7.226564896142265,10.0,0.0,3.5234642044442617,0.0,0.7902814169941759,1.0,0.7226564896142265,1.0,1.0,0.0,DB,WR,WR,WR,0.8746251035875705,0.6666666666666666,WR
2023090700.0,1812.0,55899.0,52546.0,400.0,0.0825775249026493,1.8721645226849015,19.953591909442,10.0,0.0,1.8721645226849015,0.0,0.8348449501947014,1.0,1.0,1.0,1.0,0.0,DB,WR,WR,WR,0.9449483167315671,0.6666666666666666,WR
2023090700.0,1869.0,44930.0,52546.0,400.0,0.0606752130732267,3.73915765915266,26.071293757378587,10.0,1000.0,3.73915765915266,0.0,0.8786495738535466,1.0,1.0,1.0,0.0,0.0,DB,WR,WR,WR,0.9595498579511821,0.0,WR
2023090700.0,1940.0,38696.0,54486.0,0.0,0.1849093430558872,4.544403151129969,14.004550929410067,10.0,0.0,4.544403151129969,1.0,0.6301813138882256,1.0,1.0,1.0,1.0,0.0,DB,WR,WR,WR,0.8767271046294085,0.6666666666666666,WR
2023090700.0,2118.0,42460.0,53953.0,400.0,0.1144654241827342,1.274754878398194,18.201270073090644,10.0,900.0,1.274754878398194,0.0,0.7710691516345316,0.8498365855987959,1.0,1.0,0.0,0.0,DB,WR,WR,WR,0.883646140037856,0.0,WR
2023090700.0,2141.0,53591.0,53953.0,400.0,0.2605544259285721,3.0180954259267554,1.5465434150250963,10.0,900.0,3.0180954259267554,0.0,0.4788911481428558,1.0,0.15465434150250962,1.0,0.0,0.0,DB,WR,WR,WR,0.6572279176814538,0.0,WR
2023090700.0,2186.0,38696.0,52471.0,400.0,0.060095162629188,3.654066228190173,15.944666690389854,10.0,600.0,3.654066228190173,0.0,0.879809674741624,1.0,1.0,1.0,0.0,0.0,DB,WR,WR,WR,0.9599365582472079,0.0,WR
2023090700.0,2261.0,55899.0,46137.0,500.0,0.2402562734312613,2.184879859397317,2.405473897596627,10.0,100.0,2.184879859397317,0.0,0.5194874531374774,1.0,0.2405473897596627,1.0,0.2857142857142857,0.0,DB,WR,WR,WR,0.6879386289977583,0.19047619047619047,WR
2023090700.0,2306.0,53449.0,55882.0,200.0,0.1620699437485762,5.617775360407356,8.33282043519087,10.0,0.0,5.617775360407356,0.0,0.6758601125028476,1.0,0.833282043519087,1.0,1.0,0.0,DB,WR,WR,WR,0.8586097795380998,0.6666666666666666,WR
2023090700.0,2364.0,53449.0,53953.0,500.0,0.2907960089832384,1.4140014144264508,2.785701355388402,10.0,100.0,1.4140014144264508,0.0,0.41840798203352325,0.9426676096176339,0.2785701355388402,1.0,0.2857142857142857,0.0,DB,WR,WR,WR,0.6465613836836448,0.19047619047619047,WR
2023090700.0,2487.0,46213.0,44906.0,500.0,0.1196700891307352,2.030270917882641,8.096583453309032,10.0,100.0,2.030270917882641,0.0,0.7606598217385296,1.0,0.8096583453309032,1.0,0.2857142857142857,0.0,DB,WR,WR,WR,0.8821516096456904,0.19047619047619047,WR
2023090700.0,2510.0,46309.0,55910.0,300.0,0.0510187873892223,7.041193080721477,0.702472581330289,10.0,0.0,7.041193080721477,0.0,0.8979624252215554,1.0,0.0702472581330289,1.0,1.0,0.0,DB,WR,WR,WR,0.7800369267004575,0.6666666666666666,WR
2023090700.0,2613.0,53541.0,54486.0,300.0,0.0742664663316518,1.4154857823376357,5.343162915832931,10.0,400.0,1.4154857823376357,0.0,0.8514670673366964,0.9436571882250905,0.5343162915832931,1.0,0.0,0.0,DB,WR,WR,WR,0.8423275309555815,0.0,WR
2023090700.0,2638.0,55899.0,53487.0,800.0,0.3628666417984635,3.0098671067008924,5.031592462332377,10.0,1000.0,3.0098671067008924,0.0,0.274266716403073,1.0,0.5031592462332377,1.0,0.0,0.0,DB,WR,WR,WR,0.6587207547143386,0.0,WR
2023090700.0,2936.0,54519.0,55910.0,500.0,0.0814708536840014,1.9387109119205983,14.607623663196254,10.0,700.0,1.9387109119205983,0.0,0.8370582926319972,1.0,1.0,1.0,0.0,0.0,DB,WR,WR,WR,0.9456860975439989,0.0,WR
2023090700.0,2959.0,53449.0,54653.0,400.0,0.2443951806583025,4.95452318593828,16.722361219149064,10.0,600.0,4.95452318593828,0.0,0.511209638683395,1.0,1.0,1.0,0.0,0.0,DB,WR,WR,WR,0.8370698795611315,0.0,WR
2023090700.0,3032.0,53541.0,46137.0,400.0,0.1651014219568196,2.5131056483960186,13.891465898364943,10.0,0.0,2.5131056483960186,0.0,0.6697971560863608,1.0,1.0,1.0,1.0,0.0,DB,WR,WR,WR,0.8899323853621202,0.6666666666666666,WR
2023090700.0,3089.0,43584.0,47882.0,400.0,0.1723015690231248,4.612027753602525,15.437244256334765,10.0,0.0,4.612027753602525,0.0,0.6553968619537505,1.0,1.0,1.0,1.0,0.0,DB,WR,WR,WR,0.8851322873179167,0.6666666666666666,WR
2023090700.0,3114.0,53541.0,53487.0,300.0,0.2074235187461448,3.62305120030065,2.5851524327217663,10.0,500.0,3.62305120030065,0.0,0.5851529625077103,1.0,0.2585152432721766,1.0,0.0,0.0,DB,WR,WR,WR,0.7134207028236721,0.0,WR
2023090700.0,3185.0,53591.0,54562.0,0.0,0.1936606424765869,2.353083083956027,6.207290355265555,10.0,0.0,2.353083083956027,1.0,0.6126787150468262,1.0,0.6207290355265556,1.0,1.0,0.0,DB,WR,WR,WR,0.7950387121209198,0.6666666666666666,WR
2023090700.0,3324.0,41325.0,54653.0,300.0,0.1316456920498888,2.4440130932546147,44.060241718132445,10.0,0.0,2.4440130932546147,0.0,0.7367086159002224,1.0,1.0,1.0,1.0,0.0,DB,WR,WR,WR,0.9122362053000741,0.6666666666666666,WR
2023090700.0,3461.0,44930.0,54600.0,400.0,0.0780097252999862,3.2831996588693806,7.184172327971237,10.0,600.0,3.2831996588693806,0.0,0.8439805494000276,1.0,0.7184172327971237,1.0,0.0,0.0,DB,WR,WR,WR,0.8916769630261006,0.0,WR
2023090700.0,3566.0,44930.0,52546.0,500.0,0.1133618141214267,1.4424978336205565,3.507045564669489,10.0,1100.0,1.4424978336205565,0.0,0.7732763717571466,0.9616652224137043,0.3507045564669489,1.0,0.0,0.0,DB,WR,WR,WR,0.7843437611894264,0.0,WR
2023090700.0,3674.0,54885.0,53953.0,500.0,0.0500666222813828,4.087542048713392,1.2404026413116709,10.0,0.0,4.087542048713392,0.0,0.8998667554372344,1.0,0.12404026413116709,1.0,1.0,0.0,DB,WR,WR,WR,0.7914303046386448,0.6666666666666666,WR
2023090700.0,3912.0,53449.0,55882.0,300.0,0.2420393212538678,6.957707955929165,9.1272905525143,10.0,200.0,6.957707955929165,0.0,0.5159213574922644,1.0,0.91272905525143,1.0,0.0,0.0,DB,WR,WR,WR,0.8211862635477074,0.0,WR
2023090700.0,3971.0,54519.0,47888.0,500.0,0.157390580632371,5.670811229445046,10.022584011138669,10.0,0.0,5.670811229445046,0.0,0.685218838735258,1.0,1.0,1.0,1.0,0.0,DB,WR,WR,WR,0.8950729462450859,0.6666666666666666,WR
2023090700.0,3994.0,55920.0,44906.0,300.0,0.1300492307526455,3.7278009603518263,8.850020630450294,10.0,400.0,3.7278009603518263,0.0,0.739901538494709,1.0,0.8850020630450294,1.0,0.0,0.0,DB,WR,WR,WR,0.8903009254405755,0.0,WR
2023090700.0,4041.0,46213.0,44906.0,400.0,0.3126948809592005,0.575673518584968,86.08939415807465,10.0,800.0,0.575673518584968,0.0,0.374610238081599,0.383782345723312,1.0,1.0,0.0,0.5394611851320257,DB,WR,WR,WR,0.6272120382200828,0.17982039504400854,WR
2023091000.0,185.0,53488.0,52272.0,200.0,0.0777344241159648,3.868656097406435,4.789400420031302,10.0,600.0,3.868656097406435,0.0,0.8445311517680704,1.0,0.4789400420031302,1.0,0.0,0.0,DB,WR,WR,WR,0.8439650589899829,0.0,WR
2023091000.0,661.0,46094.0,54523.0,100.0,0.1063306960910955,2.1140009460735816,15.100497746277416,10.0,1100.0,2.1140009460735816,0.16666666666666663,0.7873386078178091,1.0,1.0,1.0,0.0,0.0,DB,WR,WR,WR,0.929112869272603,0.0,WR
2023091000.0,842.0,46094.0,53469.0,300.0,0.310524567862797,2.563630238548454,3.1369212598003338,10.0,700.0,2.563630238548454,0.0,0.37895086427440605,1.0,0.3136921259800334,1.0,0.0,0.0,DB,WR,WR,WR,0.6557220466208087,0.0,WR
2023091000.0,877.0,53555.0,54523.0,600.0,0.2498551885557451,11.514382310831962,8.23099111960193,10.0,800.0,11.514382310831962,0.0,0.5002896228885099,1.0,0.8230991119601929,1.0,0.0,0.0,DB,WR,WR,WR,0.7980496966882085,0.0,WR
2023091000.0,927.0,54473.0,52472.0,300.0,0.0468021492719145,3.601846748544419,3.6671406289652944,10.0,0.0,3.601846748544419,0.0,0.906395701456171,1.0,0.3667140628965294,1.0,1.0,0.0,DB,WR,WR,WR,0.8421413797313628,0.6666666666666666,WR
2023091000.0,1046.0,44931.0,53437.0,300.0,0.0717286553617167,6.886254424576538,8.134425316963137,10.0,0.0,6.886254424576538,0.0,0.8565426892765666,1.0,0.8134425316963136,1.0,1.0,0.0,DB,WR,WR,WR,0.9148694027647848,0.6666666666666666,WR
2023091000.0,1193.0,46094.0,46215.0,400.0,0.2165273444835339,2.0115665537088274,20.202718341404378,10.0,1000.0,2.0115665537088274,0.0,0.5669453110329322,1.0,1.0,1.0,0.0,0.0,DB,WR,WR,WR,0.8556484370109774,0.0,WR
2023091000.0,1300.0,40488.0,52272.0,400.0,0.1217095044078458,1.8287974190707892,25.603560214118357,10.0,0.0,1.8287974190707892,0.0,0.7565809911843084,1.0,1.0,1.0,1.0,0.0,DB,WR,WR,WR,0.9188603303947693,0.6666666666666666,WR
2023091000.0,1325.0,55904.0,46215.0,500.0,0.1420297910244942,1.1801694793545543,6.837535022631421,10.0,900.0,1.1801694793545543,0.0,0.7159404179510116,0.7867796529030362,0.6837535022631421,1.0,0.0,0.05586441651635654,DB,WR,WR,WR,0.7852054138771085,0.018621472172118847,WR
2023091000.0,1382.0,46094.0,48027.0,600.0,0.1160671827395277,8.792275018446594,7.3149807156733,10.0,1200.0,8.792275018446594,0.0,0.7678656345209446,1.0,0.73149807156733,1.0,0.0,0.0,DB,WR,WR,WR,0.8689214924871143,0.0,WR
2023091000.0,1429.0,46094.0,52424.0,500.0,0.1791955061148708,2.6977397947170467,2.7361635971938068,10.0,600.0,2.6977397947170467,0.0,0.6416089877702584,1.0,0.2736163597193807,1.0,0.0,0.0,DB,WR,WR,WR,0.7352596012006289,0.0,WR
2023091000.0,1599.0,44931.0,46124.0,300.0,0.0443232474504098,6.453169763767259,1.8322032045367471,10.0,800.0,6.453169763767259,0.0,0.9113535050991803,1.0,0.1832203204536747,1.0,0.0,0.0,DB,WR,WR,WR,0.8070952324571283,0.0,WR
2023091000.0,1697.0,53488.0,46215.0,400.0,0.1586491891482312,1.759346469573294,14.916856903013144,10.0,700.0,1.759346469573294,0.0,0.6827016217035375,1.0,1.0,1.0,0.0,0.0,DB,WR,WR,WR,0.8942338739011791,0.0,WR
2023091000.0,1720.0,55904.0,52424.0,600.0,0.1059811303959342,0.5824087911424429,5.891170087846227,10.0,1000.0,0.5824087911424429,0.0,0.7880377392081316,0.38827252742829527,0.5891170087846227,1.0,0.0,0.5340729670860457,DB,WR,WR,WR,0.6840419888071804,0.1780243223620152,WR
2023091000.0,1743.0,55904.0,52424.0,500.0,0.0858065185209704,0.4455333881989106,4.606067650326557,10.0,900.0,0.4455333881989106,0.0,0.8283869629580591,0.29702225879927374,0.46060676503265574,1.0,0.0,0.6435732894408716,DB,WR,WR,WR,0.6474562763390238,0.21452442981362385,WR
2023091000.0,1972.0,46094.0,52424.0,1200.0,0.2467624987092462,4.690042643729369,6.304844126584281,10.0,700.0,4.690042643729369,0.0,0.5064750025815077,1.0,0.6304844126584281,1.0,0.0,0.0,DB,WR,WR,WR,0.7615885500588548,0.0,WR
2023091000.0,2101.0,55904.0,52272.0,400.0,0.0513906606301186,2.710073799733137,3.438376259167411,10.0,600.0,2.710073799733137,0.0,0.8972186787397628,1.0,0.3438376259167411,1.0,0.0,0.0,DB,WR,WR,WR,0.834507084763269,0.0,WR
2023091000.0,2207.0,53433.0,42368.0,200.0,0.0996652004157573,2.4400819658363924,2.6611345023428936,10.0,0.0,2.4400819658363924,0.0,0.8006695991684853,1.0,0.26611345023428934,1.0,1.0,0.0,DB,WR,WR,WR,0.7867792231030196,0.6666666666666666,WR
2023091000.0,2342.0,47836.0,48027.0,700.0,0.1018181544332823,4.939514146148391,11.024808460198711,10.0,1700.0,4.939514146148391,0.0,0.7963636911334354,1.0,1.0,1.0,0.0,0.0,DB,WR,WR,WR,0.9321212303778117,0.0,WR
2023091000.0,2389.0,53488.0,52424.0,400.0,0.0988837701546616,1.3393281898026317,4.935910938380073,10.0,600.0,1.3393281898026317,0.0,0.8022324596906768,0.8928854598684212,0.4935910938380073,1.0,0.0,0.0,DB,WR,WR,WR,0.8042318279627393,0.0,WR
2023091000.0,2580.0,53555.0,54523.0,800.0,0.254906112984333,9.451190401214014,6.066219033026343,10.0,400.0,9.451190401214014,0.0,0.49018777403133396,1.0,0.6066219033026343,1.0,0.0,0.0,DB,WR,WR,WR,0.7513869720043048,0.0,WR
2023091000.0,2793.0,53433.0,43350.0,200.0,0.1740547469765045,7.719384690504812,5.691126814885506,10.0,0.0,7.719384690504812,0.0,0.6518905060469911,1.0,0.5691126814885507,1.0,1.0,0.0,DB,WR,WR,WR,0.7977860383133738,0.6666666666666666,WR
2023091000.0,2823.0,54616.0,46527.0,800.0,0.1509328688424425,3.6600000000000006,7.905015262515405,10.0,900.0,3.6600000000000006,0.0,0.698134262315115,1.0,0.7905015262515405,1.0,0.0,0.0,DB,WR,WR,WR,0.8574783926886796,0.0,WR
2023091000.0,3078.0,53488.0,52424.0,500.0,0.1452170417126677,2.0500975586542243,2.8850230181742993,10.0,700.0,2.0500975586542243,0.0,0.7095659165746646,1.0,0.2885023018174299,1.0,0.0,0.0,DB,WR,WR,WR,0.7608890992217074,0.0,WR
2023091000.0,3260.0,54616.0,42368.0,400.0,0.1814511623354791,9.234419310384386,5.179683833262922,10.0,0.0,9.234419310384386,0.0,0.6370976753290418,1.0,0.5179683833262921,1.0,1.0,0.0,DB,WR,WR,WR,0.7826262351082723,0.6666666666666666,WR
2023091000.0,3369.0,55904.0,46215.0,500.0,0.075772899232275,1.1661903789690606,1.65645480206025,10.0,600.0,1.1661903789690606,0.0,0.84845420153545,0.7774602526460405,0.16564548020602501,1.0,0.0,0.06704769682475153,DB,WR,WR,WR,0.7232698972586323,0.022349232274917176,WR
2023091000.0,3421.0,53488.0,52424.0,400.0,0.1294897252016789,0.4742362280551763,3.606542996290599,10.0,800.0,0.4742362280551763,0.0,0.7410205495966422,0.3161574853701175,0.3606542996290599,1.0,0.0,0.620611017555859,DB,WR,WR,WR,0.6034463725567241,0.20687033918528633,WR
2023091000.0,3486.0,44931.0,52417.0,200.0,0.1009303131104581,5.389703145814246,5.111278411660271,10.0,800.0,5.389703145814246,0.0,0.7981393737790838,1.0,0.511127841166027,1.0,0.0,0.0,DB,WR,WR,WR,0.8349386928262332,0.0,WR
2023091000.0,3533.0,53433.0,52417.0,200.0,0.1375032990806565,1.588080602488427,8.502676779858856,10.0,700.0,1.588080602488427,0.0,0.724993401838687,1.0,0.8502676779858855,1.0,0.0,0.0,DB,WR,WR,WR,0.878384669543406,0.0,WR
2023091000.0,3916.0,46094.0,54523.0,900.0,0.1777969760875655,4.060209354208231,8.715782670343305,10.0,900.0,4.060209354208231,0.0,0.644406047824869,1.0,0.8715782670343305,1.0,0.0,0.0,DB,WR,WR,WR,0.8557843360151557,0.0,WR
2023091000.0,4107.0,47836.0,48027.0,300.0,0.2032801195826684,2.6943088167468803,4.499461199680869,10.0,300.0,2.6943088167468803,0.0,0.5934397608346632,1.0,0.4499461199680869,1.0,0.0,0.0,DB,WR,WR,WR,0.7544691442718384,0.0,WR
2023091000.0,4155.0,40488.0,52272.0,400.0,0.1711343230381888,2.079639391817726,28.111404393378734,10.0,700.0,2.079639391817726,0.0,0.6577313539236225,1.0,1.0,1.0,0.0,0.0,DB,WR,WR,WR,0.885910451307874,0.0,WR
2023091001.0,284.0,54572.0,42393.0,700.0,0.0184111539083052,9.214825011903368,29.052668834401125,10.0,0.0,9.214825011903368,0.0,0.9631776921833896,1.0,1.0,1.0,1.0,0.0,DB,WR,WR,WR,0.9877258973944631,0.6666666666666666,WR
2023091001.0,407.0,55886.0,54502.0,500.0,0.2043353644782777,6.733951291775126,7.697752377603674,10.0,700.0,6.733951291775126,0.0,0.5913292710434446,1.0,0.7697752377603674,1.0,0.0,0.0,DB,WR,WR,WR,0.8177314712332215,0.0,WR
2023091001.0,532.0,55886.0,42441.0,400.0,0.2859364530318124,0.4627094120503715,3.091124776243515,10.0,700.0,0.4627094120503715,0.0,0.42812709393637516,0.30847294136691433,0.3091124776243515,1.0,0.0,0.6298324703597028,DB,WR,WR,WR,0.4867909778681725,0.20994415678656758,WR
2023091001.0,559.0,46206.0,54479.0,500.0,0.111118555306183,1.7327723451163446,15.468457154112922,10.0,800.0,1.7327723451163446,0.0,0.777762889387634,1.0,1.0,1.0,0.0,0.0,DB,WR,WR,WR,0.9259209631292112,0.0,WR
2023091001.0,893.0,55886.0,42441.0,400.0,0.1360786217756038,5.564755160831431,5.402706427017254,10.0,1300.0,5.564755160831431,0.0,0.7278427564487924,1.0,0.5402706427017254,1.0,0.0,0.0,DB,WR,WR,WR,0.8173350473566092,0.0,WR
2023091001.0,1042.0,53518.0,44854.0,400.0,0.090162688207637,8.012496489858824,5.768618864420645,10.0,0.0,8.012496489858824,0.0,0.819674623584726,1.0,0.5768618864420645,1.0,1.0,0.0,DB,WR,WR,WR,0.8552639184833214,0.6666666666666666,WR
2023091001.0,1232.0,53456.0,46672.0,700.0,0.1294438060500818,7.7693371660650685,50.90867612942338,10.0,800.0,7.7693371660650685,0.0,0.7411123878998365,1.0,1.0,1.0,0.0,0.0,DB,WR,WR,WR,0.9137041292999454,0.0,WR
2023091001.0,1368.0,39989.0,42393.0,200.0,0.2262137632122914,2.147417053112875,17.920451930030918,10.0,500.0,2.147417053112875,0.0,0.5475724735754173,1.0,1.0,1.0,0.0,0.0,DB,WR,WR,WR,0.849190824525139,0.0,WR
2023091001.0,1438.0,39989.0,46077.0,400.0,0.1485180374002336,5.424850228347323,6.552436709966554,10.0,600.0,5.424850228347323,0.0,0.7029639251995328,1.0,0.6552436709966554,1.0,0.0,0.0,DB,WR,WR,WR,0.832036709265842,0.0,WR
2023091001.0,1470.0,46206.0,44854.0,500.0,0.2220118179553241,7.782608817099836,7.311995920772079,10.0,600.0,7.782608817099836,0.0,0.5559763640893518,1.0,0.7311995920772079,1.0,0.0,0.0,DB,WR,WR,WR,0.7982320397785588,0.0,WR
2023091001.0,1517.0,39989.0,52436.0,0.0,0.2606259044472854,7.327277802840567,24.119420041199703,10.0,0.0,7.327277802840567,1.0,0.4787481911054292,1.0,1.0,1.0,1.0,0.0,DB,WR,WR,WR,0.826249397035143,0.6666666666666666,WR
2023091001.0,1549.0,53518.0,42393.0,600.0,0.030798204684116,3.480488471464888,1.012780793354301,10.0,0.0,3.480488471464888,0.0,0.938403590631768,1.0,0.1012780793354301,1.0,1.0,0.0,DB,WR,WR,WR,0.7997234794110086,0.6666666666666666,WR
2023091001.0,1574.0,53518.0,52436.0,400.0,0.0749879217327503,4.47303029276574,8.701830043215365,10.0,0.0,4.47303029276574,0.0,0.8500241565344994,1.0,0.8701830043215365,1.0,1.0,0.0,DB,WR,WR,WR,0.9240446530424737,0.6666666666666666,WR
2023091001.0,1797.0,41238.0,54468.0,200.0,0.0639367538801589,2.361228493814185,6.140827964392069,10.0,1000.0,2.361228493814185,0.0,0.8721264922396822,1.0,0.6140827964392069,1.0,0.0,0.0,DB,WR,WR,WR,0.8801920567010688,0.0,WR
2023091001.0,1948.0,55934.0,42393.0,500.0,0.1061008228779806,1.1954915307102771,5.725107087947068,10.0,500.0,1.1954915307102771,0.0,0.7877983542440388,0.7969943538068515,0.5725107087947068,1.0,0.0,0.043606775431778266,DB,WR,WR,WR,0.7896334208554479,0.014535591810592755,WR
2023091001.0,1980.0,39989.0,53533.0,100.0,0.027739388677665,5.513302095840577,2.829790051767754,10.0,0.0,5.513302095840577,0.16666666666666663,0.94452122264467,1.0,0.28297900517677543,1.0,1.0,0.0,DB,WR,WR,WR,0.8381028752502451,0.6666666666666666,WR
2023091001.0,2033.0,46461.0,52627.0,0.0,0.064602979602685,13.24142741550169,5.702934984199559,10.0,0.0,13.24142741550169,1.0,0.87079404079463,1.0,0.5702934984199559,1.0,1.0,0.0,DB,WR,WR,WR,0.8709900466155345,0.6666666666666666,WR
2023091001.0,2151.0,39989.0,42393.0,600.0,0.0992781639946763,4.419253330597831,7.2785850981426465,10.0,0.0,4.419253330597831,0.0,0.8014436720106474,1.0,0.7278585098142647,1.0,1.0,0.0,DB,WR,WR,WR,0.8793862592997354,0.6666666666666666,WR
2023091001.0,2351.0,55886.0,54468.0,400.0,0.0737723047028929,1.944350791395426,9.547866723648822,10.0,700.0,1.944350791395426,0.0,0.8524553905942143,1.0,0.9547866723648821,1.0,0.0,0.0,DB,WR,WR,WR,0.941775798004381,0.0,WR
2023091001.0,2432.0,55886.0,42441.0,300.0,0.1451563148169082,2.40983401918058,44.134923759538786,10.0,800.0,2.40983401918058,0.0,0.7096873703661837,1.0,1.0,1.0,0.0,0.0,DB,WR,WR,WR,0.9032291234553944,0.0,WR
2023091001.0,2469.0,53456.0,42391.0,100.0,0.2054767375037193,4.8924124928300925,22.391649733903886,10.0,100.0,4.8924124928300925,0.16666666666666663,0.5890465249925614,1.0,1.0,1.0,0.2857142857142857,0.0,DB,WR,WR,WR,0.8630155083308537,0.19047619047619047,WR
2023091001.0,2523.0,52463.0,46122.0,1000.0,0.2587436141042351,4.072591312665686,9.3556047883597,10.0,900.0,4.072591312665686,0.0,0.48251277179152985,1.0,0.93556047883597,1.0,0.0,0.0,DB,WR,WR,WR,0.8146163530310372,0.0,WR
2023091001.0,2759.0,53518.0,42393.0,100.0,0.0668337397462757,2.0171762441591516,6.553687589996602,10.0,0.0,2.0171762441591516,0.16666666666666663,0.8663325205074486,1.0,0.6553687589996602,1.0,1.0,0.0,DB,WR,WR,WR,0.8865179253024149,0.6666666666666666,WR
2023091001.0,3086.0,53518.0,53819.0,300.0,0.0928836283801002,1.5463828762631848,8.994981967785902,10.0,600.0,1.5463828762631848,0.0,0.8142327432397996,1.0,0.8994981967785902,1.0,0.0,0.0,DB,WR,WR,WR,0.9179772204356512,0.0,WR
2023091001.0,3111.0,55934.0,53533.0,400.0,0.151240642302451,9.875889833326411,16.86841557224083,10.0,700.0,9.875889833326411,0.0,0.697518715395098,1.0,1.0,1.0,0.0,0.0,DB,WR,WR,WR,0.8991729051316992,0.0,WR
2023091001.0,3216.0,39989.0,52436.0,400.0,0.3397244080876567,2.4319539469323863,2.509501040261335,10.0,0.0,2.4319539469323863,0.0,0.3205511838246866,1.0,0.2509501040261335,1.0,1.0,0.0,DB,WR,WR,WR,0.6237070820801222,0.6666666666666666,DB
2023091001.0,3257.0,54593.0,42391.0,600.0,0.2650089750763847,6.167989948111134,6.791262674425936,10.0,1200.0,6.167989948111134,0.0,0.4699820498472306,1.0,0.6791262674425936,1.0,0.0,0.0,DB,WR,WR,WR,0.7591526034375955,0.0,WR
2023091001.0,3302.0,41238.0,42441.0,300.0,0.1543546640657177,2.5104780421266417,18.89741976390935,10.0,0.0,2.5104780421266417,0.0,0.6912906718685645,1.0,1.0,1.0,1.0,0.0,DB,WR,WR,WR,0.8970968906228548,0.6666666666666666,WR
2023091001.0,3383.0,54635.0,52436.0,300.0,0.1666726880632716,7.63576453277601,2.456458578537557,10.0,900.0,7.63576453277601,0.0,0.6666546238734568,1.0,0.2456458578537557,1.0,0.0,0.0,DB,WR,WR,WR,0.7380140461952367,0.0,WR
2023091001.0,3514.0,46206.0,46077.0,300.0,0.1160107668439242,0.8318653737234165,18.155346110925983,10.0,900.0,0.8318653737234165,0.0,0.7679784663121516,0.554576915815611,1.0,1.0,0.0,0.3345077010212668,DB,WR,WR,WR,0.80387999965488,0.11150256700708894,WR
2023091001.0,3879.0,53518.0,53819.0,400.0,0.1146513302854871,3.751706278481833,1.966355977363225,10.0,800.0,3.751706278481833,0.0,0.7706973394290257,1.0,0.1966355977363225,1.0,0.0,0.0,DB,WR,WR,WR,0.7628928993569397,0.0,WR
2023091001.0,3902.0,53518.0,42393.0,500.0,0.0987150648666176,1.5527073130503386,3.266890668630011,10.0,900.0,1.5527073130503386,0.0,0.8025698702667647,1.0,0.3266890668630011,1.0,0.0,0.0,DB,WR,WR,WR,0.7995277701281884,0.0,WR
2023091001.0,4018.0,41238.0,44902.0,200.0,0.0706645474114817,1.214907403878998,7.907852457336429,10.0,700.0,1.214907403878998,0.0,0.8586709051770366,0.8099382692526653,0.790785245733643,1.0,0.0,0.028074076896801636,DB,WR,WR,WR,0.8603642226731181,0.009358025632267212,WR
2023091001.0,4191.0,45052.0,53819.0,700.0,0.2051346921792701,9.771166767587175,1.8479484593959263,10.0,1000.0,9.771166767587175,0.0,0.5897306156414598,1.0,0.18479484593959264,1.0,0.0,0.0,DB,WR,WR,WR,0.7002025077350718,0.0,WR
2023091001.0,4216.0,39989.0,42393.0,200.0,0.02833099897013,0.9167878707749156,3.1273340955664284,10.0,400.0,0.9167878707749156,0.0,0.9433380020597399,0.6111919138499438,0.31273340955664286,1.0,0.0,0.26656970338006747,DB,WR,WR,WR,0.7399771929578935,0.08885656779335582,WR
2023091001.0,4239.0,55934.0,53533.0,500.0,0.1188276062201036,0.9121951545584912,8.27380017445807,10.0,200.0,0.9121951545584912,0.0,0.7623447875597928,0.6081301030389942,0.827380017445807,1.0,0.0,0.270243876353207,DB,WR,WR,WR,0.7817589601528241,0.09008129211773566,WR
2023091001.0,4322.0,39989.0,42393.0,400.0,0.1552084853126383,2.524381112272867,24.20091736022954,10.0,500.0,2.524381112272867,0.0,0.6895830293747234,1.0,1.0,1.0,0.0,0.0,DB,WR,WR,WR,0.896527676458241,0.0,WR
2023091001.0,4564.0,56070.0,53819.0,700.0,0.1574108465232768,2.8838342532122048,5.766952665574006,10.0,700.0,2.8838342532122048,0.0,0.6851783069534464,1.0,0.5766952665574007,1.0,0.0,0.0,DB,WR,WR,WR,0.8103984889626289,0.0,WR
2023091001.0,4589.0,53518.0,53533.0,200.0,0.0275378527364301,5.864511914899651,0.7952215331633062,10.0,700.0,5.864511914899651,0.0,0.9449242945271398,1.0,0.07952215331633063,1.0,0.0,0.0,DB,WR,WR,WR,0.7975458621723126,0.0,WR
2023091001.0,4639.0,55934.0,52627.0,500.0,0.0689806736219161,11.687998117727432,9.190541248824458,10.0,1300.0,11.687998117727432,0.0,0.8620386527561679,1.0,0.9190541248824458,1.0,0.0,0.0,DB,WR,WR,WR,0.9378237092285451,0.0,WR
2023091001.0,4662.0,46461.0,52436.0,500.0,0.2037955980969621,9.165920575697784,23.83158772696913,10.0,500.0,9.165920575697784,0.0,0.5924088038060757,1.0,1.0,1.0,0.0,0.0,DB,WR,WR,WR,0.8641362679353585,0.0,WR
2023091002.0,110.0,53434.0,53455.0,0.0,0.1073903346800074,5.459056695071043,5.347862301663368,10.0,200.0,5.459056695071043,1.0,0.7852193306399852,1.0,0.5347862301663369,1.0,0.0,0.0,DB,WR,WR,WR,0.8353636895799291,0.0,WR
2023091002.0,319.0,46104.0,54496.0,300.0,0.1845756804624646,7.960917032603729,12.506034549389511,10.0,0.0,7.960917032603729,0.0,0.6308486390750708,1.0,1.0,1.0,1.0,0.0,DB,WR,WR,WR,0.8769495463583569,0.6666666666666666,WR
2023091002.0,444.0,47833.0,52452.0,700.0,0.2201971042177491,2.5143587651725445,8.266027287541577,10.0,900.0,2.5143587651725445,0.0,0.5596057915645019,1.0,0.8266027287541577,1.0,0.0,0.0,DB,WR,WR,WR,0.8185224762723321,0.0,WR
2023091002.0,599.0,40026.0,48026.0,300.0,0.175164848792478,3.865177874302812,0.3215436335980205,10.0,300.0,3.865177874302812,0.0,0.649670302415044,1.0,0.032154363359802055,1.0,0.0,0.0,DB,WR,WR,WR,0.6896543068103084,0.0,WR
2023091002.0,767.0,43344.0,52452.0,400.0,0.125908366150414,3.782723886302042,14.63607980463304,10.0,0.0,3.782723886302042,0.0,0.748183267699172,1.0,1.0,1.0,1.0,0.0,DB,WR,WR,WR,0.9160610892330572,0.6666666666666666,WR
2023091002.0,819.0,46104.0,53540.0,300.0,0.4044482627142112,1.7479416466232545,0.8915992348594536,10.0,200.0,1.7479416466232545,0.0,0.19110347457157761,1.0,0.08915992348594536,1.0,0.0,0.0,DB,WR,WR,WR,0.5481998095543815,0.0,WR
2023091002.0,873.0,42347.0,52473.0,400.0,0.2425328817531779,8.924690470823066,2.273258685838669,10.0,900.0,8.924690470823066,0.0,0.5149342364936442,1.0,0.2273258685838669,1.0,0.0,0.0,DB,WR,WR,WR,0.6837765858813214,0.0,WR
2023091002.0,975.0,53463.0,55925.0,500.0,0.0929377582072261,0.9651942809610862,26.28004245752012,10.0,600.0,0.9651942809610862,0.0,0.8141244835855478,0.6434628539740574,1.0,1.0,0.0,0.2278445752311311,DB,WR,WR,WR,0.8429649222549311,0.07594819174371037,WR
2023091002.0,1071.0,43344.0,53455.0,500.0,0.1508107208317319,0.8041144197189826,28.063412836393443,10.0,1000.0,0.8041144197189826,0.0,0.6983785583365363,0.536076279812655,1.0,1.0,0.0,0.35670846422481395,DB,WR,WR,WR,0.7757465273955534,0.11890282140827131,WR
2023091002.0,1209.0,42347.0,48026.0,400.0,0.1253393055687953,5.787443304257935,7.88408386044141,10.0,700.0,5.787443304257935,0.0,0.7493213888624094,1.0,0.788408386044141,1.0,0.0,0.0,DB,WR,WR,WR,0.8741221401629646,0.0,WR
2023091002.0,1260.0,40026.0,54525.0,400.0,0.0573357184954075,1.888756204490135,5.364076538435754,10.0,900.0,1.888756204490135,0.0,0.8853285630091849,1.0,0.5364076538435754,1.0,0.0,0.0,DB,WR,WR,WR,0.8690577184384433,0.0,WR
2023091002.0,1412.0,52441.0,46073.0,400.0,0.1269480613348621,1.570127383367352,4.604138633499196,10.0,500.0,1.570127383367352,0.0,0.7461038773302757,1.0,0.4604138633499196,1.0,0.0,0.0,DB,WR,WR,WR,0.8074507317800758,0.0,WR
2023091002.0,1464.0,44841.0,48026.0,400.0,0.1436898754367553,8.645929678178051,9.103136428479376,10.0,1400.0,8.645929678178051,0.0,0.7126202491264895,1.0,0.9103136428479376,1.0,0.0,0.0,DB,WR,WR,WR,0.8862694782784173,0.0,WR
2023091002.0,1540.0,52595.0,55925.0,300.0,0.1340857150444408,5.706356105256663,15.408594414197085,10.0,0.0,5.706356105256663,0.0,0.7318285699111184,1.0,1.0,1.0,1.0,0.0,DB,WR,WR,WR,0.910609523303706,0.6666666666666666,WR
2023091002.0,1832.0,42347.0,52473.0,300.0,0.0463535742543532,5.782361109443094,35.92172114812675,10.0,100.0,5.782361109443094,0.0,0.9072928514912936,1.0,1.0,1.0,0.2857142857142857,0.0,DB,WR,WR,WR,0.9690976171637644,0.19047619047619047,WR
2023091002.0,1944.0,43344.0,46073.0,200.0,0.2487841889972822,6.2117308376973295,1.3377730528588023,10.0,0.0,6.2117308376973295,0.0,0.5024316220054357,1.0,0.13377730528588022,1.0,1.0,0.0,DB,WR,WR,WR,0.6608993350589879,0.6666666666666666,DB
2023091002.0,1974.0,52441.0,54533.0,300.0,0.2078025121551013,1.4458561477546734,6.793053194980935,10.0,700.0,1.4458561477546734,0.0,0.5843949756897975,0.9639040985031156,0.6793053194980935,1.0,0.0,0.0,DB,WR,WR,WR,0.7877004820637153,0.0,WR
2023091002.0,2039.0,54564.0,44872.0,400.0,0.0668666302804267,7.467435972273214,6.135581564649094,10.0,0.0,7.467435972273214,0.0,0.8662667394391466,1.0,0.6135581564649094,1.0,1.0,0.0,DB,WR,WR,WR,0.8781338777726974,0.6666666666666666,WR
2023091002.0,2095.0,42347.0,54525.0,300.0,0.0809497198442168,6.1206617289309415,8.720860999182385,10.0,200.0,6.1206617289309415,0.0,0.8381005603115664,1.0,0.8720860999182385,1.0,0.0,0.0,DB,WR,WR,WR,0.9204507400875032,0.0,WR
2023091002.0,2127.0,52595.0,43641.0,400.0,0.1548376684056959,1.8702406262296831,8.93319497049337,10.0,600.0,1.8702406262296831,0.0,0.6903246631886082,1.0,0.893319497049337,1.0,0.0,0.0,DB,WR,WR,WR,0.8754387871394034,0.0,WR
2023091002.0,2179.0,53463.0,52473.0,300.0,0.1111395193152429,2.7864852413030947,24.778714001431055,10.0,500.0,2.7864852413030947,0.0,0.7777209613695142,1.0,1.0,1.0,0.0,0.0,DB,WR,WR,WR,0.9259069871231713,0.0,WR
2023091002.0,2211.0,42347.0,54525.0,400.0,0.1234015444654998,1.3669308687713555,24.00062708391136,10.0,800.0,1.3669308687713555,0.0,0.7531969110690004,0.9112872458475704,1.0,1.0,0.0,0.0,DB,WR,WR,WR,0.8940755692490188,0.0,WR
2023091002.0,2441.0,53463.0,55925.0,300.0,0.0832666399786452,0.6419501538281622,2.20388922384833,10.0,800.0,0.6419501538281622,0.0,0.8334667200427096,0.4279667692187748,0.22038892238483299,1.0,0.0,0.48643987693747026,DB,WR,WR,WR,0.6360244962828764,0.1621466256458234,WR
2023091002.0,2517.0,52441.0,46073.0,300.0,0.0398526698493038,5.722525666172236,1.1900191037733296,10.0,0.0,5.722525666172236,0.0,0.9202946603013924,1.0,0.11900191037733296,1.0,1.0,0.0,DB,WR,WR,WR,0.7972319355092641,0.6666666666666666,WR
2023091002.0,2620.0,47833.0,46073.0,400.0,0.1925162330817846,3.4200730986340107,8.981270184008123,10.0,700.0,3.4200730986340107,0.0,0.6149675338364309,1.0,0.8981270184008123,1.0,0.0,0.0,DB,WR,WR,WR,0.851281248292306,0.0,WR
2023091002.0,2693.0,53463.0,43641.0,400.0,0.1723672103157505,3.7703315504077386,13.55615173290023,10.0,600.0,3.7703315504077386,0.0,0.6552655793684989,1.0,1.0,1.0,0.0,0.0,DB,WR,WR,WR,0.8850885264561662,0.0,WR
2023091002.0,2847.0,44860.0,53455.0,900.0,0.114161129692919,8.997077303213526,26.04278872902742,10.0,800.0,8.997077303213526,0.0,0.7716777406141619,1.0,1.0,1.0,0.0,0.0,DB,WR,WR,WR,0.9238925802047205,0.0,WR
2023091002.0,2872.0,53434.0,46073.0,0.0,0.0199582898398969,4.352148894511768,4.6361222676303715,10.0,400.0,4.352148894511768,1.0,0.9600834203202062,1.0,0.46361222676303715,1.0,0.0,0.0,DB,WR,WR,WR,0.8794169187926761,0.0,WR
2023091002.0,2942.0,52441.0,52452.0,300.0,0.1473106679790465,1.090000000000004,5.884480016935384,10.0,900.0,1.090000000000004,0.0,0.7053786640419071,0.7266666666666693,0.5884480016935384,1.0,0.0,0.12799999999999678,DB,WR,WR,WR,0.7465935994637884,0.04266666666666559,WR
2023091002.0,3138.0,44841.0,52473.0,200.0,0.1989870502164555,6.074874484300067,3.699538996465709,10.0,0.0,6.074874484300067,0.0,0.6020258995670891,1.0,0.3699538996465709,1.0,1.0,0.0,DB,WR,WR,WR,0.7413327464516771,0.6666666666666666,WR
2023091002.0,3170.0,53463.0,55925.0,100.0,0.2019134656704392,2.299608662359752,37.25459100002918,10.0,700.0,2.299608662359752,0.16666666666666663,0.5961730686591216,1.0,1.0,1.0,0.0,0.0,DB,WR,WR,WR,0.8653910228863738,0.0,WR
2023091002.0,3253.0,53434.0,53481.0,400.0,0.1235557255493135,9.073610086398904,2.901879605576632,10.0,1000.0,9.073610086398904,0.0,0.752888548901373,1.0,0.2901879605576632,1.0,0.0,0.0,DB,WR,WR,WR,0.7756671084119902,0.0,WR
2023091002.0,3314.0,52441.0,54533.0,400.0,0.157229178248675,1.676096655924121,3.158646537977491,10.0,800.0,1.676096655924121,0.0,0.68554164350265,1.0,0.3158646537977491,1.0,0.0,0.0,DB,WR,WR,WR,0.7583534785937665,0.0,WR
2023091002.0,3337.0,47833.0,52452.0,1400.0,0.0561166252571562,3.9357083225259424,12.916475108836766,10.0,0.0,3.9357083225259424,0.0,0.8877667494856876,1.0,1.0,1.0,1.0,0.0,DB,WR,WR,WR,0.962588916495229,0.6666666666666666,WR
2023091002.0,3409.0,44841.0,48026.0,400.0,0.1297765542114158,6.057433449902685,18.899316667654723,10.0,200.0,6.057433449902685,0.0,0.7404468915771685,1.0,1.0,1.0,0.0,0.0,DB,WR,WR,WR,0.9134822971923894,0.0,WR
2023091002.0,3505.0,52523.0,52473.0,800.0,0.2239139818420632,6.474109977440908,3.5118304912619216,10.0,400.0,6.474109977440908,0.0,0.5521720363158735,1.0,0.35118304912619214,1.0,0.0,0.0,DB,WR,WR,WR,0.7209606219305296,0.0,WR
2023091002.0,3571.0,52441.0,46073.0,300.0,0.1131498773169555,1.3920488497175625,3.871496122327276,10.0,700.0,1.3920488497175625,0.0,0.7737002453660891,0.928032566478375,0.3871496122327276,1.0,0.0,0.0,DB,WR,WR,WR,0.7828053552961418,0.0,WR
2023091002.0,3594.0,53434.0,46073.0,300.0,0.0394968353162631,4.144031853159432,3.4922635238430284,10.0,0.0,4.144031853159432,0.0,0.9210063293674738,1.0,0.34922635238430283,1.0,1.0,0.0,DB,WR,WR,WR,0.8435140469326852,0.6666666666666666,WR
2023091002.0,3716.0,52523.0,52515.0,600.0,0.1601842688905501,3.683707371656989,2.721880828871487,10.0,500.0,3.683707371656989,0.0,0.6796314622188998,1.0,0.2721880828871487,1.0,0.0,0.0,DB,WR,WR,WR,0.7476481039837296,0.0,WR
2023091002.0,3787.0,53434.0,53455.0,200.0,0.071054154068974,4.2004285495649105,11.67747172526492,10.0,700.0,4.2004285495649105,0.0,0.857891691862052,1.0,1.0,1.0,0.0,0.0,DB,WR,WR,WR,0.9526305639540172,0.0,WR
2023091002.0,3812.0,53434.0,54533.0,300.0,0.1797145885378629,0.9740636529508754,5.239593229845744,10.0,100.0,0.9740636529508754,0.0,0.6405708229242741,0.6493757686339169,0.5239593229845745,1.0,0.2857142857142857,0.22074907763929974,DB,WR,WR,WR,0.6914823438740507,0.264059216355957,WR
2023091002.0,3835.0,53631.0,52452.0,200.0,0.1912241267901797,7.7776924598495185,4.748614883360959,10.0,500.0,7.7776924598495185,0.0,0.6175517464196406,1.0,0.4748614883360959,1.0,0.0,0.0,DB,WR,WR,WR,0.767489546473766,0.0,WR
2023091002.0,4036.0,53434.0,46073.0,300.0,0.0639478954566398,4.585040894037916,5.797024536776569,10.0,0.0,4.585040894037916,0.0,0.8721042090867204,1.0,0.5797024536776569,1.0,1.0,0.0,DB,WR,WR,WR,0.8733085604311047,0.6666666666666666,WR
2023091003.0,81.0,54657.0,44926.0,500.0,0.1079452357125754,5.354941643006027,5.781838299026097,10.0,0.0,5.354941643006027,0.0,0.7841095285748492,1.0,0.5781838299026096,1.0,1.0,0.0,DB,WR,WR,WR,0.8436732755054717,0.6666666666666666,WR
2023091003.0,143.0,44849.0,46304.0,400.0,0.1452403590768142,1.0493807697875914,6.685497654936749,10.0,1000.0,1.0493807697875914,0.0,0.7095192818463716,0.6995871798583942,0.668549765493675,1.0,0.0,0.1604953841699268,DB,WR,WR,WR,0.7567729616764306,0.053498461389975605,WR
2023091003.0,166.0,44835.0,52493.0,400.0,0.077179127016693,3.6766560894377895,6.007691541658465,10.0,500.0,3.6766560894377895,0.0,0.845641745966614,1.0,0.6007691541658465,1.0,0.0,0.0,DB,WR,WR,WR,0.8687010794887073,0.0,WR
2023091003.0,191.0,46095.0,55137.0,400.0,0.1559803517430004,1.1703418304068292,7.575324716270338,10.0,600.0,1.1703418304068292,0.0,0.6880392965139992,0.7802278869378861,0.7575324716270339,1.0,0.0,0.06372653567453668,DB,WR,WR,WR,0.7889136963468427,0.021242178558178892,WR
2023091003.0,263.0,55944.0,54466.0,400.0,0.0914989553138691,3.731286641361128,5.927743267661778,10.0,600.0,3.731286641361128,0.0,0.8170020893722618,1.0,0.5927743267661778,1.0,0.0,0.0,DB,WR,WR,WR,0.8575555618106561,0.0,WR
2023091003.0,358.0,46116.0,52493.0,400.0,0.2112912681584357,1.6542369842317004,21.47341900556176,10.0,800.0,1.6542369842317004,0.0,0.5774174636831286,1.0,1.0,1.0,0.0,0.0,DB,WR,WR,WR,0.8591391545610428,0.0,WR
2023091003.0,410.0,46095.0,54980.0,400.0,0.0967048497077021,1.001848291908508,0.717407491064397,10.0,600.0,1.001848291908508,0.0,0.8065903005845958,0.6678988612723388,0.07174074910643971,1.0,0.0,0.19852136647319352,DB,WR,WR,WR,0.6613179463554435,0.06617378882439784,WR
2023091003.0,529.0,46095.0,54980.0,400.0,0.3767402037562912,7.1960336297157435,1.810295311442017,10.0,800.0,7.1960336297157435,0.0,0.24651959248741762,1.0,0.1810295311442017,1.0,0.0,0.0,DB,WR,WR,WR,0.5850457703913129,0.0,WR
2023091003.0,662.0,53703.0,44926.0,200.0,0.1977440704327297,8.670144174118446,2.3859750633328116,10.0,0.0,8.670144174118446,0.0,0.6045118591345406,1.0,0.23859750633328117,1.0,1.0,0.0,DB,WR,WR,WR,0.7158901209781697,0.6666666666666666,WR
2023091003.0,687.0,53556.0,53462.0,0.0,0.1399430083428447,3.959217094325593,5.327131316134847,10.0,600.0,3.959217094325593,1.0,0.7201139833143106,1.0,0.5327131316134847,1.0,0.0,0.0,DB,WR,WR,WR,0.8132472874274671,0.0,WR
2023091003.0,761.0,55944.0,53494.0,300.0,0.0747397445256854,1.5673225577397965,11.861156573890597,10.0,0.0,1.5673225577397965,0.0,0.8505205109486292,1.0,1.0,1.0,1.0,0.0,DB,WR,WR,WR,0.9501735036495429,0.6666666666666666,WR
2023091003.0,933.0,46095.0,54980.0,300.0,0.3221221653254233,2.9642030969554036,4.351385012937988,10.0,0.0,2.9642030969554036,0.0,0.35575566934915337,1.0,0.43513850129379883,1.0,1.0,0.0,DB,WR,WR,WR,0.6722795900418109,0.6666666666666666,WR
2023091003.0,1171.0,55953.0,46724.0,400.0,0.2035704289434736,10.61037228376083,5.670378437727923,10.0,500.0,10.61037228376083,0.0,0.5928591421130528,1.0,0.5670378437727923,1.0,0.0,0.0,DB,WR,WR,WR,0.7776939494589094,0.0,WR
2023091003.0,1649.0,46095.0,52493.0,200.0,0.0382722079943379,3.3331816632160933,4.968087100019798,10.0,600.0,3.3331816632160933,0.0,0.9234555840113242,1.0,0.49680871000197985,1.0,0.0,0.0,DB,WR,WR,WR,0.8738469366708373,0.0,WR
2023091003.0,1706.0,44849.0,55137.0,300.0,0.1126942766958463,2.2048355947779865,9.329586504006944,10.0,400.0,2.2048355947779865,0.0,0.7746114466083074,1.0,0.9329586504006944,1.0,0.0,0.0,DB,WR,WR,WR,0.9114622122829079,0.0,WR
2023091003.0,1782.0,44792.0,53494.0,300.0,0.3314470945272988,4.110681208753606,5.001817882564397,10.0,0.0,4.110681208753606,0.0,0.3371058109454024,1.0,0.5001817882564397,1.0,1.0,0.0,DB,WR,WR,WR,0.6790716279664221,0.6666666666666666,WR
2023091003.0,1805.0,54657.0,46269.0,100.0,0.0772879101323846,4.139106183706815,7.434160560672663,10.0,500.0,4.139106183706815,0.16666666666666663,0.8454241797352308,1.0,0.7434160560672664,1.0,0.0,0.0,DB,WR,WR,WR,0.8971579377918635,0.0,WR
2023091003.0,1929.0,44849.0,54980.0,200.0,0.0344496061271946,3.0153772566629247,3.548698178654234,10.0,400.0,3.0153772566629247,0.0,0.9311007877456108,1.0,0.3548698178654234,1.0,0.0,0.0,DB,WR,WR,WR,0.8480075594882881,0.0,WR
2023091003.0,1954.0,46095.0,52493.0,200.0,0.1338798324013345,4.32010416541083,3.830944846384599,10.0,100.0,4.32010416541083,0.0,0.732240335197331,1.0,0.3830944846384599,1.0,0.2857142857142857,0.0,DB,WR,WR,WR,0.7873656753268022,0.19047619047619047,WR
2023091003.0,2087.0,54518.0,54492.0,300.0,0.2889819752347575,8.918587332083483,2.2376726075152074,10.0,1000.0,8.918587332083483,0.0,0.422036049530485,1.0,0.22376726075152073,1.0,0.0,0.0,DB,WR,WR,WR,0.6520988019937991,0.0,WR
2023091003.0,2204.0,46095.0,55137.0,100.0,0.0995205899605049,1.7541949720598329,4.716233755614078,10.0,0.0,1.7541949720598329,0.16666666666666663,0.8009588200789902,1.0,0.47162337556140776,1.0,1.0,0.0,DB,WR,WR,WR,0.8279776151386116,0.6666666666666666,WR
2023091003.0,2227.0,44849.0,54980.0,200.0,0.0537112677647835,1.9525624189766595,6.1642815670197475,10.0,300.0,1.9525624189766595,0.0,0.892577464470433,1.0,0.6164281567019747,1.0,0.0,0.0,DB,WR,WR,WR,0.8874781194972059,0.0,WR
2023091003.0,2286.0,52442.0,53462.0,100.0,0.1656482216425318,1.7773013250431131,9.6851351780631,10.0,700.0,1.7773013250431131,0.16666666666666663,0.6687035567149364,1.0,0.9685135178063099,1.0,0.0,0.0,DB,WR,WR,WR,0.883270555799574,0.0,WR
2023091003.0,2369.0,52442.0,53494.0,300.0,0.0760852849651969,6.7376034314880835,7.862692620409462,10.0,0.0,6.7376034314880835,0.0,0.8478294300696062,1.0,0.7862692620409462,1.0,1.0,0.0,DB,WR,WR,WR,0.906530329098058,0.6666666666666666,WR
2023091003.0,2519.0,46095.0,55137.0,300.0,0.0382044936274954,5.236200912875671,1.039720522529621,10.0,0.0,5.236200912875671,0.0,0.9235910127450092,1.0,0.1039720522529621,1.0,1.0,0.0,DB,WR,WR,WR,0.795324748032262,0.6666666666666666,WR
2023091003.0,2571.0,46116.0,52493.0,300.0,0.0608242002276507,3.172459613612126,8.86476734220478,10.0,500.0,3.172459613612126,0.0,0.8783515995446987,1.0,0.886476734220478,1.0,0.0,0.0,DB,WR,WR,WR,0.9367458800256618,0.0,WR
2023091003.0,2608.0,44835.0,55137.0,400.0,0.1189695546798064,1.2872451204024824,7.1842090511565875,10.0,700.0,1.2872451204024824,0.0,0.7620608906403872,0.8581634136016549,0.7184209051156587,1.0,0.0,0.0,DB,WR,WR,WR,0.8265480548637021,0.0,WR
2023091003.0,2638.0,44849.0,52493.0,100.0,0.169646691685986,3.752612423365888,9.246626710482678,10.0,100.0,3.752612423365888,0.16666666666666663,0.660706616628028,1.0,0.9246626710482678,1.0,0.2857142857142857,0.0,DB,WR,WR,WR,0.8718347397523295,0.19047619047619047,WR
2023091003.0,2798.0,53703.0,44926.0,600.0,0.1380826115446606,8.719524069580853,3.201264620372968,10.0,0.0,8.719524069580853,0.0,0.7238347769106788,1.0,0.32012646203729683,1.0,1.0,0.0,DB,WR,WR,WR,0.7719702180443522,0.6666666666666666,WR
2023091003.0,2979.0,53703.0,46269.0,200.0,0.24565391540508,9.051259580853928,41.71886878816158,10.0,400.0,9.051259580853928,0.0,0.5086921691898401,1.0,1.0,1.0,0.0,0.0,DB,WR,WR,WR,0.83623072306328,0.0,WR
2023091003.0,3002.0,52442.0,53462.0,100.0,0.1463377492040423,3.9383752995366015,7.261592322652736,10.0,300.0,3.9383752995366015,0.16666666666666663,0.7073245015919154,1.0,0.7261592322652736,1.0,0.0,0.0,DB,WR,WR,WR,0.847673346983693,0.0,WR
2023091003.0,3335.0,54518.0,46456.0,500.0,0.0862303456714623,0.9704638066409408,13.971976682385012,10.0,0.0,0.9704638066409408,0.0,0.8275393086570754,0.6469758710939605,1.0,1.0,1.0,0.22362895468724742,DB,WR,WR,WR,0.8483733351774145,0.7412096515624158,WR
2023091003.0,3409.0,53556.0,54492.0,200.0,0.0699987059921804,4.438130236935369,8.213553445969557,10.0,700.0,4.438130236935369,0.0,0.8600025880156392,1.0,0.8213553445969557,1.0,0.0,0.0,DB,WR,WR,WR,0.9176052649246041,0.0,WR
2023091003.0,3645.0,55944.0,44926.0,400.0,0.1837282248487166,4.973781257755509,25.728671229811766,10.0,0.0,4.973781257755509,0.0,0.6325435503025668,1.0,1.0,1.0,1.0,0.0,DB,WR,WR,WR,0.8775145167675222,0.6666666666666666,WR
2023091003.0,3750.0,44835.0,55137.0,200.0,0.0687725986834169,5.284581345764299,3.801063090973189,10.0,0.0,5.284581345764299,0.0,0.8624548026331662,1.0,0.3801063090973189,1.0,1.0,0.0,DB,WR,WR,WR,0.8301728626971858,0.6666666666666666,WR
2023091003.0,3797.0,46095.0,54980.0,400.0,0.0894392789292525,2.2765983396286664,2.535790055065587,10.0,300.0,2.2765983396286664,0.0,0.821121442141495,1.0,0.2535790055065587,1.0,0.0,0.0,DB,WR,WR,WR,0.7910896151484766,0.0,WR
2023091003.0,3845.0,44849.0,46304.0,400.0,0.2017861904756287,1.2300406497347995,49.51021511900851,10.0,0.0,1.2300406497347995,0.0,0.5964276190487425,0.8200270998231997,1.0,1.0,1.0,0.015967480212160323,DB,WR,WR,WR,0.8174830996357674,0.6719891600707201,WR
2023091003.0,3975.0,53556.0,44926.0,300.0,0.1968788722097438,1.2116517651536665,18.365948243976433,10.0,700.0,1.2116517651536665,0.0,0.6062422555805125,0.8077678434357777,1.0,1.0,0.0,0.030678587877066787,DB,WR,WR,WR,0.8174855101097115,0.010226195959022261,WR
2023091003.0,3998.0,44792.0,44926.0,300.0,0.2007841769519842,6.773573650592429,10.150238344620744,10.0,0.0,6.773573650592429,0.0,0.5984316460960316,1.0,1.0,1.0,1.0,0.0,DB,WR,WR,WR,0.8661438820320104,0.6666666666666666,WR
2023091003.0,4047.0,44849.0,46105.0,600.0,0.3284969656028141,5.299669801034783,1.7762346734190528,10.0,0.0,5.299669801034783,0.0,0.3430060687943718,1.0,0.1776234673419053,1.0,1.0,0.0,DB,WR,WR,WR,0.6165267163998382,0.6666666666666666,DB
2023091003.0,4153.0,53556.0,54492.0,100.0,0.0662018427438688,3.3815528977083886,10.362147974250764,10.0,400.0,3.3815528977083886,0.16666666666666663,0.8675963145122624,1.0,1.0,1.0,0.0,0.0,DB,WR,WR,WR,0.9558654381707541,0.0,WR
2023091003.0,4258.0,52442.0,46456.0,0.0,0.0306785995538946,3.9915160027237664,5.980484878577569,10.0,1000.0,3.9915160027237664,1.0,0.9386428008922107,1.0,0.5980484878577569,1.0,0.0,0.0,DB,WR,WR,WR,0.8991572978689549,0.0,WR
2023091003.0,4283.0,52442.0,54492.0,200.0,0.1572091483090495,4.46950780287941,30.381424722244283,10.0,500.0,4.46950780287941,0.0,0.6855817033819009,1.0,1.0,1.0,0.0,0.0,DB,WR,WR,WR,0.8951939011273002,0.0,WR
2023091003.0,4308.0,52442.0,46456.0,300.0,0.0455056066207024,3.72388238267537,9.646255477402333,10.0,600.0,3.72388238267537,0.0,0.9089887867585952,1.0,0.9646255477402332,1.0,0.0,0.0,DB,WR,WR,WR,0.9625880384675782,0.0,WR
2023091003.0,4333.0,53556.0,46456.0,100.0,0.1964089371394165,7.147062333574537,5.520065935168401,10.0,0.0,7.147062333574537,0.16666666666666663,0.6071821257211669,1.0,0.5520065935168401,1.0,1.0,0.0,DB,WR,WR,WR,0.7794620272770902,0.6666666666666666,WR
2023091003.0,4363.0,54518.0,46456.0,200.0,0.1156060634428917,1.9617339269126148,6.904330153253014,10.0,200.0,1.9617339269126148,0.0,0.7687878731142166,1.0,0.6904330153253013,1.0,0.0,0.0,DB,WR,WR,WR,0.8610158941031324,0.0,WR
2023091003.0,4416.0,52442.0,46269.0,0.0,0.2094421161084848,5.326922188280957,1.1877850110587005,10.0,0.0,5.326922188280957,1.0,0.5811157677830304,1.0,0.11877850110587004,1.0,1.0,0.0,DB,WR,WR,WR,0.6841276228155174,0.6666666666666666,WR
2023091003.0,4494.0,55944.0,53494.0,300.0,0.1882495909603313,0.8962700485902724,31.796419681475456,10.0,900.0,0.8962700485902724,0.0,0.6235008180793373,0.5975133657268482,1.0,1.0,0.0,0.2829839611277821,DB,WR,WR,WR,0.7671705035536052,0.09432798704259404,WR
2023091003.0,4551.0,52442.0,46269.0,200.0,0.1464042369718795,0.310644491340182,8.029362897341013,10.0,500.0,0.310644491340182,0.0,0.707191526056241,0.20709632756012133,0.8029362897341012,1.0,0.0,0.7514844069278543,DB,WR,WR,WR,0.6515434539815995,0.2504948023092848,WR
2023091004.0,124.0,52430.0,46132.0,700.0,0.178303975537024,0.8273451516749224,8.735603830752511,10.0,900.0,0.8273451516749224,0.0,0.6433920489259519,0.5515634344499483,0.8735603830752512,1.0,0.0,0.3381238786600621,DB,WR,WR,WR,0.736259675443687,0.11270795955335403,WR
2023091004.0,196.0,54683.0,54583.0,400.0,0.0880958971619801,5.0596936666165835,3.4930864361604517,10.0,800.0,5.0596936666165835,0.0,0.8238082056760399,1.0,0.3493086436160452,1.0,0.0,0.0,DB,WR,WR,WR,0.8111311306152222,0.0,WR
2023091004.0,315.0,52430.0,46132.0,500.0,0.0565685424949233,5.3327103802850555,6.433685719116314,10.0,500.0,5.3327103802850555,0.0,0.8868629150101534,1.0,0.6433685719116313,1.0,0.0,0.0,DB,WR,WR,WR,0.8909613527190439,0.0,WR
2023091004.0,340.0,43971.0,53461.0,500.0,0.1625360892096474,3.332941643653544,76.27695186115955,10.0,100.0,3.332941643653544,0.0,0.6749278215807052,1.0,1.0,1.0,0.2857142857142857,0.0,DB,WR,WR,WR,0.8916426071935684,0.19047619047619047,WR
2023091004.0,365.0,52430.0,38588.0,500.0,0.0436367582052867,1.7126879458909043,1.417602286874026,10.0,800.0,1.7126879458909043,0.0,0.9127264835894267,1.0,0.1417602286874026,1.0,0.0,0.0,DB,WR,WR,WR,0.7992608736006227,0.0,WR
2023091004.0,390.0,43971.0,38588.0,300.0,0.2187671463622572,6.424484415110679,1.2407440401007843,10.0,0.0,6.424484415110679,0.0,0.5624657072754856,1.0,0.12407440401007844,1.0,1.0,0.0,DB,WR,WR,WR,0.6789701165605109,0.6666666666666666,WR
2023091004.0,413.0,47791.0,47890.0,600.0,0.0959403223600247,2.159282288168921,15.446908306128318,10.0,0.0,2.159282288168921,0.0,0.8081193552799506,1.0,1.0,1.0,1.0,0.0,DB,WR,WR,WR,0.9360397850933168,0.6666666666666666,WR
2023091004.0,438.0,47885.0,38588.0,700.0,0.1073667976308858,7.098394184602599,6.019627367624746,10.0,800.0,7.098394184602599,0.0,0.7852664047382284,1.0,0.6019627367624746,1.0,0.0,0.0,DB,WR,WR,WR,0.8488146822652376,0.0,WR
2023091004.0,542.0,44896.0,47816.0,300.0,0.1665656556648421,4.11150823907724,10.850734557076953,10.0,0.0,4.11150823907724,0.0,0.6668686886703158,1.0,1.0,1.0,1.0,0.0,DB,WR,WR,WR,0.8889562295567719,0.6666666666666666,WR
2023091004.0,592.0,54571.0,42427.0,300.0,0.0721925529807771,1.656049516167924,13.922342700724004,10.0,400.0,1.656049516167924,0.0,0.8556148940384458,1.0,1.0,1.0,0.0,0.0,DB,WR,WR,WR,0.9518716313461485,0.0,WR
2023091004.0,695.0,41233.0,47816.0,200.0,0.0798716919783673,3.3005605584506363,7.226005416957267,10.0,400.0,3.3005605584506363,0.0,0.8402566160432654,1.0,0.7226005416957266,1.0,0.0,0.0,DB,WR,WR,WR,0.8912723136869004,0.0,WR
2023091004.0,766.0,47852.0,47788.0,400.0,0.146628258374183,5.995498311233184,69.48855706271452,10.0,300.0,5.995498311233184,0.0,0.7067434832516339,1.0,1.0,1.0,0.0,0.0,DB,WR,WR,WR,0.9022478277505446,0.0,WR
2023091004.0,821.0,54683.0,54531.0,400.0,0.0467009449676297,2.320344801963701,5.979412483972651,10.0,700.0,2.320344801963701,0.0,0.9065981100647406,1.0,0.5979412483972651,1.0,0.0,0.0,DB,WR,WR,WR,0.8884542863676997,0.0,WR
2023091004.0,983.0,55887.0,56540.0,500.0,0.2589982952821588,4.7938815171007345,2.2658029365506573,10.0,1000.0,4.7938815171007345,0.0,0.48200340943568243,1.0,0.22658029365506574,1.0,0.0,0.0,DB,WR,WR,WR,0.6726505285429073,0.0,WR
2023091004.0,1190.0,52430.0,52453.0,500.0,0.116583303550151,3.0820934443978203,9.726647577967194,10.0,0.0,3.0820934443978203,0.0,0.766833392899698,1.0,0.9726647577967193,1.0,1.0,0.0,DB,WR,WR,WR,0.9168107491925765,0.6666666666666666,WR
2023091004.0,1300.0,47791.0,38588.0,0.0,0.1715614564327701,4.403861941523598,2.655189051155776,10.0,0.0,4.403861941523598,1.0,0.6568770871344598,1.0,0.26551890511557763,1.0,1.0,0.0,DB,WR,WR,WR,0.7387294767346021,0.6666666666666666,WR
2023091004.0,1326.0,55887.0,46132.0,400.0,0.0593233009217968,3.2973474187595087,4.745857542955452,10.0,0.0,3.2973474187595087,0.0,0.8813533981564063,1.0,0.4745857542955452,1.0,1.0,0.0,DB,WR,WR,WR,0.8553682835779111,0.6666666666666666,WR
2023091004.0,1540.0,52584.0,47877.0,300.0,0.1974728315576954,2.8689545134072807,9.640077666006675,10.0,800.0,2.8689545134072807,0.0,0.6050543368846092,1.0,0.9640077666006676,1.0,0.0,0.0,DB,WR,WR,WR,0.8611529989483365,0.0,WR
2023091004.0,1594.0,52430.0,52453.0,500.0,0.1271962613007516,7.954929289440602,8.746040799233583,10.0,900.0,7.954929289440602,0.0,0.7456074773984969,1.0,0.8746040799233583,1.0,0.0,0.0,DB,WR,WR,WR,0.8901233084508372,0.0,WR
2023091004.0,1641.0,52430.0,46711.0,400.0,0.2470917508403172,1.8656098198712332,8.767053033066784,10.0,0.0,1.8656098198712332,0.0,0.5058164983193656,1.0,0.8767053033066784,1.0,1.0,0.0,DB,WR,WR,WR,0.8106132267677908,0.6666666666666666,WR
2023091004.0,1676.0,47852.0,47877.0,100.0,0.2233147159629016,4.635698437128968,0.7113836203486901,10.0,0.0,4.635698437128968,0.16666666666666663,0.5533705680741968,1.0,0.07113836203486901,1.0,1.0,0.0,DB,WR,WR,WR,0.6653511950983727,0.6666666666666666,DB
2023091004.0,1701.0,52584.0,52453.0,100.0,0.2610153870139929,0.5762811813689582,8.72270233975766,10.0,800.0,0.5762811813689582,0.16666666666666663,0.4779692259720142,0.38418745424597217,0.872270233975766,1.0,0.0,0.5389750549048334,DB,WR,WR,WR,0.6362271099180837,0.17965835163494448,WR
2023091004.0,1746.0,55887.0,47877.0,300.0,0.162861486043704,1.5780050697003516,10.806176629643756,10.0,600.0,1.5780050697003516,0.0,0.674277027912592,1.0,1.0,1.0,0.0,0.0,DB,WR,WR,WR,0.891425675970864,0.0,WR
2023091004.0,1839.0,56056.0,53554.0,300.0,0.2541877216732987,4.971046167558699,41.13672197289016,10.0,1000.0,4.971046167558699,0.0,0.49162455665340254,1.0,1.0,1.0,0.0,0.0,DB,WR,WR,WR,0.8305415188844675,0.0,WR
2023091004.0,1933.0,47791.0,41915.0,600.0,0.2297408205904004,2.384218949677232,3.5540612984127695,10.0,400.0,2.384218949677232,0.0,0.5405183588191992,1.0,0.35540612984127695,1.0,0.0,0.0,DB,WR,WR,WR,0.7179206789079884,0.0,WR
2023091004.0,1958.0,52584.0,46711.0,300.0,0.0334535466721577,2.022671500763283,49.06607500534602,10.0,0.0,2.022671500763283,0.0,0.9330929066556846,1.0,1.0,1.0,1.0,0.0,DB,WR,WR,WR,0.9776976355518947,0.6666666666666666,WR
2023091004.0,2077.0,44896.0,52613.0,0.0,0.1220655561573368,1.5689486925964131,11.872246218108684,10.0,0.0,1.5689486925964131,1.0,0.7558688876853263,1.0,1.0,1.0,1.0,0.0,DB,WR,WR,WR,0.9186229625617753,0.6666666666666666,WR
2023091004.0,2102.0,41233.0,52613.0,400.0,0.210266388238797,7.9255662258289155,19.29157688691277,10.0,0.0,7.9255662258289155,0.0,0.579467223522406,1.0,1.0,1.0,1.0,0.0,DB,WR,WR,WR,0.8598224078408019,0.6666666666666666,WR
2023091004.0,2154.0,55075.0,52613.0,300.0,0.0805776248296534,1.936853117817665,6.076453353501125,10.0,100.0,1.936853117817665,0.0,0.8388447503406932,1.0,0.6076453353501126,1.0,0.2857142857142857,0.0,DB,WR,WR,WR,0.8678106505169202,0.19047619047619047,WR
2023091004.0,2177.0,41233.0,52613.0,300.0,0.0937889703949347,2.730293024567142,3.4515200552782677,10.0,0.0,2.730293024567142,0.0,0.8124220592101306,1.0,0.34515200552782677,1.0,1.0,0.0,DB,WR,WR,WR,0.8065044208422755,0.6666666666666666,WR
2023091004.0,2234.0,52430.0,38588.0,400.0,0.0914834999834985,5.602901034285718,6.501119726942371,10.0,700.0,5.602901034285718,0.0,0.817033000033003,1.0,0.6501119726942372,1.0,0.0,0.0,DB,WR,WR,WR,0.8690333945498484,0.0,WR
2023091004.0,2257.0,52430.0,46132.0,400.0,0.0112546286774227,6.238493407866998,0.6619672006461139,10.0,500.0,6.238493407866998,0.0,0.9774907426451546,1.0,0.06619672006461139,1.0,0.0,0.0,DB,WR,WR,WR,0.8057362582279738,0.0,WR
2023091004.0,2287.0,47791.0,38588.0,0.0,0.0647228523710724,2.5519600310349677,10.050511613417802,10.0,400.0,2.5519600310349677,1.0,0.8705542952578552,1.0,1.0,1.0,0.0,0.0,DB,WR,WR,WR,0.9568514317526182,0.0,WR
2023091004.0,2312.0,52430.0,46132.0,400.0,0.1311733181479352,2.2737853900489355,9.335533928976108,10.0,500.0,2.2737853900489355,0.0,0.7376533637041296,1.0,0.9335533928976109,1.0,0.0,0.0,DB,WR,WR,WR,0.8992617998142319,0.0,WR
2023091004.0,2344.0,55887.0,38588.0,300.0,0.0319813542168536,4.438839938542501,6.402903333546449,10.0,0.0,4.438839938542501,0.0,0.9360372915662928,1.0,0.6402903333546449,1.0,1.0,0.0,DB,WR,WR,WR,0.9067371638596933,0.6666666666666666,WR
2023091004.0,2369.0,52584.0,56540.0,400.0,0.1441741671596909,3.2348261158832017,11.624422344593986,10.0,600.0,3.2348261158832017,0.0,0.7116516656806182,1.0,1.0,1.0,0.0,0.0,DB,WR,WR,WR,0.903883888560206,0.0,WR
2023091004.0,2505.0,41233.0,55967.0,500.0,0.0804963994826497,6.002132954208862,5.513155369749897,10.0,200.0,6.002132954208862,0.0,0.8390072010347006,1.0,0.5513155369749897,1.0,0.0,0.0,DB,WR,WR,WR,0.8565988410732314,0.0,WR
2023091004.0,2607.0,54571.0,38559.0,300.0,0.2403429187946224,8.04788792168479,16.613293068457068,10.0,0.0,8.04788792168479,0.0,0.5193141624107551,1.0,1.0,1.0,1.0,0.0,DB,WR,WR,WR,0.8397713874702516,0.6666666666666666,WR
2023091004.0,2701.0,41233.0,54583.0,300.0,0.0786283510091469,4.252152396140094,6.707933639311708,10.0,0.0,4.252152396140094,0.0,0.8427432979817062,1.0,0.6707933639311708,1.0,1.0,0.0,DB,WR,WR,WR,0.8817397721134695,0.6666666666666666,WR
2023091004.0,2724.0,55075.0,52613.0,400.0,0.1287896443304835,2.445608308785365,10.064670776507905,10.0,800.0,2.445608308785365,0.0,0.742420711339033,1.0,1.0,1.0,0.0,0.0,DB,WR,WR,WR,0.914140237113011,0.0,WR
2023091004.0,2749.0,54571.0,53554.0,1000.0,0.1134751086560176,4.2097268319927865,26.29462812937496,10.0,800.0,4.2097268319927865,0.0,0.7730497826879648,1.0,1.0,1.0,0.0,0.0,DB,WR,WR,WR,0.9243499275626548,0.0,WR
2023091004.0,2827.0,44896.0,42427.0,400.0,0.2530837477974622,5.280946884792536,4.708940535870636,10.0,300.0,5.280946884792536,0.0,0.49383250440507565,1.0,0.4708940535870636,1.0,0.0,0.0,DB,WR,WR,WR,0.7254563121857712,0.0,WR
2023091004.0,2850.0,56056.0,53519.0,500.0,0.2106049769781943,3.779378255745248,6.808981216433081,10.0,300.0,3.779378255745248,0.0,0.5787900460436114,1.0,0.6808981216433081,1.0,0.0,0.0,DB,WR,WR,WR,0.7957763063431986,0.0,WR
2023091004.0,2936.0,52430.0,46711.0,0.0,0.0865231182979439,6.7962121803251545,5.6223565829351365,10.0,0.0,6.7962121803251545,1.0,0.8269537634041122,1.0,0.5622356582935136,1.0,1.0,0.0,DB,WR,WR,WR,0.8547650527934066,0.6666666666666666,WR
2023091004.0,2961.0,47791.0,46132.0,400.0,0.1337018716256074,5.185595433506161,19.702717574182696,10.0,1200.0,5.185595433506161,0.0,0.7325962567487851,1.0,1.0,1.0,0.0,0.0,DB,WR,WR,WR,0.9108654189162616,0.0,WR
2023091004.0,3030.0,47852.0,47877.0,300.0,0.3050978653593114,8.558931008017298,5.999464910270521,10.0,600.0,8.558931008017298,0.0,0.38980426928137724,1.0,0.5999464910270521,1.0,0.0,0.0,DB,WR,WR,WR,0.7165907212992028,0.0,WR
2023091004.0,3105.0,55887.0,46132.0,300.0,0.1430981310109052,7.1375345883575205,9.321970991012895,10.0,500.0,7.1375345883575205,0.0,0.7138037379781896,1.0,0.9321970991012896,1.0,0.0,0.0,DB,WR,WR,WR,0.8910406658129877,0.0,WR
2023091004.0,3177.0,47791.0,38588.0,600.0,0.1084066084407365,2.148487840319326,19.49842461231127,10.0,400.0,2.148487840319326,0.0,0.783186783118527,1.0,1.0,1.0,0.0,0.0,DB,WR,WR,WR,0.9277289277061755,0.0,WR
2023091004.0,3244.0,47885.0,52453.0,700.0,0.260242394501941,2.6587591090582094,5.472922551932598,10.0,1000.0,2.6587591090582094,0.0,0.47951521099611805,1.0,0.5472922551932597,1.0,0.0,0.0,DB,WR,WR,WR,0.7359635213706912,0.0,WR
2023091004.0,3365.0,47885.0,56540.0,0.0,0.076646831911732,8.329909963498999,2.273575163566654,10.0,800.0,8.329909963498999,1.0,0.846706336176536,1.0,0.2273575163566654,1.0,0.0,0.0,DB,WR,WR,WR,0.7943736153301784,0.0,WR
2023091004.0,3584.0,47791.0,47788.0,500.0,0.2289990823347224,4.526908437333368,3.1531527716757055,10.0,700.0,4.526908437333368,0.0,0.5420018353305551,1.0,0.3153152771675706,1.0,0.0,0.0,DB,WR,WR,WR,0.7103970005436991,0.0,WR
2023091004.0,3616.0,52584.0,56540.0,500.0,0.0584275795432435,4.310452412450462,18.52608787546393,10.0,900.0,4.310452412450462,0.0,0.883144840913513,1.0,1.0,1.0,0.0,0.0,DB,WR,WR,WR,0.9610482803045042,0.0,WR
2023091004.0,3641.0,52584.0,47877.0,500.0,0.1126484775182491,1.417779954717937,26.87219693284572,10.0,0.0,1.417779954717937,0.0,0.7747030449635018,0.9451866364786247,1.0,1.0,1.0,0.0,DB,WR,WR,WR,0.9102841180488004,0.6666666666666666,WR
2023091004.0,3690.0,41233.0,54583.0,800.0,0.0078121323442903,6.767990839237299,2.080130663682919,10.0,1400.0,6.767990839237299,0.0,0.9843757353114194,1.0,0.2080130663682919,1.0,0.0,0.0,DB,WR,WR,WR,0.8363945250441315,0.0,WR
2023091004.0,3849.0,44896.0,47816.0,300.0,0.0419410016457359,3.68517299458248,4.900995093498529,10.0,800.0,3.68517299458248,0.0,0.9161179967085282,1.0,0.4900995093498529,1.0,0.0,0.0,DB,WR,WR,WR,0.8700592341061466,0.0,WR
2023091004.0,3874.0,41233.0,54583.0,400.0,0.1055698820687035,4.72530422301041,5.384742656862422,10.0,900.0,4.72530422301041,0.0,0.788860235862593,1.0,0.5384742656862422,1.0,0.0,0.0,DB,WR,WR,WR,0.8373149317581127,0.0,WR
2023091004.0,3922.0,56056.0,47816.0,300.0,0.1567190051041881,2.820070921094007,9.718969890821114,10.0,400.0,2.820070921094007,0.0,0.6865619897916238,1.0,0.9718969890821114,1.0,0.0,0.0,DB,WR,WR,WR,0.8899000610802967,0.0,WR
2023091004.0,4015.0,52430.0,38588.0,300.0,0.0574769064167674,6.936353508869051,13.247813669857155,10.0,0.0,6.936353508869051,0.0,0.8850461871664652,1.0,1.0,1.0,1.0,0.0,DB,WR,WR,WR,0.9616820623888216,0.6666666666666666,WR
2023091004.0,4040.0,55887.0,46132.0,400.0,0.1340727193397161,5.609456301639223,9.014906648295405,10.0,1000.0,5.609456301639223,0.0,0.7318545613205678,1.0,0.9014906648295404,1.0,0.0,0.0,DB,WR,WR,WR,0.8909163200727639,0.0,WR
2023091004.0,4249.0,44896.0,38559.0,300.0,0.0739914646571165,4.720169488482381,7.178991552736222,10.0,0.0,4.720169488482381,0.0,0.852017070685767,1.0,0.7178991552736222,1.0,1.0,0.0,DB,WR,WR,WR,0.8942521879499801,0.6666666666666666,WR
2023091005.0,159.0,54608.0,53489.0,500.0,0.0559098005460715,1.0889444430272777,8.794150454966465,10.0,700.0,1.0889444430272777,0.0,0.8881803989078569,0.7259629620181851,0.8794150454966465,1.0,0.0,0.12884444557817787,DB,WR,WR,WR,0.8655332652734642,0.042948148526059285,WR
2023091005.0,228.0,55946.0,40017.0,900.0,0.135671951069034,15.751307882204571,27.618839332032028,10.0,400.0,15.751307882204571,0.0,0.728656097861932,1.0,1.0,1.0,0.0,0.0,DB,WR,WR,WR,0.9095520326206439,0.0,WR
2023091005.0,301.0,43336.0,52469.0,300.0,0.125779441230502,1.7109354166653985,3.51320729642181,10.0,500.0,1.7109354166653985,0.0,0.748441117538996,1.0,0.35132072964218103,1.0,0.0,0.0,DB,WR,WR,WR,0.7864111851081015,0.0,WR
2023091005.0,331.0,44947.0,46110.0,100.0,0.2395149083133402,2.9658894112896412,2.387814714386222,10.0,700.0,2.9658894112896412,0.16666666666666663,0.5209701833733196,1.0,0.2387814714386222,1.0,0.0,0.0,DB,WR,WR,WR,0.6880796887454976,0.0,WR
2023091005.0,383.0,43336.0,47822.0,400.0,0.1156436136505221,5.3130029173716835,21.68001921902287,10.0,600.0,5.3130029173716835,0.0,0.7687127726989558,1.0,1.0,1.0,0.0,0.0,DB,WR,WR,WR,0.9229042575663184,0.0,WR
2023091005.0,721.0,39973.0,44823.0,200.0,0.1189052628711679,1.180381294328235,4.910756347592118,10.0,600.0,1.180381294328235,0.0,0.7621894742576643,0.78692086288549,0.4910756347592118,1.0,0.0,0.05569496453741196,DB,WR,WR,WR,0.762123848473861,0.01856498817913732,WR
2023091005.0,768.0,39973.0,44823.0,300.0,0.2139707170197256,3.5435857545712097,21.462145827405493,10.0,400.0,3.5435857545712097,0.0,0.5720585659605488,1.0,1.0,1.0,0.0,0.0,DB,WR,WR,WR,0.8573528553201829,0.0,WR
2023091005.0,793.0,55946.0,53489.0,400.0,0.2197635351827308,2.1085065804972003,8.89454443405099,10.0,1400.0,2.1085065804972003,0.0,0.5604729296345383,1.0,0.889454443405099,1.0,0.0,0.0,DB,WR,WR,WR,0.8313818652258659,0.0,WR
2023091005.0,849.0,53074.0,54514.0,500.0,0.1482759951947318,5.484350462908074,6.054242501930176,10.0,500.0,5.484350462908074,0.0,0.7034480096105364,1.0,0.6054242501930176,1.0,0.0,0.0,DB,WR,WR,WR,0.8222341865754489,0.0,WR
2023091005.0,991.0,52942.0,52469.0,300.0,0.0851804806614417,5.160872019339368,20.62960766684609,10.0,400.0,5.160872019339368,0.0,0.8296390386771166,1.0,1.0,1.0,0.0,0.0,DB,WR,WR,WR,0.9432130128923721,0.0,WR
2023091005.0,1016.0,54476.0,52469.0,300.0,0.1245751400450403,2.238258251408895,3.775775876234541,10.0,700.0,2.238258251408895,0.0,0.7508497199099193,1.0,0.37757758762345406,1.0,0.0,0.0,DB,WR,WR,WR,0.7924654241613305,0.0,WR
2023091005.0,1065.0,53074.0,44823.0,400.0,0.1645956800518709,0.6873136110975843,27.873125737124937,10.0,700.0,0.6873136110975843,0.0,0.6708086398962583,0.4582090740650562,1.0,1.0,0.0,0.45014911112193257,DB,WR,WR,WR,0.7457919663827677,0.15004970370731086,WR
2023091005.0,1217.0,54476.0,46110.0,0.0,0.2013864984032702,2.4242524621004344,21.61448617808024,10.0,500.0,2.4242524621004344,1.0,0.5972270031934597,1.0,1.0,1.0,0.0,0.0,DB,WR,WR,WR,0.8657423343978198,0.0,WR
2023091005.0,1289.0,52942.0,48268.0,500.0,0.2597441494488481,6.944674218420897,8.432269140388073,10.0,700.0,6.944674218420897,0.0,0.4805117011023038,1.0,0.8432269140388072,1.0,0.0,0.0,DB,WR,WR,WR,0.7954826165085294,0.0,WR
2023091005.0,1394.0,53074.0,54514.0,400.0,0.0882644712390942,2.109241569853959,93.61496039783964,10.0,0.0,2.109241569853959,0.0,0.8234710575218116,1.0,1.0,1.0,1.0,0.0,DB,WR,WR,WR,0.9411570191739371,0.6666666666666666,WR
2023091005.0,1721.0,39973.0,44823.0,200.0,0.1131838691479229,0.7340980860893186,6.288945709941753,10.0,900.0,0.7340980860893186,0.0,0.7736322617041542,0.4893987240595457,0.6288945709941753,1.0,0.0,0.41272153112854515,DB,WR,WR,WR,0.7141626611827653,0.13757384370951503,WR
2023091005.0,1766.0,39973.0,44851.0,500.0,0.1951157572574769,1.6277899127344408,0.7919591436143588,10.0,700.0,1.6277899127344408,0.0,0.6097684854850463,1.0,0.07919591436143589,1.0,0.0,0.0,DB,WR,WR,WR,0.6857620113673026,0.0,WR
2023091005.0,2166.0,55133.0,54500.0,100.0,0.1662235050261796,2.773157045679167,19.407207625751184,10.0,400.0,2.773157045679167,0.16666666666666663,0.6675529899476408,1.0,1.0,1.0,0.0,0.0,DB,WR,WR,WR,0.8891843299825468,0.0,WR
2023091005.0,2251.0,43336.0,54500.0,200.0,0.1091299991988739,3.0313363389765917,16.392868681721854,10.0,500.0,3.0313363389765917,0.0,0.7817400016022522,1.0,1.0,1.0,0.0,0.0,DB,WR,WR,WR,0.9272466672007507,0.0,WR
2023091005.0,2283.0,52942.0,47899.0,0.0,0.1063006060216957,1.722353041626478,10.853174763276302,10.0,300.0,1.722353041626478,1.0,0.7873987879566086,1.0,1.0,1.0,0.0,0.0,DB,WR,WR,WR,0.9291329293188695,0.0,WR
2023091005.0,2366.0,39973.0,40017.0,300.0,0.0623557158095199,4.648548160447514,14.069776788900263,10.0,600.0,4.648548160447514,0.0,0.8752885683809601,1.0,1.0,1.0,0.0,0.0,DB,WR,WR,WR,0.9584295227936532,0.0,WR
2023091005.0,2440.0,43396.0,46168.0,300.0,0.1502986343490167,1.3577186748365808,9.70075755941067,10.0,600.0,1.3577186748365808,0.0,0.6994027313019666,0.9051457832243872,0.970075755941067,1.0,0.0,0.0,DB,WR,WR,WR,0.8685216038153721,0.0,WR
2023091005.0,2518.0,54476.0,47899.0,300.0,0.1820499716896222,3.7027692339653018,2.2217238350500765,10.0,800.0,3.7027692339653018,0.0,0.6359000566207555,1.0,0.22217238350500765,1.0,0.0,0.0,DB,WR,WR,WR,0.72306782890792,0.0,WR
2023091005.0,2670.0,54483.0,53505.0,400.0,0.166677203967971,1.2270289320142371,13.527352259136524,10.0,400.0,1.2270289320142371,0.0,0.6666455920640579,0.8180192880094914,1.0,1.0,0.0,0.018376854388610253,DB,WR,WR,WR,0.840353674157217,0.0061256181295367505,WR
2023091005.0,2720.0,54483.0,53489.0,300.0,0.0938599307994983,3.608670115153223,12.404397656024075,10.0,800.0,3.608670115153223,0.0,0.8122801384010034,1.0,1.0,1.0,0.0,0.0,DB,WR,WR,WR,0.9374267128003344,0.0,WR
2023091005.0,2834.0,43336.0,48268.0,100.0,0.1525475671189749,3.5643933565194477,19.16307803195545,10.0,900.0,3.5643933565194477,0.16666666666666663,0.6949048657620502,1.0,1.0,1.0,0.0,0.0,DB,WR,WR,WR,0.8983016219206833,0.0,WR
2023091005.0,2964.0,52942.0,47899.0,100.0,0.161942466076198,2.5667489164310533,12.009467853223615,10.0,500.0,2.5667489164310533,0.16666666666666663,0.676115067847604,1.0,1.0,1.0,0.0,0.0,DB,WR,WR,WR,0.8920383559492012,0.0,WR
2023091005.0,3042.0,39973.0,54514.0,300.0,0.1537065850434335,4.761144820313702,25.10839255343532,10.0,300.0,4.761144820313702,0.0,0.692586829913133,1.0,1.0,1.0,0.0,0.0,DB,WR,WR,WR,0.8975289433043776,0.0,WR
2023091005.0,3067.0,39973.0,53505.0,200.0,0.1134857009891745,0.9924716620639602,8.823227970601359,10.0,500.0,0.9924716620639602,0.0,0.773028598021651,0.6616477747093068,0.8823227970601358,1.0,0.0,0.20602267034883182,DB,WR,WR,WR,0.8105801653417259,0.0686742234496106,WR
2023091005.0,3128.0,54476.0,53529.0,200.0,0.1351602776469289,2.1609257275528932,26.494769778970124,10.0,700.0,2.1609257275528932,0.0,0.7296794447061422,1.0,1.0,1.0,0.0,0.0,DB,WR,WR,WR,0.9098931482353807,0.0,WR
2023091005.0,3208.0,55133.0,47822.0,0.0,0.1022448042689697,1.827265716856747,2.2440229404844763,10.0,0.0,1.827265716856747,1.0,0.7955103914620606,1.0,0.22440229404844764,1.0,1.0,0.0,DB,WR,WR,WR,0.7767172559637096,0.6666666666666666,WR
2023091005.0,3358.0,39973.0,53505.0,300.0,0.1480587022445654,2.1652944372532756,16.164437263668685,10.0,1000.0,2.1652944372532756,0.0,0.7038825955108692,1.0,1.0,1.0,0.0,0.0,DB,WR,WR,WR,0.9012941985036229,0.0,WR
2023091005.0,3383.0,39973.0,54514.0,0.0,0.0997719173107891,1.9730686759461773,7.13804954213169,10.0,0.0,1.9730686759461773,1.0,0.8004561653784218,1.0,0.713804954213169,1.0,1.0,0.0,DB,WR,WR,WR,0.8762463793021077,0.6666666666666666,WR
2023091005.0,3413.0,54608.0,38607.0,400.0,0.1123138025529471,6.117098985630357,5.6275129383582945,10.0,500.0,6.117098985630357,0.0,0.7753723948941058,1.0,0.5627512938358294,1.0,0.0,0.0,DB,WR,WR,WR,0.8376743903985344,0.0,WR
2023091005.0,3436.0,53074.0,54514.0,400.0,0.1458190778437563,3.3920200471105684,19.562839139088748,10.0,0.0,3.3920200471105684,0.0,0.7083618443124874,1.0,1.0,1.0,1.0,0.0,DB,WR,WR,WR,0.9027872814374958,0.6666666666666666,WR
2023091005.0,3483.0,39973.0,54514.0,300.0,0.312599457857226,1.4424978336205512,9.208959613316722,10.0,800.0,1.4424978336205512,0.0,0.37480108428554804,0.9616652224137008,0.9208959613316722,1.0,0.0,0.0,DB,WR,WR,WR,0.7655569463385039,0.0,WR
2023091005.0,3578.0,55946.0,40017.0,300.0,0.2261164632899609,4.985619319603131,4.287893343750093,10.0,0.0,4.985619319603131,0.0,0.5477670734200781,1.0,0.42878933437500927,1.0,1.0,0.0,DB,WR,WR,WR,0.7350135580150279,0.6666666666666666,WR
2023091005.0,3603.0,39973.0,47915.0,300.0,0.1531255394440768,1.093846424321072,8.308149901502919,10.0,600.0,1.093846424321072,0.0,0.6937489211118464,0.7292309495473813,0.8308149901502919,1.0,0.0,0.1249228605431425,DB,WR,WR,WR,0.7918742249466422,0.04164095351438083,WR
2023091005.0,3698.0,54476.0,47822.0,100.0,0.1475269823670091,4.110960958218892,18.90914785483606,10.0,0.0,4.110960958218892,0.16666666666666663,0.7049460352659818,1.0,1.0,1.0,1.0,0.0,DB,WR,WR,WR,0.9016486784219938,0.6666666666666666,WR
2023091005.0,3774.0,54476.0,54500.0,200.0,0.2539231670996484,3.627891949879435,21.363603294098493,10.0,800.0,3.627891949879435,0.0,0.4921536658007032,1.0,1.0,1.0,0.0,0.0,DB,WR,WR,WR,0.8307178886002343,0.0,WR
2023091005.0,3875.0,54476.0,47899.0,100.0,0.0845223852801458,6.240288454871292,1.874409922566106,10.0,600.0,6.240288454871292,0.16666666666666663,0.8309552294397085,1.0,0.1874409922566106,1.0,0.0,0.0,DB,WR,WR,WR,0.7811399415978916,0.0,WR
2023091005.0,3984.0,53074.0,44851.0,500.0,0.2289795135968692,4.436800649116439,4.050015002900064,10.0,700.0,4.436800649116439,0.0,0.5420409728062616,1.0,0.4050015002900064,1.0,0.0,0.0,DB,WR,WR,WR,0.7283472909934218,0.0,WR
2023091005.0,4036.0,53074.0,54514.0,400.0,0.1356805458653369,2.410186714758836,11.528026234465598,10.0,800.0,2.410186714758836,0.0,0.7286389082693262,1.0,1.0,1.0,0.0,0.0,DB,WR,WR,WR,0.909546302756442,0.0,WR
2023091005.0,4124.0,53074.0,44823.0,300.0,0.1844337557950818,3.0934285186504664,10.48504646225988,10.0,400.0,3.0934285186504664,0.0,0.6311324884098364,1.0,1.0,1.0,0.0,0.0,DB,WR,WR,WR,0.8770441628032787,0.0,WR
2023091005.0,4147.0,39973.0,38607.0,400.0,0.1614652316166581,4.168117080889163,12.147134807709593,10.0,800.0,4.168117080889163,0.0,0.6770695367666838,1.0,1.0,1.0,0.0,0.0,DB,WR,WR,WR,0.8923565122555612,0.0,WR
2023091005.0,4270.0,43336.0,47822.0,200.0,0.2735370306238392,2.241985726984008,4.3065385456162995,10.0,600.0,2.241985726984008,0.0,0.45292593875232157,1.0,0.43065385456162997,1.0,0.0,0.0,DB,WR,WR,WR,0.7037727504964332,0.0,WR
2023091006.0,55.0,54517.0,46139.0,200.0,0.1145753604729797,5.600401771301769,12.230462177280073,10.0,0.0,5.600401771301769,0.0,0.7708492790540407,1.0,1.0,1.0,1.0,0.0,DB,WR,WR,WR,0.9236164263513468,0.6666666666666666,WR
2023091006.0,144.0,47819.0,43503.0,300.0,0.0653379493024352,5.193120449209705,4.281635263074576,10.0,800.0,5.193120449209705,0.0,0.8693241013951296,1.0,0.4281635263074576,1.0,0.0,0.0,DB,WR,WR,WR,0.8420740723932013,0.0,WR
2023091006.0,213.0,44959.0,43503.0,0.0,0.0308380956333639,3.3459378356448854,7.707755983301928,10.0,0.0,3.3459378356448854,1.0,0.9383238087332721,1.0,0.7707755983301927,1.0,1.0,0.0,DB,WR,WR,WR,0.9335963892437958,0.6666666666666666,WR
2023091006.0,282.0,52433.0,37078.0,200.0,0.2887778404397265,4.128655955634954,20.778023200940225,10.0,600.0,4.128655955634954,0.0,0.42244431912054703,1.0,1.0,1.0,0.0,0.0,DB,WR,WR,WR,0.8074814397068489,0.0,WR
2023091006.0,431.0,47849.0,46757.0,400.0,0.2011260634642725,1.1597413504743186,7.473334356499212,10.0,500.0,1.1597413504743186,0.0,0.5977478730714549,0.7731609003162124,0.7473334356499212,1.0,0.0,0.07220691962054515,DB,WR,WR,WR,0.7548922182381258,0.024068973206848383,WR
2023091006.0,492.0,52433.0,42467.0,300.0,0.0465730353213918,4.069508569839852,4.991991099098873,10.0,900.0,4.069508569839852,0.0,0.9068539293572164,1.0,0.49919910990988725,1.0,0.0,0.0,DB,WR,WR,WR,0.8687911317677162,0.0,WR
2023091006.0,550.0,44959.0,47956.0,400.0,0.0577107123140015,3.428031505106101,12.508106157577028,10.0,0.0,3.428031505106101,0.0,0.884578575371997,1.0,1.0,1.0,1.0,0.0,DB,WR,WR,WR,0.9615261917906656,0.6666666666666666,WR
2023091006.0,575.0,52625.0,37078.0,300.0,0.1147225148401808,1.004241006930107,9.975742879097952,10.0,500.0,1.004241006930107,0.0,0.7705549703196384,0.6694940046200714,0.9975742879097952,1.0,0.0,0.19660719445591435,DB,WR,WR,WR,0.8348982489205241,0.06553573148530478,WR
2023091006.0,598.0,44959.0,43306.0,400.0,0.1651548163400751,5.190183041088243,3.939249457312707,10.0,0.0,5.190183041088243,0.0,0.6696903673198498,1.0,0.3939249457312707,1.0,1.0,0.0,DB,WR,WR,WR,0.7686817782528707,0.6666666666666666,WR
2023091006.0,775.0,41290.0,53601.0,0.0,0.289748918002934,4.205258612737152,1.8266382333751527,10.0,0.0,4.205258612737152,1.0,0.420502163994132,1.0,0.18266382333751527,1.0,1.0,0.0,DB,WR,WR,WR,0.6433668193322137,0.6666666666666666,DB
2023091006.0,822.0,47849.0,46757.0,600.0,0.081082576651542,2.8246238687655385,7.344783833486074,10.0,1000.0,2.8246238687655385,0.0,0.837834846696916,1.0,0.7344783833486075,1.0,0.0,0.0,DB,WR,WR,WR,0.8928406255686935,0.0,WR
2023091006.0,899.0,44820.0,44842.0,600.0,0.1027180030096597,11.61210144633606,1.3655316921229288,10.0,1100.0,11.61210144633606,0.0,0.7945639939806806,1.0,0.13655316921229288,1.0,0.0,0.0,DB,WR,WR,WR,0.758831965169352,0.0,WR
2023091006.0,960.0,44959.0,37078.0,300.0,0.0926801510012281,1.4578408692309266,12.884245096597503,10.0,0.0,1.4578408692309266,0.0,0.8146396979975438,0.9718939128206178,1.0,1.0,1.0,0.0,DB,WR,WR,WR,0.9307182760846793,0.6666666666666666,WR
2023091006.0,1027.0,52433.0,46080.0,400.0,0.1019429665109497,1.7722866585290344,9.71369959035074,10.0,0.0,1.7722866585290344,0.0,0.7961140669781006,1.0,0.9713699590350741,1.0,1.0,0.0,DB,WR,WR,WR,0.9263120141330482,0.6666666666666666,WR
2023091006.0,1096.0,47819.0,47956.0,200.0,0.0895865342919169,3.9642653796132263,8.931445051715654,10.0,300.0,3.9642653796132263,0.0,0.8208269314161662,1.0,0.8931445051715654,1.0,0.0,0.0,DB,WR,WR,WR,0.9189045448397017,0.0,WR
2023091006.0,1143.0,52433.0,37078.0,400.0,0.1130094962605323,1.256423495482314,6.556457872556976,10.0,800.0,1.256423495482314,0.0,0.7739810074789354,0.8376156636548759,0.6556457872556976,1.0,0.0,0.0,DB,WR,WR,WR,0.8124870035854181,0.0,WR
2023091006.0,1207.0,54905.0,53609.0,400.0,0.1386344386354184,6.653495322009327,26.115726671469815,10.0,200.0,6.653495322009327,0.0,0.7227311227291632,1.0,1.0,1.0,0.0,0.0,DB,WR,WR,WR,0.907577040909721,0.0,WR
2023091006.0,1446.0,52433.0,37078.0,300.0,0.2073506567913274,4.047715405015526,17.636071081221655,10.0,700.0,4.047715405015526,0.0,0.5852986864173453,1.0,1.0,1.0,0.0,0.0,DB,WR,WR,WR,0.8617662288057817,0.0,WR
2023091006.0,1717.0,53484.0,53601.0,100.0,0.085438977291279,3.428425294504754,12.128025251763551,10.0,400.0,3.428425294504754,0.16666666666666663,0.8291220454174419,1.0,1.0,1.0,0.0,0.0,DB,WR,WR,WR,0.9430406818058139,0.0,WR
2023091006.0,1828.0,44820.0,42467.0,200.0,0.1229152467952486,5.19424681739326,16.38225727876171,10.0,0.0,5.19424681739326,0.0,0.7541695064095029,1.0,1.0,1.0,1.0,0.0,DB,WR,WR,WR,0.9180565021365008,0.6666666666666666,WR
2023091006.0,1974.0,47819.0,46698.0,300.0,0.1363725048794026,2.786772326545534,6.276693197684549,10.0,700.0,2.786772326545534,0.0,0.7272549902411948,1.0,0.6276693197684549,1.0,0.0,0.0,DB,WR,WR,WR,0.8346188607007559,0.0,WR
2023091006.0,1999.0,44959.0,47956.0,400.0,0.1497600708391058,7.026592346223027,29.08347312839181,10.0,0.0,7.026592346223027,0.0,0.7004798583217884,1.0,1.0,1.0,1.0,0.0,DB,WR,WR,WR,0.9001599527739294,0.6666666666666666,WR
2023091006.0,2156.0,54517.0,47931.0,500.0,0.1341483860271311,5.095144747698538,5.5440810351500645,10.0,0.0,5.095144747698538,0.0,0.7317032279457378,1.0,0.5544081035150065,1.0,1.0,0.0,DB,WR,WR,WR,0.8214493633515805,0.6666666666666666,WR
2023091006.0,2188.0,54517.0,46757.0,400.0,0.0241468172451108,3.854166576576576,2.059917185420135,10.0,0.0,3.854166576576576,0.0,0.9517063655097784,1.0,0.20599171854201348,1.0,1.0,0.0,DB,WR,WR,WR,0.8251004655449954,0.6666666666666666,WR
2023091006.0,2274.0,41290.0,53601.0,200.0,0.0765885530063918,3.458916015170069,28.369053014551344,10.0,1000.0,3.458916015170069,0.0,0.8468228939872164,1.0,1.0,1.0,0.0,0.0,DB,WR,WR,WR,0.9489409646624054,0.0,WR
2023091006.0,2299.0,47849.0,53531.0,300.0,0.0204287379280595,5.455098532565659,0.958692381448118,10.0,300.0,5.455098532565659,0.0,0.959142524143881,1.0,0.0958692381448118,1.0,0.0,0.0,DB,WR,WR,WR,0.805554689010256,0.0,WR
2023091006.0,2324.0,47849.0,53601.0,100.0,0.1899022007502872,3.705199049983685,23.596814012701852,10.0,800.0,3.705199049983685,0.16666666666666663,0.6201955984994256,1.0,1.0,1.0,0.0,0.0,DB,WR,WR,WR,0.8733985328331418,0.0,WR
2023091006.0,2380.0,47849.0,47931.0,300.0,0.1208861046290998,1.130530848760882,8.234733519344623,10.0,0.0,1.130530848760882,0.0,0.7582277907418005,0.7536872325072547,0.8234733519344622,1.0,1.0,0.0955753209912944,DB,WR,WR,WR,0.8184205293027604,0.6985251069970981,WR
2023091006.0,2415.0,52532.0,53531.0,0.0,0.0699523647443981,9.631287556708086,6.393987440506407,10.0,800.0,9.631287556708086,1.0,0.8600952705112038,1.0,0.6393987440506408,1.0,0.0,0.0,DB,WR,WR,WR,0.8812448389805294,0.0,WR
2023091006.0,2470.0,54517.0,53531.0,200.0,0.18641977720546,2.6337046151761205,14.080996551772213,10.0,200.0,2.6337046151761205,0.0,0.62716044558908,1.0,1.0,1.0,0.0,0.0,DB,WR,WR,WR,0.8757201485296933,0.0,WR
2023091006.0,2529.0,53484.0,47931.0,400.0,0.1119339560915979,1.2149485585818,12.945730829365774,10.0,0.0,1.2149485585818,0.0,0.7761320878168042,0.8099657057212001,1.0,1.0,1.0,0.028041153134559904,DB,WR,WR,WR,0.8747015507979213,0.67601371771152,WR
2023091006.0,2657.0,47819.0,42467.0,400.0,0.290030424367554,3.606008874087801,5.166445492005797,10.0,0.0,3.606008874087801,0.0,0.419939151264892,1.0,0.5166445492005798,1.0,1.0,0.0,DB,WR,WR,WR,0.7099752935950798,0.6666666666666666,WR
2023091006.0,2736.0,47849.0,46757.0,300.0,0.0200356824547746,5.933295880031605,8.645470434388374,10.0,500.0,5.933295880031605,0.0,0.9599286350904508,1.0,0.8645470434388374,1.0,0.0,0.0,DB,WR,WR,WR,0.9595522870512511,0.0,WR
2023091006.0,2861.0,52433.0,52510.0,300.0,0.1361288144775164,4.8741050460571635,11.934771395640398,10.0,200.0,4.8741050460571635,0.0,0.7277423710449672,1.0,1.0,1.0,0.0,0.0,DB,WR,WR,WR,0.909247457014989,0.0,WR
2023091006.0,2930.0,52433.0,44962.0,200.0,0.2509203747860237,6.519999999999996,3.286859257861809,10.0,0.0,6.519999999999996,0.0,0.4981592504279526,1.0,0.3286859257861809,1.0,1.0,0.0,DB,WR,WR,WR,0.698456935299887,0.6666666666666666,WR
2023091006.0,3078.0,54603.0,46127.0,400.0,0.2690716232930156,4.828426244647426,12.453763977147394,10.0,800.0,4.828426244647426,0.0,0.4618567534139688,1.0,1.0,1.0,0.0,0.0,DB,WR,WR,WR,0.8206189178046562,0.0,WR
2023091006.0,3137.0,41290.0,47931.0,300.0,0.2610569138151914,5.492412948786718,2.4576515944293456,10.0,300.0,5.492412948786718,0.0,0.47788617236961717,1.0,0.24576515944293456,1.0,0.0,0.0,DB,WR,WR,WR,0.6751150893451259,0.0,WR
2023091006.0,3295.0,54673.0,47931.0,200.0,0.1530901007490961,2.814480413859717,11.565443615865345,10.0,900.0,2.814480413859717,0.0,0.6938197985018077,1.0,1.0,1.0,0.0,0.0,DB,WR,WR,WR,0.8979399328339358,0.0,WR
2023091006.0,3447.0,54905.0,47931.0,600.0,0.170661141520925,10.257899395100342,5.544733836231522,10.0,500.0,10.257899395100342,0.0,0.6586777169581499,1.0,0.5544733836231522,1.0,0.0,0.0,DB,WR,WR,WR,0.7971205823773471,0.0,WR
2023091006.0,3472.0,53484.0,46139.0,300.0,0.0980725936142897,0.4802082881417189,6.242978180767886,10.0,800.0,0.4802082881417189,0.0,0.8038548127714206,0.32013885876114595,0.6242978180767886,1.0,0.0,0.6158333694866249,DB,WR,WR,WR,0.6781815302088035,0.20527778982887496,WR
2023091006.0,3596.0,52433.0,46698.0,300.0,0.0856687249513067,2.9923402212983756,4.612417251057314,10.0,300.0,2.9923402212983756,0.0,0.8286625500973865,1.0,0.4612417251057314,1.0,0.0,0.0,DB,WR,WR,WR,0.8351358617202751,0.0,WR
2023091006.0,3680.0,44820.0,44962.0,100.0,0.1093200676590646,1.404635183953475,13.69135816534794,10.0,0.0,1.404635183953475,0.16666666666666663,0.7813598646818708,0.9364234559689834,1.0,1.0,1.0,0.0,DB,WR,WR,WR,0.9101662098190191,0.6666666666666666,WR
2023091006.0,3722.0,54603.0,46757.0,400.0,0.0096427411113407,7.036831673416668,1.0937379746347506,10.0,200.0,7.036831673416668,0.0,0.9807145177773186,1.0,0.10937379746347506,1.0,0.0,0.0,DB,WR,WR,WR,0.8154462654184679,0.0,WR
2023091006.0,3754.0,41290.0,46127.0,300.0,0.1025649545043195,4.77782377238843,26.48571106966667,10.0,800.0,4.77782377238843,0.0,0.794870090991361,1.0,1.0,1.0,0.0,0.0,DB,WR,WR,WR,0.931623363663787,0.0,WR
2023091006.0,3779.0,54603.0,53601.0,200.0,0.0435301251419266,5.300339611760752,4.366295333730854,10.0,0.0,5.300339611760752,0.0,0.9129397497161468,1.0,0.43662953337308535,1.0,1.0,0.0,DB,WR,WR,WR,0.8583058232466658,0.6666666666666666,WR
2023091006.0,3804.0,53453.0,47931.0,400.0,0.1303453718640848,5.312212345153394,15.487185627586465,10.0,0.0,5.312212345153394,0.0,0.7393092562718304,1.0,1.0,1.0,1.0,0.0,DB,WR,WR,WR,0.9131030854239434,0.6666666666666666,WR
2023091006.0,3829.0,54673.0,46139.0,200.0,0.2726202643066694,2.4439312592624223,8.11600814054562,10.0,0.0,2.4439312592624223,0.0,0.4547594713866612,1.0,0.8116008140545621,1.0,1.0,0.0,DB,WR,WR,WR,0.7805733199397994,0.6666666666666666,WR
2023091006.0,3881.0,54673.0,46139.0,300.0,0.1375813542318073,0.9487360012142504,9.64894199170957,10.0,1100.0,0.9487360012142504,0.0,0.7248372915363854,0.6324906674761669,0.964894199170957,1.0,0.0,0.2410111990285997,DB,WR,WR,WR,0.8032554483399643,0.08033706634286655,WR
2023091006.0,4079.0,47819.0,46652.0,300.0,0.1511611974097162,2.922823976910009,15.781413022735636,10.0,600.0,2.922823976910009,0.0,0.6976776051805675,1.0,1.0,1.0,0.0,0.0,DB,WR,WR,WR,0.8992258683935225,0.0,WR
2023091006.0,4163.0,54905.0,47931.0,300.0,0.2276397288564677,3.257299494980461,2.5427004139509486,10.0,200.0,3.257299494980461,0.0,0.5447205422870647,1.0,0.25427004139509485,1.0,0.0,0.0,DB,WR,WR,WR,0.6990941890413739,0.0,WR
2023091006.0,4186.0,54517.0,53601.0,600.0,0.1305142846382097,5.267200394896712,30.755743076572543,10.0,500.0,5.267200394896712,0.0,0.7389714307235806,1.0,1.0,1.0,0.0,0.0,DB,WR,WR,WR,0.9129904769078601,0.0,WR
2023091006.0,4211.0,54517.0,47931.0,600.0,0.1958637674114726,3.7997105152892874,7.594093405516323,10.0,200.0,3.7997105152892874,0.0,0.6082724651770548,1.0,0.7594093405516322,1.0,0.0,0.0,DB,WR,WR,WR,0.8213060231693446,0.0,WR
2023091006.0,4270.0,54905.0,46139.0,700.0,0.1417292471128647,6.215223246191564,11.834204994655783,10.0,1000.0,6.215223246191564,0.0,0.7165415057742706,1.0,1.0,1.0,0.0,0.0,DB,WR,WR,WR,0.90551383525809,0.0,WR
2023091006.0,4340.0,41290.0,46139.0,300.0,0.1242296480896604,2.4289298054904807,20.719800363116427,10.0,600.0,2.4289298054904807,0.0,0.7515407038206792,1.0,1.0,1.0,0.0,0.0,DB,WR,WR,WR,0.9171802346068929,0.0,WR
2023091006.0,4395.0,41290.0,47931.0,400.0,0.2252378053647238,6.38279719245411,5.726384497688725,10.0,1000.0,6.38279719245411,0.0,0.5495243892705524,1.0,0.5726384497688726,1.0,0.0,0.0,DB,WR,WR,WR,0.7643691530439586,0.0,WR
2023091006.0,4420.0,54603.0,53601.0,400.0,0.096795983210004,3.34073345240233,22.515774604007177,10.0,500.0,3.34073345240233,0.0,0.806408033579992,1.0,1.0,1.0,0.0,0.0,DB,WR,WR,WR,0.935469344526664,0.0,WR
2023091007.0,77.0,54481.0,56045.0,200.0,0.0618792987924687,3.2512151574449835,21.472753819124883,10.0,400.0,3.2512151574449835,0.0,0.8762414024150627,1.0,1.0,1.0,0.0,0.0,DB,WR,WR,WR,0.9587471341383541,0.0,WR
2023091007.0,124.0,41349.0,56045.0,0.0,0.2289588474948147,4.651075144523038,19.115327495668083,10.0,0.0,4.651075144523038,1.0,0.5420823050103706,1.0,1.0,1.0,1.0,0.0,DB,WR,WR,WR,0.8473607683367901,0.6666666666666666,WR
2023091007.0,147.0,54481.0,56045.0,100.0,0.18687613137571,2.240089283934911,45.06586960073429,10.0,200.0,2.240089283934911,0.16666666666666663,0.62624773724858,1.0,1.0,1.0,0.0,0.0,DB,WR,WR,WR,0.8754159124161932,0.0,WR
2023091007.0,197.0,41349.0,52535.0,200.0,0.0998021758695689,2.885220962075522,24.090999690519,10.0,700.0,2.885220962075522,0.0,0.8003956482608622,1.0,1.0,1.0,0.0,0.0,DB,WR,WR,WR,0.9334652160869539,0.0,WR
2023091007.0,332.0,39983.0,52624.0,0.0,0.1965778653431183,2.684660127464933,26.428961370547583,10.0,0.0,2.684660127464933,1.0,0.6068442693137635,1.0,1.0,1.0,1.0,0.0,DB,WR,WR,WR,0.8689480897712544,0.6666666666666666,WR
2023091007.0,357.0,45102.0,53592.0,200.0,0.2208642116776731,5.32437789793324,6.780507950886579,10.0,400.0,5.32437789793324,0.0,0.5582715766446538,1.0,0.678050795088658,1.0,0.0,0.0,DB,WR,WR,WR,0.7883673512326161,0.0,WR
2023091007.0,580.0,54481.0,49410.0,400.0,0.2415880003327191,4.587373976470635,6.797738333464785,10.0,0.0,4.587373976470635,0.0,0.5168239993345618,1.0,0.6797738333464786,1.0,1.0,0.0,DB,WR,WR,WR,0.7748960997808163,0.6666666666666666,WR
2023091007.0,699.0,54563.0,46188.0,200.0,0.2393004753737951,3.3913566606890564,8.516849884710645,10.0,500.0,3.3913566606890564,0.0,0.5213990492524099,1.0,0.8516849884710644,1.0,0.0,0.0,DB,WR,WR,WR,0.8108033474450161,0.0,WR
2023091007.0,842.0,53478.0,53448.0,0.0,0.1816343255714803,5.522680508593631,8.448769114935212,10.0,0.0,5.522680508593631,1.0,0.6367313488570394,1.0,0.8448769114935212,1.0,1.0,0.0,DB,WR,WR,WR,0.8478858319177173,0.6666666666666666,WR
2023091007.0,935.0,39983.0,55880.0,200.0,0.1483071867612009,2.637877935007607,16.723958689152617,10.0,400.0,2.637877935007607,0.0,0.7033856264775982,1.0,1.0,1.0,0.0,0.0,DB,WR,WR,WR,0.9011285421591992,0.0,WR
2023091007.0,1167.0,39983.0,47871.0,100.0,0.0935365850452938,1.3168523075880578,9.185539333462536,10.0,700.0,1.3168523075880578,0.16666666666666663,0.8129268299094123,0.8779015383920385,0.9185539333462536,1.0,0.0,0.0,DB,WR,WR,WR,0.8887934735435983,0.0,WR
2023091007.0,1214.0,47808.0,43373.0,100.0,0.1398318317711339,1.742699056062166,13.836216325050527,10.0,500.0,1.742699056062166,0.16666666666666663,0.7203363364577322,1.0,1.0,1.0,0.0,0.0,DB,WR,WR,WR,0.906778778819244,0.0,WR
2023091007.0,1371.0,47859.0,46188.0,0.0,0.2207123922981221,8.197865575867903,2.600374446848721,10.0,600.0,8.197865575867903,1.0,0.5585752154037558,1.0,0.2600374446848721,1.0,0.0,0.0,DB,WR,WR,WR,0.7048658940715596,0.0,WR
2023091007.0,1399.0,44852.0,53565.0,0.0,0.0668901017661484,6.233434045532206,1.28210532456876,10.0,600.0,6.233434045532206,1.0,0.8662197964677032,1.0,0.128210532456876,1.0,0.0,0.0,DB,WR,WR,WR,0.7810487053139429,0.0,WR
2023091007.0,1424.0,54614.0,53565.0,100.0,0.2162629641655492,2.5992498917957065,8.652455277091796,10.0,700.0,2.5992498917957065,0.16666666666666663,0.5674740716689016,1.0,0.8652455277091796,1.0,0.0,0.0,DB,WR,WR,WR,0.8288737960981364,0.0,WR
2023091007.0,1620.0,47859.0,53565.0,200.0,0.0394568385107468,3.338637446623995,3.313931231991939,10.0,100.0,3.338637446623995,0.0,0.9210863229785065,1.0,0.3313931231991939,1.0,0.2857142857142857,0.0,DB,WR,WR,WR,0.8399740656326742,0.19047619047619047,WR
2023091007.0,1679.0,47859.0,49410.0,0.0,0.2758895152602612,2.073692359054252,6.880187293961664,10.0,600.0,2.073692359054252,1.0,0.44822096947947765,1.0,0.6880187293961664,1.0,0.0,0.0,DB,WR,WR,WR,0.7536774023723924,0.0,WR
2023091007.0,1764.0,54520.0,47871.0,200.0,0.2113182984987889,5.408807632001715,28.12119656091548,10.0,300.0,5.408807632001715,0.0,0.5773634030024222,1.0,1.0,1.0,0.0,0.0,DB,WR,WR,WR,0.8591211343341406,0.0,WR
2023091007.0,1794.0,54520.0,52624.0,0.0,0.2945576764422662,6.758254212442742,2.3917975314826596,10.0,1000.0,6.758254212442742,1.0,0.41088464711546757,1.0,0.23917975314826595,1.0,0.0,0.0,DB,WR,WR,WR,0.651464166334809,0.0,WR
2023091007.0,1848.0,39983.0,52624.0,500.0,0.1722470540213898,4.227114855312073,9.917916186117012,10.0,200.0,4.227114855312073,0.0,0.6555058919572204,1.0,0.9917916186117012,1.0,0.0,0.0,DB,WR,WR,WR,0.8835269543747469,0.0,WR
2023091007.0,1988.0,54481.0,56045.0,100.0,0.1599458241613914,3.5778205656516646,18.93080416445455,10.0,100.0,3.5778205656516646,0.16666666666666663,0.6801083516772173,1.0,1.0,1.0,0.2857142857142857,0.0,DB,WR,WR,WR,0.8933694505590724,0.19047619047619047,WR
2023091007.0,2013.0,47859.0,53565.0,100.0,0.0791910668650515,1.4657762448614122,29.58084856168422,10.0,200.0,1.4657762448614122,0.16666666666666663,0.841617866269897,0.9771841632409415,1.0,1.0,0.0,0.0,DB,WR,WR,WR,0.94112173228755,0.0,WR
2023091007.0,2036.0,41349.0,46968.0,0.0,0.1930336455235032,0.8041144197189888,16.834542392858992,10.0,500.0,0.8041144197189888,1.0,0.6139327089529936,0.5360762798126592,1.0,1.0,0.0,0.35670846422480895,DB,WR,WR,WR,0.7475979109343736,0.11890282140826965,WR
2023091007.0,2135.0,44852.0,49410.0,200.0,0.1157131732411589,5.014828013003036,15.504910160897817,10.0,700.0,5.014828013003036,0.0,0.7685736535176821,1.0,1.0,1.0,0.0,0.0,DB,WR,WR,WR,0.9228578845058939,0.0,WR
2023091007.0,2160.0,54481.0,44848.0,300.0,0.2243240743268111,10.26766770011574,17.242924598771854,10.0,0.0,10.26766770011574,0.0,0.5513518513463778,1.0,1.0,1.0,1.0,0.0,DB,WR,WR,WR,0.8504506171154592,0.6666666666666666,WR
2023091007.0,2183.0,41349.0,46188.0,100.0,0.2218843024600005,3.902665755608597,24.509566692935604,10.0,300.0,3.902665755608597,0.16666666666666663,0.5562313950799991,1.0,1.0,1.0,0.0,0.0,DB,WR,WR,WR,0.852077131693333,0.0,WR
2023091007.0,2208.0,54614.0,53565.0,100.0,0.1255606474596089,3.1537913691301784,12.54411809115894,10.0,200.0,3.1537913691301784,0.16666666666666663,0.7488787050807821,1.0,1.0,1.0,0.0,0.0,DB,WR,WR,WR,0.9162929016935939,0.0,WR
2023091007.0,2238.0,44852.0,49410.0,200.0,0.211612582464917,2.6101532522057016,16.503656635267046,10.0,0.0,2.6101532522057016,0.0,0.576774835070166,1.0,1.0,1.0,1.0,0.0,DB,WR,WR,WR,0.8589249450233886,0.6666666666666666,WR
2023091007.0,2359.0,47808.0,53503.0,300.0,0.1540521631315745,1.3960300856356942,5.175769173409132,10.0,500.0,1.3960300856356942,0.0,0.691895673736851,0.9306867237571295,0.5175769173409133,1.0,0.0,0.0,DB,WR,WR,WR,0.7823304010490342,0.0,WR
2023091007.0,2421.0,55959.0,53503.0,200.0,0.0867304872542226,1.544020725249506,6.738679818692799,10.0,0.0,1.544020725249506,0.0,0.8265390254915548,1.0,0.6738679818692799,1.0,1.0,0.0,DB,WR,WR,WR,0.8769532715377075,0.6666666666666666,WR
2023091007.0,2447.0,39983.0,47871.0,200.0,0.1001514005408958,2.013082213919742,8.36702843007737,10.0,500.0,2.013082213919742,0.0,0.7996971989182085,1.0,0.836702843007737,1.0,0.0,0.0,DB,WR,WR,WR,0.9005729682409502,0.0,WR
2023091007.0,2472.0,39983.0,54578.0,400.0,0.0971328091259367,1.1597413504743217,10.240486441979746,10.0,800.0,1.1597413504743217,0.0,0.8057343817481266,0.7731609003162144,1.0,1.0,0.0,0.0722069196205426,DB,WR,WR,WR,0.8747543673336993,0.024068973206847533,WR
2023091007.0,2495.0,47808.0,43373.0,300.0,0.1318802398421336,1.5069505632236266,12.70070898985207,10.0,0.0,1.5069505632236266,0.0,0.7362395203157328,1.0,1.0,1.0,1.0,0.0,DB,WR,WR,WR,0.9120798401052441,0.6666666666666666,WR
2023091007.0,2672.0,41349.0,46188.0,300.0,0.1053705635603446,3.019751645417216,13.722488108005956,10.0,0.0,3.019751645417216,0.0,0.7892588728793108,1.0,1.0,1.0,1.0,0.0,DB,WR,WR,WR,0.9297529576264368,0.6666666666666666,WR
2023091007.0,2719.0,54481.0,56045.0,200.0,0.0647346870707269,3.2160223879817744,10.991372131640556,10.0,200.0,3.2160223879817744,0.0,0.8705306258585462,1.0,1.0,1.0,0.0,0.0,DB,WR,WR,WR,0.9568435419528487,0.0,WR
2023091007.0,3145.0,41349.0,53565.0,300.0,0.0885463083247897,5.713090232089814,3.025908616966912,10.0,1100.0,5.713090232089814,0.0,0.8229073833504206,1.0,0.3025908616966912,1.0,0.0,0.0,DB,WR,WR,WR,0.8014873001228117,0.0,WR
2023091007.0,3542.0,44917.0,52624.0,700.0,0.183368591650916,6.01366776601435,5.215593811359002,10.0,0.0,6.01366776601435,0.0,0.633262816698168,1.0,0.5215593811359003,1.0,1.0,0.0,DB,WR,WR,WR,0.7820661484599026,0.6666666666666666,WR
2023091007.0,3890.0,47808.0,55880.0,200.0,0.1626989119834276,2.7073972741361794,6.374381216830707,10.0,900.0,2.7073972741361794,0.0,0.6746021760331449,1.0,0.6374381216830707,1.0,0.0,0.0,DB,WR,WR,WR,0.819021683014329,0.0,WR
2023091007.0,4101.0,55959.0,43373.0,400.0,0.1070228765446719,4.294950523579986,26.59943436029594,10.0,300.0,4.294950523579986,0.0,0.7859542469106562,1.0,1.0,1.0,0.0,0.0,DB,WR,WR,WR,0.9286514156368852,0.0,WR
2023091007.0,4182.0,44917.0,52624.0,400.0,0.2197869782072491,4.603400916713638,1.1084098950203396,10.0,300.0,4.603400916713638,0.0,0.5604260435855017,1.0,0.11084098950203396,1.0,0.0,0.0,DB,WR,WR,WR,0.6756435457622407,0.0,WR
2023091007.0,4271.0,55959.0,55880.0,300.0,0.0830205624716157,1.2182774724995913,1.8407862694132209,10.0,0.0,1.2182774724995913,0.0,0.8339588750567686,0.8121849816663942,0.1840786269413221,1.0,1.0,0.025378022000327016,DB,WR,WR,WR,0.731384678851559,0.6751260073334423,WR
2023091008.0,125.0,55998.0,44911.0,0.0,0.1376522725862096,10.529221243757783,2.4362225732939113,10.0,0.0,10.529221243757783,1.0,0.7246954548275808,1.0,0.24362225732939113,1.0,1.0,0.0,DB,WR,WR,WR,0.7569562697417385,0.6666666666666666,WR
2023091008.0,273.0,54597.0,52458.0,500.0,0.0577774635486679,4.171378668977432,11.793955041092367,10.0,900.0,4.171378668977432,0.0,0.8844450729026642,1.0,1.0,1.0,0.0,0.0,DB,WR,WR,WR,0.9614816909675545,0.0,WR
2023091008.0,396.0,56024.0,46085.0,400.0,0.3574008360718135,1.192182871878298,0.8540687382607955,10.0,900.0,1.192182871878298,0.0,0.285198327856373,0.7947885812521988,0.08540687382607956,1.0,0.0,0.04625370249736149,DB,WR,WR,WR,0.5240911057179266,0.01541790083245383,WR
2023091008.0,496.0,54597.0,44925.0,400.0,0.090986193430421,0.7569015788066482,25.11056281972061,10.0,0.0,0.7569015788066482,0.0,0.818027613139158,0.5046010525377654,1.0,1.0,1.0,0.3944787369546814,DB,WR,WR,WR,0.8072361517231234,0.7981595789848938,WR
2023091008.0,572.0,52581.0,47804.0,400.0,0.2937152598115286,6.466962192559961,7.792410144715811,10.0,700.0,6.466962192559961,0.0,0.41256948037694285,1.0,0.7792410144715811,1.0,0.0,0.0,DB,WR,WR,WR,0.7600380296866305,0.0,WR
2023091008.0,619.0,53646.0,54487.0,500.0,0.1857568808326392,4.782133415119236,4.80645319119261,10.0,500.0,4.782133415119236,0.0,0.6284862383347216,1.0,0.48064531911926095,1.0,0.0,0.0,DB,WR,WR,WR,0.7722911432687594,0.0,WR
2023091008.0,735.0,44901.0,43404.0,700.0,0.2390069709692442,12.652146063020297,9.366006760060888,10.0,800.0,12.652146063020297,0.0,0.5219860580615117,1.0,0.9366006760060888,1.0,0.0,0.0,DB,WR,WR,WR,0.8279821545550549,0.0,WR
2023091008.0,840.0,56220.0,55921.0,400.0,0.0361866506354283,3.2019993753903244,4.887595106189516,10.0,0.0,3.2019993753903244,0.0,0.9276266987291434,1.0,0.4887595106189516,1.0,1.0,0.0,DB,WR,WR,WR,0.8736274683668379,0.6666666666666666,WR
2023091008.0,888.0,55907.0,54504.0,300.0,0.0165327956901831,6.619274884758906,2.1985751618919727,10.0,300.0,6.619274884758906,0.0,0.9669344086196338,1.0,0.21985751618919727,1.0,0.0,0.0,DB,WR,WR,WR,0.8329496394443839,0.0,WR
2023091008.0,1105.0,46093.0,45021.0,300.0,0.2005896070991478,4.92878281120197,7.923651325505351,10.0,0.0,4.92878281120197,0.0,0.5988207858017044,1.0,0.7923651325505351,1.0,1.0,0.0,DB,WR,WR,WR,0.8247466217773417,0.6666666666666666,WR
2023091008.0,1130.0,46093.0,46087.0,300.0,0.1525188129513649,2.7436107595648394,16.17236728899515,10.0,0.0,2.7436107595648394,0.0,0.6949623740972701,1.0,1.0,1.0,1.0,0.0,DB,WR,WR,WR,0.8983207913657566,0.6666666666666666,WR
2023091008.0,1155.0,52451.0,46087.0,100.0,0.1556671641993012,7.861227639497545,7.686805117736988,10.0,0.0,7.861227639497545,0.16666666666666663,0.6886656716013976,1.0,0.7686805117736988,1.0,1.0,0.0,DB,WR,WR,WR,0.8499579928885389,0.6666666666666666,WR
2023091008.0,1200.0,52451.0,44911.0,200.0,0.1111327701933028,0.6217716622683894,11.498906430371886,10.0,600.0,0.6217716622683894,0.0,0.7777344596133944,0.41451444151225963,1.0,1.0,0.0,0.5025826701852885,DB,WR,WR,WR,0.7697820042744006,0.16752755672842948,WR
2023091008.0,1292.0,54597.0,48516.0,500.0,0.1132597800535465,6.263864621781031,56.75508104676483,10.0,300.0,6.263864621781031,0.0,0.7734804398929069,1.0,1.0,1.0,0.0,0.0,DB,WR,WR,WR,0.9244934799643022,0.0,WR
2023091008.0,1356.0,55915.0,54504.0,100.0,0.1480844353738772,1.5023315213360844,8.143553171882694,10.0,700.0,1.5023315213360844,0.16666666666666663,0.7038311292522457,1.0,0.8143553171882694,1.0,0.0,0.0,DB,WR,WR,WR,0.8641481065217357,0.0,WR
2023091008.0,1473.0,48207.0,47804.0,400.0,0.1555860134323055,4.868562416155306,22.127457388174875,10.0,0.0,4.868562416155306,0.0,0.688827973135389,1.0,1.0,1.0,1.0,0.0,DB,WR,WR,WR,0.8962759910451296,0.6666666666666666,WR
2023091008.0,1551.0,52470.0,52458.0,500.0,0.2261155765714824,7.475085283794427,3.641598092917352,10.0,0.0,7.475085283794427,0.0,0.5477688468570352,1.0,0.3641598092917352,1.0,1.0,0.0,DB,WR,WR,WR,0.7220882441440254,0.6666666666666666,WR
2023091008.0,1576.0,55907.0,46085.0,0.0,0.0796902972654819,3.3552943239006554,0.8303473797686011,10.0,800.0,3.3552943239006554,1.0,0.8406194054690362,1.0,0.0830347379768601,1.0,0.0,0.0,DB,WR,WR,WR,0.7634800827517174,0.0,WR
2023091008.0,1601.0,54723.0,48516.0,300.0,0.2073572866695919,5.539972924121557,18.93770309489799,10.0,600.0,5.539972924121557,0.0,0.5852854266608162,1.0,1.0,1.0,0.0,0.0,DB,WR,WR,WR,0.8617618088869387,0.0,WR
2023091008.0,1626.0,54723.0,44925.0,400.0,0.131829355528194,3.853323241047915,4.3368271568764305,10.0,0.0,3.853323241047915,0.0,0.7363412889436121,1.0,0.43368271568764305,1.0,1.0,0.0,DB,WR,WR,WR,0.7988503061187326,0.6666666666666666,WR
2023091008.0,1818.0,52451.0,47804.0,500.0,0.2197764876993316,5.8747255255032975,9.0201346364184,10.0,0.0,5.8747255255032975,0.0,0.5604470246013368,1.0,0.90201346364184,1.0,1.0,0.0,DB,WR,WR,WR,0.8338850342621469,0.6666666666666666,WR
2023091008.0,1952.0,55907.0,54513.0,200.0,0.0985731538841417,5.03795593470209,7.620904079661708,10.0,0.0,5.03795593470209,0.0,0.8028536922317167,1.0,0.7620904079661708,1.0,1.0,0.0,DB,WR,WR,WR,0.886702645670473,0.6666666666666666,WR
2023091008.0,1981.0,55915.0,46085.0,0.0,0.1384228561212859,1.861316738225928,10.810247453464552,10.0,0.0,1.861316738225928,1.0,0.7231542877574282,1.0,1.0,1.0,1.0,0.0,DB,WR,WR,WR,0.9077180959191427,0.6666666666666666,WR
2023091008.0,2007.0,56024.0,52458.0,200.0,0.1203860891362299,2.084058540444583,13.761801510288077,10.0,900.0,2.084058540444583,0.0,0.7592278217275402,1.0,1.0,1.0,0.0,0.0,DB,WR,WR,WR,0.9197426072425132,0.0,WR
2023091008.0,2475.0,54597.0,48516.0,300.0,0.0671671688507757,3.0232432915661933,9.881650687242876,10.0,0.0,3.0232432915661933,0.0,0.8656656622984487,1.0,0.9881650687242877,1.0,1.0,0.0,DB,WR,WR,WR,0.9528549011776737,0.6666666666666666,WR
2023091008.0,2520.0,44995.0,48516.0,300.0,0.1600818243155369,1.9548913013259863,25.102693964978137,10.0,0.0,1.9548913013259863,0.0,0.6798363513689262,1.0,1.0,1.0,1.0,0.0,DB,WR,WR,WR,0.893278783789642,0.6666666666666666,WR
2023091008.0,2697.0,54723.0,48516.0,300.0,0.2497713897275602,5.604828275692306,19.062274790188095,10.0,0.0,5.604828275692306,0.0,0.5004572205448796,1.0,1.0,1.0,1.0,0.0,DB,WR,WR,WR,0.8334857401816265,0.6666666666666666,WR
2023091008.0,2749.0,55915.0,52458.0,400.0,0.1351865462938179,1.8908199279677589,3.02003689298738,10.0,700.0,1.8908199279677589,0.0,0.7296269074123642,1.0,0.302003689298738,1.0,0.0,0.0,DB,WR,WR,WR,0.770276373663869,0.0,WR
2023091008.0,2921.0,52581.0,48241.0,500.0,0.1588404955617523,2.4449948875202163,12.801669057307924,10.0,0.0,2.4449948875202163,0.0,0.6823190088764954,1.0,1.0,1.0,1.0,0.0,DB,WR,WR,WR,0.8941063362921651,0.6666666666666666,WR
2023091008.0,3010.0,52581.0,48241.0,400.0,0.1595917869488855,1.6446884203398502,1.7562879121186377,10.0,0.0,1.6446884203398502,0.0,0.6808164261022289,1.0,0.17562879121186376,1.0,1.0,0.0,DB,WR,WR,WR,0.7287312336097823,0.6666666666666666,WR
2023091008.0,3178.0,55915.0,44925.0,0.0,0.3609134170734802,2.210814329607985,17.777121418585704,10.0,100.0,2.210814329607985,1.0,0.27817316585303964,1.0,1.0,1.0,0.2857142857142857,0.0,DB,WR,WR,WR,0.7593910552843465,0.19047619047619047,WR
2023091008.0,3208.0,55907.0,48516.0,400.0,0.1654488843520358,13.533018879762205,9.305938995807995,10.0,300.0,13.533018879762205,0.0,0.6691022312959284,1.0,0.9305938995807995,1.0,0.0,0.0,DB,WR,WR,WR,0.8758195236814693,0.0,WR
2023091008.0,3254.0,54597.0,55921.0,500.0,0.0772626935171424,1.161808934377761,9.691169557626546,10.0,700.0,1.161808934377761,0.0,0.8454746129657151,0.7745392895851739,0.9691169557626547,1.0,0.0,0.07055285249779131,DB,WR,WR,WR,0.8821920726971489,0.023517617499263767,WR
2023091008.0,3354.0,52457.0,54487.0,400.0,0.3186362067594712,4.9517067764559615,2.373551653182917,10.0,0.0,4.9517067764559615,0.0,0.36272758648105763,1.0,0.2373551653182917,1.0,1.0,0.0,DB,WR,WR,WR,0.6350468952240109,0.6666666666666666,DB
2023091008.0,3377.0,52581.0,43404.0,400.0,0.1590327908685141,2.260729970606839,20.35702430480943,10.0,400.0,2.260729970606839,0.0,0.6819344182629719,1.0,1.0,1.0,0.0,0.0,DB,WR,WR,WR,0.8939781394209906,0.0,WR
2023091008.0,3745.0,55915.0,54513.0,300.0,0.2222037990266745,4.837933443113906,7.658684280297598,10.0,0.0,4.837933443113906,0.0,0.5555924019466509,1.0,0.7658684280297597,1.0,1.0,0.0,DB,WR,WR,WR,0.8050378195881689,0.6666666666666666,WR
2023091008.0,3826.0,52451.0,45021.0,0.0,0.1548947010748032,4.415121742375849,10.69208803568155,10.0,0.0,4.415121742375849,1.0,0.6902105978503936,1.0,1.0,1.0,1.0,0.0,DB,WR,WR,WR,0.8967368659501311,0.6666666666666666,WR
2023091008.0,3851.0,44901.0,43404.0,600.0,0.2309152358633925,6.3433114380424405,1.839782955273404,10.0,300.0,6.3433114380424405,0.0,0.5381695282732151,1.0,0.1839782955273404,1.0,0.0,0.0,DB,WR,WR,WR,0.6828521685298731,0.0,WR
2023091008.0,3975.0,52581.0,44911.0,300.0,0.185370184396407,8.337919404743609,1.3353109209748015,10.0,1700.0,8.337919404743609,0.0,0.629259631207186,1.0,0.13353109209748015,1.0,0.0,0.0,DB,WR,WR,WR,0.703126095488558,0.0,WR
2023091008.0,3998.0,55980.0,45021.0,400.0,0.0305398752892665,7.819622753048898,4.534123790985862,10.0,1100.0,7.819622753048898,0.0,0.938920249421467,1.0,0.45341237909858617,1.0,0.0,0.0,DB,WR,WR,WR,0.8703225589602062,0.0,WR
2023091008.0,4021.0,55980.0,48241.0,500.0,0.1727956403771036,6.683666658354528,10.345378213134806,10.0,0.0,6.683666658354528,0.0,0.6544087192457928,1.0,1.0,1.0,1.0,0.0,DB,WR,WR,WR,0.8848029064152642,0.6666666666666666,WR
2023091008.0,4539.0,55998.0,53649.0,500.0,0.2471696930104035,12.099260307969246,4.652476399313757,10.0,700.0,12.099260307969246,0.0,0.505660613979193,1.0,0.46524763993137574,1.0,0.0,0.0,DB,WR,WR,WR,0.7282697326460061,0.0,WR
2023091009.0,103.0,41282.0,53438.0,300.0,0.0859069263796581,2.3300214591286466,20.042157515619337,10.0,700.0,2.3300214591286466,0.0,0.8281861472406837,1.0,1.0,1.0,0.0,0.0,DB,WR,WR,WR,0.9427287157468944,0.0,WR
2023091009.0,306.0,48097.0,54580.0,400.0,0.1606672666980902,1.1216059914247976,21.072152934990935,10.0,1000.0,1.1216059914247976,0.0,0.6786654666038197,0.7477373276165317,1.0,1.0,0.0,0.102715206860162,DB,WR,WR,WR,0.8256184428990149,0.03423840228672066,WR
2023091009.0,417.0,52513.0,53596.0,400.0,0.221842442431716,4.425573409175358,2.7538890839695966,10.0,800.0,4.425573409175358,0.0,0.556315115136568,1.0,0.2753889083969597,1.0,0.0,0.0,DB,WR,WR,WR,0.7071828200582478,0.0,WR
2023091009.0,442.0,54967.0,47974.0,300.0,0.1429850732866747,7.155711005902904,13.759321914552803,10.0,0.0,7.155711005902904,0.0,0.7140298534266506,1.0,1.0,1.0,1.0,0.0,DB,WR,WR,WR,0.9046766178088834,0.6666666666666666,WR
2023091009.0,570.0,54967.0,53596.0,300.0,0.1138454631229729,6.980157591344194,5.13413360153812,10.0,800.0,6.980157591344194,0.0,0.7723090737540542,1.0,0.513413360153812,1.0,0.0,0.0,DB,WR,WR,WR,0.8267856966154471,0.0,WR
2023091009.0,681.0,54545.0,55969.0,600.0,0.133890103124895,5.536966678606626,13.56122871886482,10.0,700.0,5.536966678606626,0.0,0.73221979375021,1.0,1.0,1.0,0.0,0.0,DB,WR,WR,WR,0.9107399312500699,0.0,WR
2023091009.0,750.0,52513.0,53596.0,200.0,0.1770317938832432,3.122370894048306,11.49117612810395,10.0,600.0,3.122370894048306,0.0,0.6459364122335136,1.0,1.0,1.0,0.0,0.0,DB,WR,WR,WR,0.8819788040778378,0.0,WR
2023091009.0,797.0,48541.0,53472.0,300.0,0.4049863370986418,1.710263137648705,1.173157439200203,10.0,0.0,1.710263137648705,0.0,0.19002732580271642,1.0,0.11731574392002031,1.0,1.0,0.0,DB,WR,WR,WR,0.5534722573849096,0.6666666666666666,DB
2023091009.0,953.0,48097.0,54580.0,100.0,0.3035306758996874,4.328325311249148,19.300593657285617,10.0,500.0,4.328325311249148,0.16666666666666663,0.3929386482006252,1.0,1.0,1.0,0.0,0.0,DB,WR,WR,WR,0.797646216066875,0.0,WR
2023091009.0,987.0,48097.0,54580.0,0.0,0.1604288842465247,2.1077238908357976,4.723982766845096,10.0,700.0,2.1077238908357976,1.0,0.6791422315069506,1.0,0.4723982766845096,1.0,0.0,0.0,DB,WR,WR,WR,0.7875270658392187,0.0,WR
2023091009.0,1017.0,47807.0,43387.0,300.0,0.2087350535502966,5.770008665504769,6.893482227491067,10.0,0.0,5.770008665504769,0.0,0.5825298928994068,1.0,0.6893482227491068,1.0,1.0,0.0,DB,WR,WR,WR,0.7987129421829569,0.6666666666666666,WR
2023091009.0,1097.0,48097.0,54580.0,200.0,0.213510016846621,0.961509230324912,12.235405217343216,10.0,900.0,0.961509230324912,0.0,0.5729799663067581,0.6410061535499413,1.0,1.0,0.0,0.23079261574007037,DB,WR,WR,WR,0.7619282963822369,0.07693087191335679,WR
2023091009.0,1212.0,48541.0,42361.0,0.0,0.0396966519472882,4.037449690089035,4.885490383304532,10.0,0.0,4.037449690089035,1.0,0.9206066961054236,1.0,0.4885490383304532,1.0,1.0,0.0,DB,WR,WR,WR,0.8712453730345651,0.6666666666666666,WR
2023091009.0,1507.0,41282.0,53438.0,300.0,0.0195705527757319,3.835101041693687,3.9353535030636606,10.0,1100.0,3.835101041693687,0.0,0.9608588944485362,1.0,0.39353535030636605,1.0,0.0,0.0,DB,WR,WR,WR,0.8656600348774518,0.0,WR
2023091009.0,1561.0,41282.0,53438.0,600.0,0.1036502887257971,1.1499999999999944,14.492540044493936,10.0,1200.0,1.1499999999999944,0.0,0.7926994225484059,0.7666666666666629,1.0,1.0,0.0,0.08000000000000451,DB,WR,WR,WR,0.8686775852939119,0.02666666666666817,WR
2023091009.0,1621.0,48097.0,54580.0,400.0,0.1343256578355051,5.507640148012577,5.711373735434314,10.0,1000.0,5.507640148012577,0.0,0.7313486843289898,1.0,0.5711373735434314,1.0,0.0,0.0,DB,WR,WR,WR,0.8246770361516829,0.0,WR
2023091009.0,1680.0,46109.0,55969.0,300.0,0.1270409144307217,3.3734996665184345,8.184676023852647,10.0,800.0,3.3734996665184345,0.0,0.7459181711385565,1.0,0.8184676023852647,1.0,0.0,0.0,DB,WR,WR,WR,0.8789995775232384,0.0,WR
2023091009.0,1710.0,54545.0,46902.0,300.0,0.1259989495754536,4.722393460947537,8.222922081389088,10.0,400.0,4.722393460947537,0.0,0.7480021008490928,1.0,0.8222922081389088,1.0,0.0,0.0,DB,WR,WR,WR,0.8804591419108126,0.0,WR
2023091009.0,1735.0,44927.0,53509.0,700.0,0.1404918608424096,4.110778515074727,23.625839679231532,10.0,1100.0,4.110778515074727,0.0,0.7190162783151808,1.0,1.0,1.0,0.0,0.0,DB,WR,WR,WR,0.9063387594383935,0.0,WR
2023091009.0,1772.0,44927.0,53596.0,700.0,0.1777240730847853,7.760025773153082,4.459324911462288,10.0,1100.0,7.760025773153082,0.0,0.6445518538304293,1.0,0.44593249114622885,1.0,0.0,0.0,DB,WR,WR,WR,0.7707037828393888,0.0,WR
2023091009.0,1802.0,44927.0,53509.0,300.0,0.2004772385793603,4.4228497600529,4.260369615082589,10.0,300.0,4.4228497600529,0.0,0.5990455228412794,1.0,0.4260369615082589,1.0,0.0,0.0,DB,WR,WR,WR,0.7515558999154115,0.0,WR
2023091009.0,1827.0,46109.0,53509.0,300.0,0.1783985779976369,2.8756390594092265,34.348915910190115,10.0,1000.0,2.8756390594092265,0.0,0.6432028440047262,1.0,1.0,1.0,0.0,0.0,DB,WR,WR,WR,0.881067614668242,0.0,WR
2023091009.0,1886.0,46109.0,53509.0,200.0,0.0867037707348944,3.2237400639629734,9.343352861553292,10.0,200.0,3.2237400639629734,0.0,0.8265924585302112,1.0,0.9343352861553292,1.0,0.0,0.0,DB,WR,WR,WR,0.9290645434078029,0.0,WR
2023091009.0,1946.0,46109.0,47974.0,300.0,0.2419756410971024,1.076150547089026,8.172084709703208,10.0,800.0,1.076150547089026,0.0,0.5160487178057952,0.7174336980593506,0.8172084709703208,1.0,0.0,0.13907956232877916,DB,WR,WR,WR,0.7267735862784893,0.04635985410959305,WR
2023091009.0,2102.0,42372.0,47974.0,300.0,0.1974328693587412,4.913664620219824,4.8302353972032614,10.0,0.0,4.913664620219824,0.0,0.6051342612825177,1.0,0.48302353972032613,1.0,1.0,0.0,DB,WR,WR,WR,0.7649827950382377,0.6666666666666666,WR
2023091009.0,2430.0,41282.0,53438.0,100.0,0.191100638730258,0.6171709649683725,1.9983295942158423,10.0,700.0,0.6171709649683725,0.16666666666666663,0.617798722539484,0.41144730997891504,0.19983295942158424,1.0,0.0,0.506263228025302,DB,WR,WR,WR,0.5556187820585221,0.16875440934176733,WR
2023091009.0,2499.0,41282.0,42929.0,300.0,0.1237288644934234,4.511873225169347,15.339979072948658,10.0,600.0,4.511873225169347,0.0,0.7525422710131532,1.0,1.0,1.0,0.0,0.0,DB,WR,WR,WR,0.9175140903377177,0.0,WR
2023091009.0,2546.0,41282.0,54580.0,300.0,0.118583354700447,5.875780799178938,33.607344827165385,10.0,800.0,5.875780799178938,0.0,0.762833290599106,1.0,1.0,1.0,0.0,0.0,DB,WR,WR,WR,0.9209444301997018,0.0,WR
2023091009.0,2609.0,48097.0,42929.0,400.0,0.3077216496062042,1.800555469848125,7.589933758348169,10.0,500.0,1.800555469848125,0.0,0.38455670078759163,1.0,0.758993375834817,1.0,0.0,0.0,DB,WR,WR,WR,0.7466509087628272,0.0,WR
2023091009.0,2634.0,54587.0,42406.0,500.0,0.2386279470251741,8.35102987660804,1.100261168713176,10.0,800.0,8.35102987660804,0.0,0.5227441059496518,1.0,0.11002611687131761,1.0,0.0,0.0,DB,WR,WR,WR,0.6629199253574808,0.0,WR
2023091009.0,2826.0,41282.0,53438.0,500.0,0.2812298919048974,1.8106904760339269,1.1558881119655524,10.0,700.0,1.8106904760339269,0.0,0.4375402161902052,1.0,0.11558881119655524,1.0,0.0,0.0,DB,WR,WR,WR,0.6356311676360461,0.0,WR
2023091009.0,2849.0,42397.0,42929.0,400.0,0.2068588606642075,0.6040695324215528,3.296779087200799,10.0,0.0,0.6040695324215528,0.0,0.586282278671585,0.40271302161436856,0.3296779087200799,1.0,1.0,0.5167443740627577,DB,WR,WR,WR,0.5687531470650425,0.8389147913542525,DB
2023091009.0,2907.0,53464.0,53596.0,300.0,0.0986109054412175,4.0292182864669925,9.5164393694985,10.0,800.0,4.0292182864669925,0.0,0.8027781891175649,1.0,0.95164393694985,1.0,0.0,0.0,DB,WR,WR,WR,0.9245881837624915,0.0,WR
2023091009.0,2932.0,44927.0,52547.0,400.0,0.2116818615902548,7.51938827299136,4.750069428404208,10.0,1000.0,7.51938827299136,0.0,0.5766362768194904,1.0,0.4750069428404208,1.0,0.0,0.0,DB,WR,WR,WR,0.7538801475079142,0.0,WR
2023091009.0,3108.0,55928.0,42361.0,400.0,0.0379585256984858,6.524852488754047,2.186221614651013,10.0,300.0,6.524852488754047,0.0,0.9240829486030284,1.0,0.2186221614651013,1.0,0.0,0.0,DB,WR,WR,WR,0.8184187484940296,0.0,WR
2023091009.0,3170.0,52513.0,55969.0,200.0,0.1956772427578979,8.726448303863377,1.1333874932892338,10.0,700.0,8.726448303863377,0.0,0.6086455144842042,1.0,0.11333874932892338,1.0,0.0,0.0,DB,WR,WR,WR,0.6922162546938527,0.0,WR
2023091009.0,3195.0,42511.0,46902.0,100.0,0.185157590536638,4.181148167668786,1.22773774171187,10.0,0.0,4.181148167668786,0.16666666666666663,0.629684818926724,1.0,0.122773774171187,1.0,1.0,0.0,DB,WR,WR,WR,0.7011163611431454,0.6666666666666666,WR
2023091009.0,3242.0,52513.0,55871.0,300.0,0.2322697649232008,3.2416816623474967,2.203412569993058,10.0,400.0,3.2416816623474967,0.0,0.5354604701535983,1.0,0.2203412569993058,1.0,0.0,0.0,DB,WR,WR,WR,0.6892217414510605,0.0,WR
2023091009.0,3361.0,47807.0,46175.0,500.0,0.2329830059920274,7.312249995726357,4.671068858006506,10.0,0.0,7.312249995726357,0.0,0.5340339880159453,1.0,0.4671068858006506,1.0,1.0,0.0,DB,WR,WR,WR,0.7380993731654452,0.6666666666666666,WR
2023091009.0,3386.0,41282.0,35459.0,200.0,0.0452916868574766,1.7779201331893395,12.246730844184784,10.0,600.0,1.7779201331893395,0.0,0.9094166262850468,1.0,1.0,1.0,0.0,0.0,DB,WR,WR,WR,0.9698055420950156,0.0,WR
2023091009.0,3418.0,48097.0,54580.0,400.0,0.1657238288973176,2.7411676344215072,18.649982396076105,10.0,600.0,2.7411676344215072,0.0,0.6685523422053647,1.0,1.0,1.0,0.0,0.0,DB,WR,WR,WR,0.8895174474017882,0.0,WR
2023091009.0,3454.0,43370.0,46175.0,400.0,0.1150900268733755,2.9882436312991554,2.221305891313312,10.0,400.0,2.9882436312991554,0.0,0.769819946253249,1.0,0.2221305891313312,1.0,0.0,0.0,DB,WR,WR,WR,0.7676994332440158,0.0,WR
2023091009.0,3501.0,48097.0,54580.0,300.0,0.1986659454832072,2.45464865102931,16.14654419747543,10.0,800.0,2.45464865102931,0.0,0.6026681090335856,1.0,1.0,1.0,0.0,0.0,DB,WR,WR,WR,0.8675560363445285,0.0,WR
2023091009.0,3587.0,46109.0,42361.0,300.0,0.0566533839353841,3.5085182057387083,17.059847484947312,10.0,300.0,3.5085182057387083,0.0,0.8866932321292318,1.0,1.0,1.0,0.0,0.0,DB,WR,WR,WR,0.9622310773764104,0.0,WR
2023091009.0,3754.0,48097.0,52764.0,0.0,0.0582866479850521,3.6723970373585666,10.720760995329387,10.0,0.0,3.6723970373585666,1.0,0.8834267040298958,1.0,1.0,1.0,1.0,0.0,DB,WR,WR,WR,0.9611422346766318,0.6666666666666666,WR
2023091010.0,121.0,53435.0,46775.0,200.0,0.1037141149846955,1.659548131269473,15.169177028871298,10.0,700.0,1.659548131269473,0.0,0.792571770030609,1.0,1.0,1.0,0.0,0.0,DB,WR,WR,WR,0.9308572566768696,0.0,WR
2023091010.0,261.0,40024.0,46259.0,0.0,0.2504571577711204,2.2760711763914583,9.218282016208738,10.0,200.0,2.2760711763914583,1.0,0.49908568445775925,1.0,0.9218282016208738,1.0,0.0,0.0,DB,WR,WR,WR,0.8173942018100944,0.0,WR
2023091010.0,328.0,40024.0,47971.0,500.0,0.2021497369007248,1.462190138114739,5.026007463020003,10.0,0.0,1.462190138114739,0.0,0.5957005261985504,0.974793425409826,0.5026007463020002,1.0,1.0,0.0,DB,WR,WR,WR,0.7590319047692038,0.6666666666666666,WR
2023091010.0,607.0,43454.0,46775.0,300.0,0.1155994195766207,3.070651396690936,4.823671594713296,10.0,900.0,3.070651396690936,0.0,0.7688011608467586,1.0,0.48236715947132963,1.0,0.0,0.0,DB,WR,WR,WR,0.8194071521765187,0.0,WR
2023091010.0,630.0,45900.0,52431.0,500.0,0.0934013357710129,3.7431804658605503,14.276835138122184,10.0,700.0,3.7431804658605503,0.0,0.8131973284579742,1.0,1.0,1.0,0.0,0.0,DB,WR,WR,WR,0.9377324428193246,0.0,WR
2023091010.0,706.0,46192.0,54544.0,300.0,0.2992557149501054,0.5189412298131634,15.004351668157998,10.0,500.0,0.5189412298131634,0.0,0.4014885700997892,0.34596081987544225,1.0,1.0,0.0,0.5848470161494693,DB,WR,WR,WR,0.6260857420000476,0.19494900538315643,WR
2023091010.0,767.0,46279.0,45571.0,500.0,0.2714395793444804,1.855397531527952,1.0980586744434782,10.0,800.0,1.855397531527952,0.0,0.45712084131103925,1.0,0.10980586744434781,1.0,0.0,0.0,DB,WR,WR,WR,0.6410014539258826,0.0,WR
2023091010.0,997.0,52520.0,46142.0,900.0,0.2555327962645449,2.3722773868163065,6.004309321131751,10.0,600.0,2.3722773868163065,0.0,0.4889344074709102,1.0,0.6004309321131751,1.0,0.0,0.0,DB,WR,WR,WR,0.7497309889129383,0.0,WR
2023091010.0,1040.0,43454.0,46775.0,0.0,0.2562589724646943,1.0018482919085114,9.06698952413822,10.0,0.0,1.0018482919085114,1.0,0.4874820550706114,0.667898861272341,0.906698952413822,1.0,1.0,0.19852136647319085,DB,WR,WR,WR,0.7219401718455923,0.7328404554910636,DB
2023091010.0,1072.0,43454.0,45571.0,500.0,0.1577271361001826,3.9692064698123217,4.503265975712716,10.0,800.0,3.9692064698123217,0.0,0.6845457277996347,1.0,0.4503265975712716,1.0,0.0,0.0,DB,WR,WR,WR,0.7849138954474658,0.0,WR
2023091010.0,1249.0,46192.0,46086.0,400.0,0.1113983093827432,1.531698403733581,6.977530411335561,10.0,600.0,1.531698403733581,0.0,0.7772033812345136,1.0,0.6977530411335561,1.0,0.0,0.0,DB,WR,WR,WR,0.8652850686382156,0.0,WR
2023091010.0,1337.0,45573.0,46142.0,400.0,0.1748205089189507,4.567406266142746,20.575472987966215,10.0,1000.0,4.567406266142746,0.0,0.6503589821620985,1.0,1.0,1.0,0.0,0.0,DB,WR,WR,WR,0.8834529940540328,0.0,WR
2023091010.0,1438.0,48456.0,46259.0,300.0,0.1381924124441819,0.8832326986700615,21.852016256337187,10.0,1100.0,0.8832326986700615,0.0,0.7236151751116362,0.5888217991133743,1.0,1.0,0.0,0.29341384106395085,DB,WR,WR,WR,0.7982242048007785,0.09780461368798361,WR
2023091010.0,1513.0,53435.0,45571.0,400.0,0.1318644580397525,2.577692766797466,2.6680161538151577,10.0,600.0,2.577692766797466,0.0,0.736271083920495,1.0,0.26680161538151576,1.0,0.0,0.0,DB,WR,WR,WR,0.7654506843831348,0.0,WR
2023091010.0,1558.0,46192.0,52431.0,0.0,0.1043369085040881,1.7991386828146425,7.987966935162256,10.0,0.0,1.7991386828146425,1.0,0.7913261829918238,1.0,0.7987966935162256,1.0,1.0,0.0,DB,WR,WR,WR,0.8902013997005197,0.6666666666666666,WR
2023091010.0,1607.0,40024.0,43327.0,400.0,0.1228102314189519,1.2403628501370054,27.489453748624506,10.0,0.0,1.2403628501370054,0.0,0.7543795371620962,0.8269085667580036,1.0,1.0,1.0,0.007709719890395705,DB,WR,WR,WR,0.8719687968561662,0.6692365732967985,WR
2023091010.0,1714.0,46192.0,46775.0,0.0,0.1346127342984093,6.702156369408285,2.971781782608011,10.0,100.0,6.702156369408285,1.0,0.7307745314031814,1.0,0.29717817826080106,1.0,0.2857142857142857,0.0,DB,WR,WR,WR,0.769693812786554,0.19047619047619047,WR
2023091010.0,1761.0,46192.0,52594.0,0.0,0.1101678320541535,6.279888534042622,35.3375146506313,10.0,0.0,6.279888534042622,1.0,0.779664335891693,1.0,1.0,1.0,1.0,0.0,DB,WR,WR,WR,0.9265547786305642,0.6666666666666666,WR
2023091010.0,1810.0,53435.0,45571.0,400.0,0.0651807441792801,4.4432533126077765,6.340682206920773,10.0,900.0,4.4432533126077765,0.0,0.8696385116414398,1.0,0.6340682206920774,1.0,0.0,0.0,DB,WR,WR,WR,0.883359814685562,0.0,WR
2023091010.0,1835.0,46192.0,45571.0,0.0,0.0312249899919921,4.3756713770574684,8.114654387541547,10.0,700.0,4.3756713770574684,1.0,0.9375500200160158,1.0,0.8114654387541547,1.0,0.0,0.0,DB,WR,WR,WR,0.9414764277561695,0.0,WR
2023091010.0,1858.0,43454.0,46775.0,200.0,0.066332495807108,1.435896932234345,3.655939473782998,10.0,300.0,1.435896932234345,0.0,0.867335008385784,0.9572646214895633,0.3655939473782998,1.0,0.0,0.0,DB,WR,WR,WR,0.8175010246681381,0.0,WR
2023091010.0,1888.0,46192.0,52431.0,400.0,0.1073539366994416,6.149154413413277,8.489883487272952,10.0,900.0,6.149154413413277,0.0,0.7852921266011168,1.0,0.8489883487272951,1.0,0.0,0.0,DB,WR,WR,WR,0.8982283786124978,0.0,WR
2023091010.0,1940.0,43454.0,54679.0,400.0,0.081164937230143,3.452100809651998,8.728539201906829,10.0,600.0,3.452100809651998,0.0,0.837670125539714,1.0,0.8728539201906829,1.0,0.0,0.0,DB,WR,WR,WR,0.9204608258847078,0.0,WR
2023091010.0,2002.0,43454.0,42388.0,0.0,0.0429774222531949,2.0400980368599946,4.839078062397335,10.0,0.0,2.0400980368599946,1.0,0.9140451554936102,1.0,0.4839078062397335,1.0,1.0,0.0,DB,WR,WR,WR,0.8681299464124833,0.6666666666666666,WR
2023091010.0,2027.0,45900.0,45571.0,300.0,0.2163330765278394,4.510399095423816,12.130881783024291,10.0,600.0,4.510399095423816,0.0,0.5673338469443212,1.0,1.0,1.0,0.0,0.0,DB,WR,WR,WR,0.8557779489814403,0.0,WR
2023091010.0,2103.0,53506.0,54936.0,500.0,0.0067082039324998,4.107274035172235,1.9081284872717017,10.0,600.0,4.107274035172235,0.0,0.9865835921350004,1.0,0.19081284872717016,1.0,0.0,0.0,DB,WR,WR,WR,0.8336904337904341,0.0,WR
2023091010.0,2151.0,40024.0,54936.0,300.0,0.0440898553401499,4.560548212660404,2.985142158479356,10.0,500.0,4.560548212660404,0.0,0.9118202893197002,1.0,0.2985142158479356,1.0,0.0,0.0,DB,WR,WR,WR,0.8303096062761538,0.0,WR
2023091010.0,2176.0,55885.0,54936.0,500.0,0.0984692361917693,3.6820782175287903,3.4706848345260943,10.0,0.0,3.6820782175287903,0.0,0.8030615276164614,1.0,0.34706848345260943,1.0,1.0,0.0,DB,WR,WR,WR,0.8037675392293423,0.6666666666666666,WR
2023091010.0,2236.0,48456.0,47934.0,600.0,0.1712288473996663,4.519834067750718,11.69958329801974,10.0,700.0,4.519834067750718,0.0,0.6575423052006675,1.0,1.0,1.0,0.0,0.0,DB,WR,WR,WR,0.8858474350668891,0.0,WR
2023091010.0,2261.0,55885.0,43299.0,400.0,0.1013910935247956,2.4725695136840935,4.827523869594832,10.0,0.0,2.4725695136840935,0.0,0.7972178129504088,1.0,0.4827523869594832,1.0,1.0,0.0,DB,WR,WR,WR,0.8289564150420328,0.6666666666666666,WR
2023091010.0,2284.0,44856.0,43327.0,300.0,0.1625257514458583,2.212057865427576,16.061978677270012,10.0,800.0,2.212057865427576,0.0,0.6749484971082834,1.0,1.0,1.0,0.0,0.0,DB,WR,WR,WR,0.8916494990360944,0.0,WR
2023091010.0,2372.0,53435.0,45571.0,500.0,0.2013801949802878,3.171655719021217,14.221062537779714,10.0,700.0,3.171655719021217,0.0,0.5972396100394244,1.0,1.0,1.0,0.0,0.0,DB,WR,WR,WR,0.865746536679808,0.0,WR
2023091010.0,2930.0,43454.0,45571.0,400.0,0.0405732729292383,3.7920047468324736,5.277935620439547,10.0,200.0,3.7920047468324736,0.0,0.9188534541415234,1.0,0.5277935620439547,1.0,0.0,0.0,DB,WR,WR,WR,0.8785098637892986,0.0,WR
2023091010.0,2982.0,53435.0,53476.0,500.0,0.0663324958071077,2.2071927872299697,4.663838694059063,10.0,0.0,2.2071927872299697,0.0,0.8673350083857846,1.0,0.46638386940590626,1.0,1.0,0.0,DB,WR,WR,WR,0.8490551100097761,0.6666666666666666,WR
2023091010.0,3029.0,45900.0,46775.0,300.0,0.1115382870304373,1.0344563789740004,5.815930310091657,10.0,800.0,1.0344563789740004,0.0,0.7769234259391253,0.689637585982667,0.5815930310091657,1.0,0.0,0.1724348968207996,DB,WR,WR,WR,0.7591964377769194,0.05747829894026653,WR
2023091010.0,3064.0,46279.0,46775.0,500.0,0.1066842401369389,0.9124143795447326,8.604023156739297,10.0,600.0,0.9124143795447326,0.0,0.7866315197261222,0.6082762530298217,0.8604023156739297,1.0,0.0,0.27006849636421393,DB,WR,WR,WR,0.7964979705181123,0.09002283212140463,WR
2023091010.0,3198.0,43454.0,46775.0,400.0,0.134854242301333,1.7788198334851115,5.789389141152547,10.0,700.0,1.7788198334851115,0.0,0.730291515397334,1.0,0.5789389141152548,1.0,0.0,0.0,DB,WR,WR,WR,0.8258849546221622,0.0,WR
2023091010.0,3274.0,40024.0,43327.0,400.0,0.1559211211202512,3.285681055732585,21.79311185499921,10.0,800.0,3.285681055732585,0.0,0.6881577577594976,1.0,1.0,1.0,0.0,0.0,DB,WR,WR,WR,0.8960525859198325,0.0,WR
2023091010.0,3309.0,45573.0,46142.0,700.0,0.1631194487038701,6.011397508067486,7.583623881544236,10.0,0.0,6.011397508067486,0.0,0.6737611025922599,1.0,0.7583623881544236,1.0,1.0,0.0,DB,WR,WR,WR,0.8429261784949713,0.6666666666666666,WR
2023091010.0,3494.0,48456.0,43327.0,600.0,0.2676054902514118,6.354470867035271,5.481391553824153,10.0,800.0,6.354470867035271,0.0,0.46478901949717644,1.0,0.5481391553824153,1.0,0.0,0.0,DB,WR,WR,WR,0.7312241709088751,0.0,WR
2023091010.0,3640.0,46279.0,45571.0,700.0,0.2385880365980858,1.584834376204657,9.951830809304871,10.0,1000.0,1.584834376204657,0.0,0.5228239268038284,1.0,0.9951830809304871,1.0,0.0,0.0,DB,WR,WR,WR,0.8399779251207069,0.0,WR
2023091010.0,3676.0,48233.0,45571.0,0.0,0.1380336795977587,3.940875537237885,10.108088172500226,10.0,800.0,3.940875537237885,1.0,0.7239326408044826,1.0,1.0,1.0,0.0,0.0,DB,WR,WR,WR,0.9079775469348275,0.0,WR
2023091010.0,3701.0,46279.0,42388.0,400.0,0.0256837708418386,2.079326814139613,2.0459052175850294,10.0,600.0,2.079326814139613,0.0,0.9486324583163228,1.0,0.20459052175850295,1.0,0.0,0.0,DB,WR,WR,WR,0.8237955904571415,0.0,WR
2023091010.0,3803.0,43454.0,54679.0,500.0,0.0574761582913281,1.5713688300332285,10.55571038669253,10.0,300.0,1.5713688300332285,0.0,0.8850476834173437,1.0,1.0,1.0,0.0,0.0,DB,WR,WR,WR,0.9616825611391144,0.0,WR
2023091010.0,3826.0,42718.0,52594.0,0.0,0.1602438617797738,3.104593371119651,11.872071957811205,10.0,400.0,3.104593371119651,1.0,0.6795122764404524,1.0,1.0,1.0,0.0,0.0,DB,WR,WR,WR,0.8931707588134841,0.0,WR
2023091010.0,3890.0,40024.0,53465.0,300.0,0.2124727371490764,3.0680449801135485,17.79715659687537,10.0,0.0,3.0680449801135485,0.0,0.5750545257018471,1.0,1.0,1.0,1.0,0.0,DB,WR,WR,WR,0.8583515085672823,0.6666666666666666,WR
2023091010.0,4076.0,45573.0,53465.0,200.0,0.1290327956978046,2.3842189496772357,5.100517931392868,10.0,0.0,2.3842189496772357,0.0,0.7419344086043909,1.0,0.5100517931392867,1.0,1.0,0.0,DB,WR,WR,WR,0.8159884948293209,0.6666666666666666,WR
2023091010.0,4099.0,44819.0,46142.0,300.0,0.1134980977013192,6.00740376535488,1.7277594741103433,10.0,900.0,6.00740376535488,0.0,0.7730038045973616,1.0,0.17277594741103433,1.0,0.0,0.0,DB,WR,WR,WR,0.7588897910146607,0.0,WR
2023091010.0,4207.0,45573.0,43327.0,400.0,0.206642330202645,3.5662865841095823,14.215057958904396,10.0,0.0,3.5662865841095823,0.0,0.58671533959471,1.0,1.0,1.0,1.0,0.0,DB,WR,WR,WR,0.8622384465315699,0.6666666666666666,WR
2023091010.0,4321.0,52922.0,54679.0,0.0,0.1120121958812691,6.822939249326496,3.264449088421615,10.0,900.0,6.822939249326496,1.0,0.7759756082374618,1.0,0.3264449088421615,1.0,0.0,0.0,DB,WR,WR,WR,0.7906141845142529,0.0,WR
2023091010.0,4426.0,43454.0,54679.0,200.0,0.168586688298547,1.341640786499877,3.4547031921968943,10.0,500.0,1.341640786499877,0.0,0.662826623402906,0.894427190999918,0.3454703192196894,1.0,0.0,0.0,DB,WR,WR,WR,0.7285501892448846,0.0,WR
2023091010.0,4473.0,45900.0,46086.0,200.0,0.1333833692347205,4.034476422040398,13.398825128514954,10.0,300.0,4.034476422040398,0.0,0.733233261530559,1.0,1.0,1.0,0.0,0.0,DB,WR,WR,WR,0.9110777538435195,0.0,WR
2023091010.0,4498.0,45900.0,53476.0,200.0,0.3072842604725192,2.049634113689562,3.1340378596272935,10.0,500.0,2.049634113689562,0.0,0.38543147905496156,1.0,0.31340378596272933,1.0,0.0,0.0,DB,WR,WR,WR,0.6578245835441997,0.0,WR
2023091010.0,4528.0,42718.0,52594.0,500.0,0.2430035705377961,13.500703685363964,1.7761168049479386,10.0,0.0,13.500703685363964,0.0,0.5139928589244078,1.0,0.17761168049479387,1.0,1.0,0.0,DB,WR,WR,WR,0.673519955740428,0.6666666666666666,WR
2023091010.0,4558.0,43454.0,45571.0,500.0,0.1703013919572124,0.8741853350405691,22.584966493869793,10.0,800.0,0.8741853350405691,0.0,0.6593972160855752,0.5827902233603793,1.0,1.0,0.0,0.3006517319675448,DB,WR,WR,WR,0.7752097982579594,0.1002172439891816,WR
2023091010.0,4615.0,44856.0,54936.0,500.0,0.1957787280192299,7.907464827616994,9.25112838990323,10.0,700.0,7.907464827616994,0.0,0.6084425439615402,1.0,0.9251128389903229,1.0,0.0,0.0,DB,WR,WR,WR,0.8545034157852446,0.0,WR
2023091010.0,4699.0,44819.0,54936.0,400.0,0.0664494567549676,4.5479335967008145,4.159058173249621,10.0,1000.0,4.5479335967008145,0.0,0.8671010864900648,1.0,0.41590581732496207,1.0,0.0,0.0,DB,WR,WR,WR,0.8388815256283473,0.0,WR
2023091011.0,140.0,53579.0,55941.0,500.0,0.0854703013554598,9.970997944037496,4.758038679244085,10.0,500.0,9.970997944037496,0.0,0.8290593972890804,1.0,0.4758038679244085,1.0,0.0,0.0,DB,WR,WR,WR,0.8381805726812418,0.0,WR
2023091011.0,209.0,52608.0,52991.0,500.0,0.2132894691746845,5.714341606869513,13.08625931779808,10.0,800.0,5.714341606869513,0.0,0.573421061650631,1.0,1.0,1.0,0.0,0.0,DB,WR,WR,WR,0.8578070205502103,0.0,WR
2023091011.0,515.0,43324.0,46194.0,100.0,0.2223635907752506,2.623375687925769,19.658585925016663,10.0,900.0,2.623375687925769,0.16666666666666663,0.5552728184494988,1.0,1.0,1.0,0.0,0.0,DB,WR,WR,WR,0.8517576061498329,0.0,WR
2023091011.0,614.0,56075.0,44869.0,500.0,0.1059784344639442,0.5360037313302958,21.433329409864232,10.0,0.0,0.5360037313302958,0.0,0.7880431310721117,0.35733582088686383,1.0,1.0,1.0,0.5711970149357634,DB,WR,WR,WR,0.7579705959272008,0.8570656716452544,DB
2023091011.0,637.0,45185.0,44862.0,400.0,0.1573328420527824,3.008853602287756,21.222161504478052,10.0,800.0,3.008853602287756,0.0,0.6853343158944352,1.0,1.0,1.0,0.0,0.0,DB,WR,WR,WR,0.8951114386314784,0.0,WR
2023091011.0,766.0,47834.0,55881.0,300.0,0.095495971221201,2.7788126960988215,9.482694263129048,10.0,1000.0,2.7788126960988215,0.0,0.809008057557598,1.0,0.9482694263129048,1.0,0.0,0.0,DB,WR,WR,WR,0.9259899044484469,0.0,WR
2023091011.0,849.0,53439.0,54550.0,300.0,0.2728004872065038,1.960612149304396,11.1173582128692,10.0,800.0,1.960612149304396,0.0,0.4543990255869924,1.0,1.0,1.0,0.0,0.0,DB,WR,WR,WR,0.8181330085289974,0.0,WR
2023091011.0,952.0,44874.0,43351.0,400.0,0.178799701714889,4.782572529507527,56.70085582038949,10.0,1000.0,4.782572529507527,0.0,0.642400596570222,1.0,1.0,1.0,0.0,0.0,DB,WR,WR,WR,0.8808001988567405,0.0,WR
2023091011.0,980.0,45185.0,54808.0,100.0,0.2984381110422209,1.756416807025031,0.4681750593234985,10.0,0.0,1.756416807025031,0.16666666666666663,0.4031237779155582,1.0,0.04681750593234985,1.0,1.0,0.0,DB,WR,WR,WR,0.610404760491656,0.6666666666666666,DB
2023091011.0,1034.0,52443.0,44837.0,500.0,0.2564816896834103,10.411479241683192,3.791380681862363,10.0,1000.0,10.411479241683192,0.0,0.48703662063317943,1.0,0.3791380681862363,1.0,0.0,0.0,DB,WR,WR,WR,0.7048398205149736,0.0,WR
2023091011.0,1101.0,47834.0,52991.0,300.0,0.246182446777688,12.835298983662206,11.150206737826686,10.0,0.0,12.835298983662206,0.0,0.5076351064446241,1.0,1.0,1.0,1.0,0.0,DB,WR,WR,WR,0.8358783688148747,0.6666666666666666,WR
2023091011.0,1224.0,45185.0,46194.0,300.0,0.0423519091721534,2.1467417171145677,1.3930324756030357,10.0,0.0,2.1467417171145677,0.0,0.9152961816556932,1.0,0.13930324756030357,1.0,1.0,0.0,DB,WR,WR,WR,0.7996260433972916,0.6666666666666666,WR
2023091011.0,1418.0,45185.0,54808.0,200.0,0.0596017484731164,2.6119915773217923,2.0096060250804157,10.0,0.0,2.6119915773217923,0.0,0.8807965030537672,1.0,0.20096060250804157,1.0,1.0,0.0,DB,WR,WR,WR,0.8004576215195307,0.6666666666666666,WR
2023091011.0,1443.0,44874.0,46194.0,0.0,0.2115528666423961,3.6216294675187366,27.90926685796876,10.0,200.0,3.6216294675187366,1.0,0.5768942667152078,1.0,1.0,1.0,0.0,0.0,DB,WR,WR,WR,0.8589647555717359,0.0,WR
2023091011.0,1661.0,46111.0,54548.0,0.0,0.2058762413149413,4.1546359647988425,12.711265885232129,10.0,800.0,4.1546359647988425,1.0,0.5882475173701174,1.0,1.0,1.0,0.0,0.0,DB,WR,WR,WR,0.8627491724567057,0.0,WR
2023091011.0,1686.0,45185.0,39984.0,100.0,0.0473252843592358,2.9451655301527615,4.462100716784106,10.0,0.0,2.9451655301527615,0.16666666666666663,0.9053494312815284,1.0,0.44621007167841065,1.0,1.0,0.0,DB,WR,WR,WR,0.8576918247628582,0.6666666666666666,WR
2023091011.0,1734.0,44874.0,54548.0,0.0,0.2539527344644891,11.488415904727685,12.52943708794544,10.0,0.0,11.488415904727685,1.0,0.49209453107102175,1.0,1.0,1.0,1.0,0.0,DB,WR,WR,WR,0.8306981770236739,0.6666666666666666,WR
2023091011.0,1759.0,56075.0,46194.0,400.0,0.1635664344987187,3.1027246091137397,4.761827161429845,10.0,800.0,3.1027246091137397,0.0,0.6728671310025627,1.0,0.47618271614298446,1.0,0.0,0.0,DB,WR,WR,WR,0.7861922535627844,0.0,WR
2023091011.0,1792.0,42437.0,44869.0,500.0,0.0972283892893143,1.8257053431482348,14.494871793213086,10.0,1100.0,1.8257053431482348,0.0,0.8055432214213714,1.0,1.0,1.0,0.0,0.0,DB,WR,WR,WR,0.9351810738071237,0.0,WR
2023091011.0,1839.0,43324.0,54808.0,200.0,0.177836930995713,0.7800640999302569,5.211258983470685,10.0,400.0,0.7800640999302569,0.0,0.6443261380085741,0.5200427332868379,0.5211258983470686,1.0,0.0,0.3759487200557945,DB,WR,WR,WR,0.6576786212154284,0.12531624001859815,WR
2023091011.0,1964.0,47834.0,55881.0,300.0,0.0453888194111307,3.418318299983189,9.881975351139175,10.0,0.0,3.418318299983189,0.0,0.9092223611777386,1.0,0.9881975351139175,1.0,1.0,0.0,DB,WR,WR,WR,0.9673802940820295,0.6666666666666666,WR
2023091011.0,1989.0,52443.0,44837.0,400.0,0.2668628128263008,5.6360003548616024,5.856024015246208,10.0,1300.0,5.6360003548616024,0.0,0.4662743743473984,1.0,0.5856024015246208,1.0,0.0,0.0,DB,WR,WR,WR,0.7392119384207235,0.0,WR
2023091011.0,2093.0,43324.0,44869.0,100.0,0.0860177168904615,1.8225805880673696,8.51860339144135,10.0,1000.0,1.8225805880673696,0.16666666666666663,0.827964566219077,1.0,0.851860339144135,1.0,0.0,0.0,DB,WR,WR,WR,0.913026923235186,0.0,WR
2023091011.0,2125.0,43324.0,54548.0,100.0,0.0753358750605991,3.2041379495895583,13.126649272208171,10.0,500.0,3.2041379495895583,0.16666666666666663,0.8493282498788017,1.0,1.0,1.0,0.0,0.0,DB,WR,WR,WR,0.9497760832929338,0.0,WR
2023091011.0,2196.0,44874.0,46194.0,400.0,0.2468356556680798,6.5524346620168625,5.867571633594415,10.0,0.0,6.5524346620168625,0.0,0.5063286886638404,1.0,0.5867571633594415,1.0,1.0,0.0,DB,WR,WR,WR,0.7527943288931683,0.6666666666666666,WR
2023091011.0,2221.0,45185.0,43351.0,200.0,0.1675234388499188,1.4803040228277444,14.730862484081776,10.0,100.0,1.4803040228277444,0.0,0.6649531223001623,0.9868693485518296,1.0,1.0,0.2857142857142857,0.0,DB,WR,WR,WR,0.884816200380542,0.19047619047619047,WR
2023091011.0,2363.0,53549.0,44869.0,400.0,0.1051246060430141,8.023297327159199,19.911877413894945,10.0,1100.0,8.023297327159199,0.0,0.7897507879139718,1.0,1.0,1.0,0.0,0.0,DB,WR,WR,WR,0.9299169293046572,0.0,WR
2023091011.0,2388.0,56052.0,43351.0,200.0,0.1365277511710598,1.1788129622633126,6.356713121958679,10.0,600.0,1.1788129622633126,0.0,0.7269444976578804,0.7858753081755417,0.6356713121958679,1.0,0.0,0.05694963018934995,DB,WR,WR,WR,0.7790158438386114,0.01898321006311665,WR
2023091011.0,2449.0,47834.0,52445.0,400.0,0.1360283194915812,2.1541123461881018,13.615944723847042,10.0,0.0,2.1541123461881018,0.0,0.7279433610168375,1.0,1.0,1.0,1.0,0.0,DB,WR,WR,WR,0.909314453672279,0.6666666666666666,WR
2023091011.0,2508.0,53439.0,42116.0,400.0,0.1727638079382754,2.1911184358678506,17.90607052449083,10.0,1000.0,2.1911184358678506,0.0,0.6544723841234492,1.0,1.0,1.0,0.0,0.0,DB,WR,WR,WR,0.8848241280411496,0.0,WR
2023091011.0,2555.0,53579.0,55881.0,500.0,0.1603000060948937,11.702008374633822,14.51513583992902,10.0,700.0,11.702008374633822,0.0,0.6793999878102126,1.0,1.0,1.0,0.0,0.0,DB,WR,WR,WR,0.8931333292700708,0.0,WR
2023091011.0,2580.0,52608.0,52468.0,400.0,0.3119895371072045,5.995815207292496,4.0265998527009295,10.0,700.0,5.995815207292496,0.0,0.376020925785591,1.0,0.40265998527009295,1.0,0.0,0.0,DB,WR,WR,WR,0.6725389723158822,0.0,WR
2023091011.0,2643.0,53439.0,43700.0,500.0,0.1291689412537524,1.2143310915891137,7.617624739443067,10.0,800.0,1.2143310915891137,0.0,0.7416621174924952,0.8095540610594091,0.7617624739443067,1.0,0.0,0.02853512672870906,DB,WR,WR,WR,0.8154542835688687,0.009511708909569686,WR
2023091011.0,2809.0,44874.0,39984.0,200.0,0.1415606190541529,3.2162866787648174,31.841417719488863,10.0,400.0,3.2162866787648174,0.0,0.7168787618916942,1.0,1.0,1.0,0.0,0.0,DB,WR,WR,WR,0.905626253963898,0.0,WR
2023091011.0,2834.0,44874.0,44869.0,300.0,0.1381612736963839,1.524335920983296,19.88534998481528,10.0,0.0,1.524335920983296,0.0,0.7236774526072323,1.0,1.0,1.0,1.0,0.0,DB,WR,WR,WR,0.9078924842024106,0.6666666666666666,WR
2023091011.0,2857.0,45185.0,46194.0,200.0,0.0858418963492255,4.263859753791154,17.30955210516246,10.0,0.0,4.263859753791154,0.0,0.828316207301549,1.0,1.0,1.0,1.0,0.0,DB,WR,WR,WR,0.9427720691005161,0.6666666666666666,WR
2023091011.0,3006.0,56052.0,43351.0,300.0,0.1496588713634369,3.8029593739612824,7.08826731470318,10.0,500.0,3.8029593739612824,0.0,0.7006822572731262,1.0,0.708826731470318,1.0,0.0,0.0,DB,WR,WR,WR,0.8419927653851056,0.0,WR
2023091011.0,3108.0,53439.0,52991.0,600.0,0.1592555143176515,1.3242356285797514,14.804561704009274,10.0,0.0,1.3242356285797514,0.0,0.681488971364697,0.8828237523865009,1.0,1.0,1.0,0.0,DB,WR,WR,WR,0.8625826577579658,0.6666666666666666,WR
2023091011.0,3140.0,53579.0,52991.0,0.0,0.0919021218471042,10.896751809599046,4.397223900107556,10.0,600.0,10.896751809599046,1.0,0.8161957563057916,1.0,0.4397223900107556,1.0,0.0,0.0,DB,WR,WR,WR,0.8266763967707482,0.0,WR
2023091011.0,3187.0,53439.0,55881.0,400.0,0.1320265124889694,2.7064737205448703,12.962775813934346,10.0,0.0,2.7064737205448703,0.0,0.7359469750220612,1.0,1.0,1.0,1.0,0.0,DB,WR,WR,WR,0.9119823250073537,0.6666666666666666,WR
2023091011.0,3217.0,53439.0,46212.0,400.0,0.1680418643725966,4.100073170078797,19.55412874417953,10.0,0.0,4.100073170078797,0.0,0.6639162712548068,1.0,1.0,1.0,1.0,0.0,DB,WR,WR,WR,0.8879720904182689,0.6666666666666666,WR
2023091011.0,3262.0,47834.0,55881.0,300.0,0.1612727578948919,1.3900359707575922,10.994361105589483,10.0,700.0,1.3900359707575922,0.0,0.6774544842102161,0.9266906471717281,1.0,1.0,0.0,0.0,DB,WR,WR,WR,0.8729356673158661,0.0,WR
2023091011.0,3285.0,53439.0,55881.0,300.0,0.0412074258848079,4.177846335134886,4.6207132270763065,10.0,700.0,4.177846335134886,0.0,0.9175851482303842,1.0,0.4620713227076306,1.0,0.0,0.0,DB,WR,WR,WR,0.8649426472849874,0.0,WR
2023091011.0,3355.0,46118.0,43522.0,900.0,0.1321012449458979,1.2831601614763464,10.015024528691695,10.0,0.0,1.2831601614763464,0.0,0.7357975101082042,0.8554401076508976,1.0,1.0,1.0,0.0,DB,WR,WR,WR,0.873383198742974,0.6666666666666666,WR
2023091011.0,3425.0,46111.0,43351.0,0.0,0.0210878393795329,8.852491174804976,4.599598203802249,10.0,400.0,8.852491174804976,1.0,0.9578243212409342,1.0,0.4599598203802249,1.0,0.0,0.0,DB,WR,WR,WR,0.8779334044896896,0.0,WR
2023091011.0,3491.0,42437.0,46194.0,300.0,0.0770004158391943,2.621907702418222,3.85383848105934,10.0,0.0,2.621907702418222,0.0,0.8459991683216114,1.0,0.385383848105934,1.0,1.0,0.0,DB,WR,WR,WR,0.8257431590617238,0.6666666666666666,WR
2023091011.0,3541.0,53549.0,43351.0,0.0,0.1721742026087408,7.3903247560577485,6.592299928155216,10.0,300.0,7.3903247560577485,1.0,0.6556515947825183,1.0,0.6592299928155216,1.0,0.0,0.0,DB,WR,WR,WR,0.8170631968239437,0.0,WR
2023091011.0,3683.0,47834.0,43700.0,400.0,0.2644803731750574,0.9244457799135728,10.003054706370897,10.0,0.0,0.9244457799135728,0.0,0.4710392536498852,0.6162971866090485,1.0,1.0,1.0,0.2604433760691418,DB,WR,WR,WR,0.7213590009790413,0.7534811253563806,DB
2023091011.0,3772.0,47834.0,55881.0,300.0,0.3663600426507561,4.75063153696432,1.6988630351311342,10.0,600.0,4.75063153696432,0.0,0.2672799146984878,1.0,0.16988630351311343,1.0,0.0,0.0,DB,WR,WR,WR,0.5897372322687853,0.0,WR
2023091011.0,3797.0,47834.0,44837.0,300.0,0.0963811603127971,5.0982840250421555,10.32364922453736,10.0,800.0,5.0982840250421555,0.0,0.8072376793744058,1.0,1.0,1.0,0.0,0.0,DB,WR,WR,WR,0.9357458931248018,0.0,WR
2023091011.0,3915.0,47834.0,55881.0,300.0,0.208742475439551,1.9448907424325923,25.355339420027327,10.0,700.0,1.9448907424325923,0.0,0.582515049120898,1.0,1.0,1.0,0.0,0.0,DB,WR,WR,WR,0.8608383497069659,0.0,WR
2023091011.0,3976.0,56075.0,44862.0,200.0,0.0893534866921575,4.351608897867546,8.11825123451003,10.0,700.0,4.351608897867546,0.0,0.821293026615685,1.0,0.811825123451003,1.0,0.0,0.0,DB,WR,WR,WR,0.9027960335620955,0.0,WR
2023091011.0,4046.0,56075.0,46194.0,200.0,0.1036237990902269,1.8689301752607037,12.250146972207874,10.0,100.0,1.8689301752607037,0.0,0.7927524018195462,1.0,1.0,1.0,0.2857142857142857,0.0,DB,WR,WR,WR,0.9309174672731819,0.19047619047619047,WR
2023091011.0,4096.0,45185.0,39984.0,200.0,0.0928884323775851,2.9406461874900893,8.947160591218521,10.0,500.0,2.9406461874900893,0.0,0.8142231352448298,1.0,0.8947160591218521,1.0,0.0,0.0,DB,WR,WR,WR,0.9170175902393137,0.0,WR
2023091011.0,4270.0,45185.0,39984.0,300.0,0.1574461965651575,2.535133132598764,17.891738818218425,10.0,0.0,2.535133132598764,0.0,0.6851076068696851,1.0,1.0,1.0,1.0,0.0,DB,WR,WR,WR,0.8950358689565616,0.6666666666666666,WR
2023091011.0,4317.0,43324.0,54026.0,100.0,0.2233217522813592,9.260048595984795,4.159404953060681,10.0,300.0,9.260048595984795,0.16666666666666663,0.5533564954372816,1.0,0.41594049530606814,1.0,0.0,0.0,DB,WR,WR,WR,0.7343069308736407,0.0,WR
2023091011.0,4427.0,53439.0,55881.0,300.0,0.1711972451064157,0.5500909015790033,14.347441810490054,10.0,1000.0,0.5500909015790033,0.0,0.6576055097871686,0.36672726771933556,1.0,1.0,0.0,0.5599272787367974,DB,WR,WR,WR,0.7169957746542123,0.18664242624559912,WR
2023091011.0,4457.0,45185.0,43351.0,500.0,0.0206511643312262,6.34709382316032,4.157216716283944,10.0,200.0,6.34709382316032,0.0,0.9586976713375476,1.0,0.4157216716283944,1.0,0.0,0.0,DB,WR,WR,WR,0.8693768914381946,0.0,WR
2023091011.0,4485.0,56075.0,46194.0,300.0,0.2358630646824239,1.5617938404283704,24.351250692206023,10.0,300.0,1.5617938404283704,0.0,0.5282738706351522,1.0,1.0,1.0,0.0,0.0,DB,WR,WR,WR,0.842757956878384,0.0,WR
2023091011.0,4557.0,46111.0,46097.0,600.0,0.2643403231662035,9.721440222518464,7.29595545708842,10.0,700.0,9.721440222518464,0.0,0.47131935366759303,1.0,0.729595545708842,1.0,0.0,0.0,DB,WR,WR,WR,0.7696922270309661,0.0,WR
2023091011.0,4666.0,56052.0,54815.0,500.0,0.1452086032628176,2.1612265036316693,13.682093855679076,10.0,0.0,2.1612265036316693,0.0,0.7095827934743648,1.0,1.0,1.0,1.0,0.0,DB,WR,WR,WR,0.9031942644914548,0.6666666666666666,WR
2023091012.0,55.0,42412.0,44878.0,400.0,0.0330218287874943,3.680489097932502,4.966515692867059,10.0,200.0,3.680489097932502,0.0,0.9339563424250114,1.0,0.4966515692867059,1.0,0.0,0.0,DB,WR,WR,WR,0.8773157613323448,0.0,WR
2023091012.0,102.0,42412.0,55942.0,400.0,0.1317744009799446,3.295147948120089,14.091750188905245,10.0,400.0,3.295147948120089,0.0,0.7364511980401107,1.0,1.0,1.0,0.0,0.0,DB,WR,WR,WR,0.9121503993467035,0.0,WR
2023091012.0,176.0,47847.0,44878.0,300.0,0.2304221079369056,5.275319895513449,9.324716685216083,10.0,200.0,5.275319895513449,0.0,0.5391557841261888,1.0,0.9324716685216083,1.0,0.0,0.0,DB,WR,WR,WR,0.8328795950797179,0.0,WR
2023091012.0,327.0,42412.0,54677.0,100.0,0.2045459168797228,0.7043436661176097,69.17296653452243,10.0,100.0,0.7043436661176097,0.16666666666666663,0.5909081662405544,0.46956244407840647,1.0,1.0,0.2857142857142857,0.4365250671059122,DB,WR,WR,WR,0.7221860405010931,0.3359845461781612,WR
2023091012.0,439.0,43399.0,52435.0,200.0,0.2512798983237364,0.8819297024139796,3.3273973110318593,10.0,500.0,0.8819297024139796,0.0,0.49744020335252725,0.5879531349426531,0.33273973110318594,1.0,0.0,0.29445623806881627,DB,WR,WR,WR,0.5891488499895204,0.09815207935627208,WR
2023091012.0,582.0,56042.0,53566.0,0.0,0.1527878190401932,4.156164096856621,27.086075198172225,10.0,100.0,4.156164096856621,1.0,0.6944243619196135,1.0,1.0,1.0,0.2857142857142857,0.0,DB,WR,WR,WR,0.8981414539732044,0.19047619047619047,WR
2023091012.0,605.0,52465.0,54574.0,0.0,0.1466044240221184,2.389246743222644,15.711052336932848,10.0,0.0,2.389246743222644,1.0,0.7067911519557633,1.0,1.0,1.0,1.0,0.0,DB,WR,WR,WR,0.9022637173185877,0.6666666666666666,WR
2023091012.0,652.0,56042.0,54618.0,200.0,0.0386566078870525,5.163303206281807,7.796772493300238,10.0,0.0,5.163303206281807,0.0,0.922686784225895,1.0,0.7796772493300238,1.0,1.0,0.0,DB,WR,WR,WR,0.930164377941303,0.6666666666666666,WR
2023091012.0,677.0,43399.0,54574.0,0.0,0.1282745018547605,5.565294241996553,4.962585041565942,10.0,400.0,5.565294241996553,1.0,0.743450996290479,1.0,0.49625850415659417,1.0,0.0,0.0,DB,WR,WR,WR,0.8137353662614785,0.0,WR
2023091012.0,783.0,56042.0,54574.0,100.0,0.0897646495436385,3.602568528147664,5.9067737411225805,10.0,0.0,3.602568528147664,0.16666666666666663,0.820470700912723,1.0,0.5906773741122581,1.0,1.0,0.0,DB,WR,WR,WR,0.8582923751266925,0.6666666666666666,WR
2023091012.0,950.0,47847.0,53532.0,0.0,0.0608515954323852,5.00119985603455,11.1797557545222,10.0,400.0,5.00119985603455,1.0,0.8782968091352296,1.0,1.0,1.0,0.0,0.0,DB,WR,WR,WR,0.959432269711743,0.0,WR
2023091012.0,1165.0,55884.0,52835.0,500.0,0.2882168723673918,3.002615526503516,5.503819213636439,10.0,100.0,3.002615526503516,0.0,0.4235662552652164,1.0,0.5503819213636439,1.0,0.2857142857142857,0.0,DB,WR,WR,WR,0.7179318026944675,0.19047619047619047,WR
2023091012.0,1212.0,47847.0,54677.0,300.0,0.0425329004306973,2.5137223394798407,4.603764472589371,10.0,0.0,2.5137223394798407,0.0,0.9149341991386054,1.0,0.4603764472589371,1.0,1.0,0.0,DB,WR,WR,WR,0.8637200224979892,0.6666666666666666,WR
2023091012.0,1392.0,56042.0,54618.0,200.0,0.1099014710244284,8.10039505209468,11.67370823682914,10.0,300.0,8.10039505209468,0.0,0.7801970579511432,1.0,1.0,1.0,0.0,0.0,DB,WR,WR,WR,0.926732352650381,0.0,WR
2023091012.0,1455.0,46189.0,52844.0,0.0,0.0898018879810848,2.5572641631243336,16.28518186145117,10.0,800.0,2.5572641631243336,1.0,0.8203962240378304,1.0,1.0,1.0,0.0,0.0,DB,WR,WR,WR,0.9401320746792767,0.0,WR
2023091012.0,1641.0,56042.0,47793.0,300.0,0.0746189264846616,6.219276485251321,4.032737069337045,10.0,100.0,6.219276485251321,0.0,0.8507621470306768,1.0,0.40327370693370446,1.0,0.2857142857142857,0.0,DB,WR,WR,WR,0.8309087903969664,0.19047619047619047,WR
2023091012.0,1666.0,52544.0,38577.0,0.0,0.3526248063200575,5.003208970250993,4.96841830239824,10.0,0.0,5.003208970250993,1.0,0.294750387359885,1.0,0.496841830239824,1.0,1.0,0.0,DB,WR,WR,WR,0.6642851618345931,0.6666666666666666,DB
2023091012.0,1713.0,53486.0,54574.0,200.0,0.0998619737092326,1.771327186038759,9.041195032288067,10.0,200.0,1.771327186038759,0.0,0.8002760525815348,1.0,0.9041195032288067,1.0,0.0,0.0,DB,WR,WR,WR,0.9142492515062729,0.0,WR
2023091012.0,1831.0,52552.0,52835.0,200.0,0.0225014619408091,4.605702986515738,3.523160681655926,10.0,600.0,4.605702986515738,0.0,0.9549970761183818,1.0,0.35231606816559263,1.0,0.0,0.0,DB,WR,WR,WR,0.8554622390059123,0.0,WR
2023091012.0,1956.0,56042.0,53566.0,200.0,0.1296832369101107,7.102027879415852,14.956597485693695,10.0,700.0,7.102027879415852,0.0,0.7406335261797786,1.0,1.0,1.0,0.0,0.0,DB,WR,WR,WR,0.9135445087265928,0.0,WR
2023091012.0,1979.0,56042.0,53566.0,200.0,0.1121500404767976,5.892851601728997,13.765304952192672,10.0,500.0,5.892851601728997,0.0,0.7756999190464048,1.0,1.0,1.0,0.0,0.0,DB,WR,WR,WR,0.9252333063488014,0.0,WR
2023091012.0,2002.0,53486.0,43314.0,100.0,0.1462069443912812,1.7044940598312426,11.397801134004348,10.0,900.0,1.7044940598312426,0.16666666666666663,0.7075861112174375,1.0,1.0,1.0,0.0,0.0,DB,WR,WR,WR,0.9025287037391457,0.0,WR
2023091012.0,2034.0,56042.0,53566.0,100.0,0.1532480843908273,2.5978837541352795,17.62049114155804,10.0,300.0,2.5978837541352795,0.16666666666666663,0.6935038312183455,1.0,1.0,1.0,0.0,0.0,DB,WR,WR,WR,0.8978346104061151,0.0,WR
2023091012.0,2215.0,56042.0,54618.0,200.0,0.1880159567696316,1.4440221604947785,17.134321708679312,10.0,800.0,1.4440221604947785,0.0,0.6239680864607369,0.9626814403298524,1.0,1.0,0.0,0.0,DB,WR,WR,WR,0.8647044129082062,0.0,WR
2023091012.0,2240.0,52465.0,42543.0,100.0,0.2237121261456683,5.789438660181134,7.70210680130868,10.0,600.0,5.789438660181134,0.16666666666666663,0.5525757477086635,1.0,0.770210680130868,1.0,0.0,0.0,DB,WR,WR,WR,0.804900718595728,0.0,WR
2023091012.0,2263.0,56042.0,38577.0,300.0,0.2480269721570195,9.986490875177328,6.005134289584231,10.0,0.0,9.986490875177328,0.0,0.503946055685961,1.0,0.6005134289584231,1.0,1.0,0.0,DB,WR,WR,WR,0.7547513710203382,0.6666666666666666,WR
2023091012.0,2310.0,52465.0,53566.0,200.0,0.0867686829900401,3.348089007180066,13.518745498433018,10.0,600.0,3.348089007180066,0.0,0.8264626340199198,1.0,1.0,1.0,0.0,0.0,DB,WR,WR,WR,0.9421542113399732,0.0,WR
2023091012.0,2335.0,53486.0,53566.0,0.0,0.2141486775225476,2.165178976435902,6.556712155399015,10.0,0.0,2.165178976435902,1.0,0.5717026449549047,1.0,0.6556712155399015,1.0,1.0,0.0,DB,WR,WR,WR,0.7883684580929484,0.6666666666666666,WR
2023091012.0,2476.0,52541.0,53532.0,0.0,0.1467874195786088,4.232930427020986,6.478690755417116,10.0,0.0,4.232930427020986,1.0,0.7064251608427824,1.0,0.6478690755417116,1.0,1.0,0.0,DB,WR,WR,WR,0.8317155353892698,0.6666666666666666,WR
2023091012.0,2499.0,55884.0,54718.0,200.0,0.0909890341140311,3.486617271797975,18.47037213692562,10.0,0.0,3.486617271797975,0.0,0.8180219317719378,1.0,1.0,1.0,1.0,0.0,DB,WR,WR,WR,0.9393406439239791,0.6666666666666666,WR
2023091012.0,2543.0,53486.0,52435.0,0.0,0.0327617663341481,10.476320919101322,7.022287255666475,10.0,0.0,10.476320919101322,1.0,0.9344764673317038,1.0,0.7022287255666475,1.0,1.0,0.0,DB,WR,WR,WR,0.9186045675572306,0.6666666666666666,WR
2023091012.0,2602.0,56042.0,38577.0,100.0,0.155771505432675,8.406931663811715,22.793575297581583,10.0,100.0,8.406931663811715,0.16666666666666663,0.6884569891346499,1.0,1.0,1.0,0.2857142857142857,0.0,DB,WR,WR,WR,0.8961523297115499,0.19047619047619047,WR
2023091012.0,2656.0,43399.0,47891.0,100.0,0.0887508849348535,0.9338094023943004,7.390910675254272,10.0,100.0,0.9338094023943004,0.16666666666666663,0.822498230130293,0.6225396015962003,0.7390910675254272,1.0,0.2857142857142857,0.2529524780845597,DB,WR,WR,WR,0.7879948506408364,0.2747936831710437,WR
2023091012.0,2725.0,54629.0,43314.0,0.0,0.0853470971042777,1.1482595525402766,2.8147092307681545,10.0,0.0,1.1482595525402766,1.0,0.8293058057914446,0.7655063683601844,0.2814709230768154,1.0,1.0,0.08139235796777877,DB,WR,WR,WR,0.736864484775227,0.6937974526559262,WR
2023091012.0,2791.0,54506.0,52835.0,200.0,0.1266847252349041,9.963061778389214,5.218239975283592,10.0,400.0,9.963061778389214,0.0,0.7466305495301918,1.0,0.5218239975283592,1.0,0.0,0.0,DB,WR,WR,WR,0.8199083160157357,0.0,WR
2023091012.0,2956.0,52544.0,47793.0,300.0,0.2420044500544438,10.142371517549536,8.199378181719938,10.0,300.0,10.142371517549536,0.0,0.5159910998911124,1.0,0.8199378181719938,1.0,0.0,0.0,DB,WR,WR,WR,0.8026512635981029,0.0,WR
2023091012.0,3068.0,53486.0,54574.0,200.0,0.1092220781966327,1.6446884203398515,12.083807841897128,10.0,0.0,1.6446884203398515,0.0,0.7815558436067346,1.0,1.0,1.0,1.0,0.0,DB,WR,WR,WR,0.9271852812022447,0.6666666666666666,WR
2023091012.0,3093.0,53486.0,38577.0,0.0,0.3062330084464849,5.554421662063474,8.429272637808081,10.0,0.0,5.554421662063474,1.0,0.38753398310703024,1.0,0.8429272637808081,1.0,1.0,0.0,DB,WR,WR,WR,0.7644301137918383,0.6666666666666666,WR
2023091012.0,3140.0,53486.0,47793.0,400.0,0.316262032794164,4.305124853009493,6.354252813665744,10.0,0.0,4.305124853009493,0.0,0.36747593441167203,1.0,0.6354252813665744,1.0,1.0,0.0,DB,WR,WR,WR,0.7162437010772055,0.6666666666666666,WR
2023091012.0,3197.0,54629.0,47793.0,0.0,0.1074900579314781,1.3213629327327112,4.81743125126812,10.0,0.0,1.3213629327327112,1.0,0.7850198841370438,0.8809086218218075,0.481743125126812,1.0,1.0,0.0,DB,WR,WR,WR,0.7929308855568589,0.6666666666666666,WR
2023091012.0,3298.0,53678.0,53566.0,500.0,0.289402143158229,0.6579513659838377,10.25049901219268,10.0,500.0,0.6579513659838377,0.0,0.42119571368354203,0.4386342439892252,1.0,1.0,0.0,0.4736389072129298,DB,WR,WR,WR,0.6573677029583073,0.15787963573764324,WR
2023091012.0,3382.0,55884.0,55942.0,400.0,0.0531036721894071,8.441765218246713,14.873906496778789,10.0,400.0,8.441765218246713,0.0,0.8937926556211858,1.0,1.0,1.0,0.0,0.0,DB,WR,WR,WR,0.9645975518737284,0.0,WR
2023091012.0,3412.0,47847.0,54677.0,300.0,0.2022108071452059,1.3946325680981364,8.364736845729052,10.0,500.0,1.3946325680981364,0.0,0.5955783857095882,0.9297550453987576,0.8364736845729052,1.0,0.0,0.0,DB,WR,WR,WR,0.8137555442574458,0.0,WR
2023091012.0,3516.0,52465.0,38577.0,200.0,0.111527305719042,3.804891588468719,31.408781436686724,10.0,700.0,3.804891588468719,0.0,0.776945388561916,1.0,1.0,1.0,0.0,0.0,DB,WR,WR,WR,0.9256484628539718,0.0,WR
2023091012.0,3541.0,56042.0,47941.0,100.0,0.2346411760145297,1.091650127101173,15.380464267807367,10.0,0.0,1.091650127101173,0.16666666666666663,0.5307176479709406,0.727766751400782,1.0,1.0,1.0,0.12667989831906168,DB,WR,WR,WR,0.7709770163638553,0.7088932994396872,WR
2023091012.0,3618.0,53678.0,42543.0,400.0,0.2030969329005912,4.714657993958843,15.377324418359333,10.0,0.0,4.714657993958843,0.0,0.5938061341988177,1.0,1.0,1.0,1.0,0.0,DB,WR,WR,WR,0.8646020447329391,0.6666666666666666,WR
2023091012.0,3663.0,56042.0,54618.0,300.0,0.1150579850377565,1.735655495770979,4.044819596237552,10.0,800.0,1.735655495770979,0.0,0.769884029924487,1.0,0.4044819596237552,1.0,0.0,0.0,DB,WR,WR,WR,0.8041910685662467,0.0,WR
2023091012.0,3729.0,52541.0,54676.0,200.0,0.0433397431156823,6.5348297605982015,7.433657457467058,10.0,300.0,6.5348297605982015,0.0,0.9133205137686354,1.0,0.7433657457467058,1.0,0.0,0.0,DB,WR,WR,WR,0.9197799870722196,0.0,WR
2023091013.0,422.0,42547.0,55166.0,500.0,0.1493642441126884,2.6084669827314366,23.464498612237637,10.0,400.0,2.6084669827314366,0.0,0.7012715117746232,1.0,1.0,1.0,0.0,0.0,DB,WR,WR,WR,0.9004238372582076,0.0,WR
2023091013.0,485.0,54594.0,52444.0,500.0,0.1039686187472477,1.6543578814754742,24.34708396399459,10.0,1200.0,1.6543578814754742,0.0,0.7920627625055046,1.0,1.0,1.0,0.0,0.0,DB,WR,WR,WR,0.9306875875018348,0.0,WR
2023091013.0,539.0,52425.0,53604.0,500.0,0.2229349680960796,4.923921201644075,5.479052559928764,10.0,1100.0,4.923921201644075,0.0,0.5541300638078408,1.0,0.5479052559928764,1.0,0.0,0.0,DB,WR,WR,WR,0.7609577391345221,0.0,WR
2023091013.0,616.0,54594.0,52444.0,900.0,0.1871612495505769,1.839184601936407,9.035996196794454,10.0,1000.0,1.839184601936407,0.0,0.6256775008988462,1.0,0.9035996196794454,1.0,0.0,0.0,DB,WR,WR,WR,0.8559457575688377,0.0,WR
2023091013.0,639.0,53117.0,44830.0,500.0,0.2806252723442078,5.731884506861597,7.331405280794699,10.0,600.0,5.731884506861597,0.0,0.4387494553115844,1.0,0.7331405280794698,1.0,0.0,0.0,DB,WR,WR,WR,0.7595445907197553,0.0,WR
2023091013.0,801.0,46071.0,52459.0,400.0,0.1753831209963912,11.27434255289416,9.704451908733176,10.0,700.0,11.27434255289416,0.0,0.6492337580072176,1.0,0.9704451908733176,1.0,0.0,0.0,DB,WR,WR,WR,0.8771669575104026,0.0,WR
2023091013.0,1015.0,41246.0,55888.0,400.0,0.1487447478064351,3.752612423365888,7.464713454032459,10.0,0.0,3.752612423365888,0.0,0.7025105043871298,1.0,0.7464713454032459,1.0,1.0,0.0,DB,WR,WR,WR,0.850131103876359,0.6666666666666666,WR
2023091013.0,1072.0,54594.0,52444.0,600.0,0.2603126762067866,0.8080841540334772,6.533117039174648,10.0,0.0,0.8080841540334772,0.0,0.4793746475864268,0.5387227693556514,0.6533117039174648,1.0,1.0,0.3535326767732182,DB,WR,WR,WR,0.6341132951404755,0.7845108922577394,DB
2023091013.0,1117.0,47911.0,52416.0,400.0,0.1764342586320687,8.05015527800551,2.0802170621611853,10.0,0.0,8.05015527800551,0.0,0.6471314827358625,1.0,0.20802170621611854,1.0,1.0,0.0,DB,WR,WR,WR,0.7239815021551779,0.6666666666666666,WR
2023091013.0,1142.0,41246.0,44830.0,400.0,0.2009687066501438,3.643212867785794,24.611165772189068,10.0,900.0,3.643212867785794,0.0,0.5980625866997125,1.0,1.0,1.0,0.0,0.0,DB,WR,WR,WR,0.8660208622332374,0.0,WR
2023091013.0,1233.0,54594.0,52416.0,800.0,0.0981364826696435,1.9557607215607915,10.50705799837916,10.0,0.0,1.9557607215607915,0.0,0.803727034660713,1.0,1.0,1.0,1.0,0.0,DB,WR,WR,WR,0.9345756782202376,0.6666666666666666,WR
2023091013.0,1337.0,41246.0,44830.0,300.0,0.0515710831077188,4.027170222376999,4.281483920401997,10.0,1000.0,4.027170222376999,0.0,0.8968578337845624,1.0,0.4281483920401997,1.0,0.0,0.0,DB,WR,WR,WR,0.8512489563362273,0.0,WR
2023091013.0,1588.0,42547.0,38540.0,500.0,0.1372573616726379,3.0809901006007823,9.525202924168193,10.0,0.0,3.0809901006007823,0.0,0.7254852766547242,1.0,0.9525202924168192,1.0,1.0,0.0,DB,WR,WR,WR,0.8989991507016052,0.6666666666666666,WR
2023091013.0,1635.0,42547.0,44827.0,0.0,0.138266579688743,4.181698219623217,3.364311090741724,10.0,0.0,4.181698219623217,1.0,0.723466840622514,1.0,0.3364311090741724,1.0,1.0,0.0,DB,WR,WR,WR,0.775108502022339,0.6666666666666666,WR
2023091013.0,1687.0,52615.0,54641.0,400.0,0.1369705060961296,1.7173526137634052,10.642657374727076,10.0,400.0,1.7173526137634052,0.0,0.7260589878077408,1.0,1.0,1.0,0.0,0.0,DB,WR,WR,WR,0.9086863292692469,0.0,WR
2023091013.0,1737.0,42547.0,38540.0,0.0,0.3982330360736138,4.08959655711905,1.9869552459858464,10.0,0.0,4.08959655711905,1.0,0.20353392785277236,1.0,0.19869552459858464,1.0,1.0,0.0,DB,WR,WR,WR,0.5742504142039744,0.6666666666666666,DB
2023091013.0,1813.0,46071.0,43533.0,200.0,0.1560053417888844,4.383206588788615,8.39330175635775,10.0,0.0,4.383206588788615,0.0,0.6879893164222313,1.0,0.839330175635775,1.0,1.0,0.0,DB,WR,WR,WR,0.8638624739345654,0.6666666666666666,WR
2023091013.0,1870.0,47842.0,54632.0,200.0,0.2542185958464747,5.53997292412156,8.076620580787264,10.0,900.0,5.53997292412156,0.0,0.49156280830705057,1.0,0.8076620580787264,1.0,0.0,0.0,DB,WR,WR,WR,0.7920533477180954,0.0,WR
2023091013.0,1943.0,46150.0,55888.0,400.0,0.1191372145441048,1.4420124826089415,6.647190240635929,10.0,700.0,1.4420124826089415,0.0,0.7617255709117904,0.9613416550726277,0.664719024063593,1.0,0.0,0.0,DB,WR,WR,WR,0.8432101031360161,0.0,WR
2023091013.0,2144.0,46150.0,53854.0,400.0,0.1024386851268913,2.3721720005092375,19.127540975120716,10.0,900.0,2.3721720005092375,0.0,0.7951226297462174,1.0,1.0,1.0,0.0,0.0,DB,WR,WR,WR,0.931707543248739,0.0,WR
2023091013.0,2213.0,52425.0,44830.0,300.0,0.1425270872088365,1.3395894893585858,15.586198539859495,10.0,0.0,1.3395894893585858,0.0,0.714945825582327,0.8930596595723905,1.0,1.0,1.0,0.0,DB,WR,WR,WR,0.8764645177467464,0.6666666666666666,WR
2023091013.0,2292.0,55157.0,53604.0,600.0,0.0519656896464665,2.2264321233758686,7.445327785659863,10.0,700.0,2.2264321233758686,0.0,0.8960686207070669,1.0,0.7445327785659863,1.0,0.0,0.0,DB,WR,WR,WR,0.9142627626155528,0.0,WR
2023091013.0,2515.0,46071.0,54641.0,0.0,0.1677883821260299,1.942395428330695,15.573439530407812,10.0,0.0,1.942395428330695,1.0,0.6644232357479403,1.0,1.0,1.0,1.0,0.0,DB,WR,WR,WR,0.8881410785826467,0.6666666666666666,WR
2023091013.0,2572.0,47954.0,52459.0,0.0,0.0795346312983065,10.511898020814318,6.72795859673857,10.0,0.0,10.511898020814318,1.0,0.840930737403387,1.0,0.672795859673857,1.0,1.0,0.0,DB,WR,WR,WR,0.881536084402567,0.6666666666666666,WR
2023091013.0,2738.0,52425.0,54611.0,400.0,0.2555569082089806,6.892096923288297,10.467744684905758,10.0,600.0,6.892096923288297,0.0,0.48888618358203884,1.0,1.0,1.0,0.0,0.0,DB,WR,WR,WR,0.8296287278606795,0.0,WR
2023091013.0,2802.0,41246.0,44830.0,400.0,0.2262231558020392,2.5288139512427494,16.9160910445558,10.0,800.0,2.5288139512427494,0.0,0.5475536883959216,1.0,1.0,1.0,0.0,0.0,DB,WR,WR,WR,0.8491845627986404,0.0,WR
2023091013.0,2872.0,54577.0,54641.0,400.0,0.1042786643053265,6.457894393685912,17.206378491895446,10.0,500.0,6.457894393685912,0.0,0.791442671389347,1.0,1.0,1.0,0.0,0.0,DB,WR,WR,WR,0.9304808904631156,0.0,WR
2023091013.0,2897.0,47842.0,43533.0,300.0,0.2076047611258114,3.418435314584731,13.314478121281972,10.0,200.0,3.418435314584731,0.0,0.5847904777483772,1.0,1.0,1.0,0.0,0.0,DB,WR,WR,WR,0.8615968259161256,0.0,WR
2023091013.0,2932.0,47954.0,38540.0,400.0,0.1871916436768763,2.9808891291022506,25.77464362108804,10.0,500.0,2.9808891291022506,0.0,0.6256167126462474,1.0,1.0,1.0,0.0,0.0,DB,WR,WR,WR,0.8752055708820824,0.0,WR
2023091013.0,3001.0,43329.0,38540.0,300.0,0.2066654086512903,1.08231233939191,13.160786406880415,10.0,600.0,1.08231233939191,0.0,0.5866691826974194,0.7215415595946068,1.0,1.0,0.0,0.1341501284864719,DB,WR,WR,WR,0.7879674767910348,0.04471670949549063,WR
2023091013.0,3024.0,47842.0,54632.0,400.0,0.1232786618133812,4.751778614371679,25.156411925638135,10.0,400.0,4.751778614371679,0.0,0.7534426763732376,1.0,1.0,1.0,0.0,0.0,DB,WR,WR,WR,0.9178142254577457,0.0,WR
2023091013.0,3047.0,52615.0,38540.0,500.0,0.0745226630732022,1.4018559127100032,49.79237473361023,10.0,300.0,1.4018559127100032,0.0,0.8509546738535956,0.9345706084733355,1.0,1.0,0.0,0.0,DB,WR,WR,WR,0.9328703868774212,0.0,WR
2023091013.0,3101.0,52425.0,56074.0,300.0,0.0761944315409561,2.4829820780666116,13.466196122371294,10.0,600.0,2.4829820780666116,0.0,0.8476111369180878,1.0,1.0,1.0,0.0,0.0,DB,WR,WR,WR,0.9492037123060291,0.0,WR
2023091013.0,3257.0,54594.0,52444.0,700.0,0.2130455844476285,3.5227971840570116,12.125545975141076,10.0,0.0,3.5227971840570116,0.0,0.573908831104743,1.0,1.0,1.0,1.0,0.0,DB,WR,WR,WR,0.8579696103682476,0.6666666666666666,WR
2023091013.0,3357.0,52615.0,52459.0,400.0,0.141277412771141,1.4508618128546935,8.838634351938511,10.0,600.0,1.4508618128546935,0.0,0.7174451744577179,0.9672412085697957,0.8838634351938511,1.0,0.0,0.0,DB,WR,WR,WR,0.8738520674766217,0.0,WR
2023091013.0,3538.0,53047.0,52438.0,0.0,0.077155059625448,12.991381758689103,2.5678770291760356,10.0,1100.0,12.991381758689103,1.0,0.845689880749104,1.0,0.25678770291760356,1.0,0.0,0.0,DB,WR,WR,WR,0.7999208341665554,0.0,WR
2023091013.0,3686.0,47842.0,54632.0,300.0,0.1401833920234824,2.8653970056521,15.680492974532047,10.0,900.0,2.8653970056521,0.0,0.7196332159530352,1.0,1.0,1.0,0.0,0.0,DB,WR,WR,WR,0.9065444053176783,0.0,WR
2023091013.0,3711.0,53047.0,55149.0,200.0,0.1175004221539192,9.97974949585409,46.823442105610376,10.0,900.0,9.97974949585409,0.0,0.7649991556921616,1.0,1.0,1.0,0.0,0.0,DB,WR,WR,WR,0.9216663852307204,0.0,WR
2023091013.0,3845.0,47954.0,42094.0,300.0,0.1074055292450921,1.7805897899291694,13.602442405797962,10.0,1600.0,1.7805897899291694,0.0,0.7851889415098158,1.0,1.0,1.0,0.0,0.0,DB,WR,WR,WR,0.9283963138366051,0.0,WR
2023091013.0,3870.0,47954.0,52438.0,300.0,0.1188176802038832,5.1623637996561245,3.946847029911848,10.0,800.0,5.1623637996561245,0.0,0.7623646395922337,1.0,0.3946847029911848,1.0,0.0,0.0,DB,WR,WR,WR,0.7997251537956481,0.0,WR
2023091013.0,3974.0,54553.0,53604.0,1600.0,0.0224722050542441,8.099382692526632,3.1997835456894284,10.0,1400.0,8.099382692526632,0.0,0.9550555898915118,1.0,0.31997835456894286,1.0,0.0,0.0,DB,WR,WR,WR,0.8490142008776258,0.0,WR
2023091100.0,58.0,42489.0,54469.0,200.0,0.1690544639005604,1.3917614738165451,12.9160946986225,10.0,800.0,1.3917614738165451,0.0,0.6618910721988792,0.9278409825443634,1.0,1.0,0.0,0.0,DB,WR,WR,WR,0.8680546194114566,0.0,WR
2023091100.0,152.0,42489.0,46211.0,0.0,0.1085927297399828,3.2574836914403735,17.33605158223371,10.0,0.0,3.2574836914403735,1.0,0.7828145405200344,1.0,1.0,1.0,1.0,0.0,DB,WR,WR,WR,0.9276048468400113,0.6666666666666666,WR
2023091100.0,299.0,54475.0,44976.0,200.0,0.0753704302388275,4.494496634774578,16.28935386152266,10.0,0.0,4.494496634774578,0.0,0.849259139522345,1.0,1.0,1.0,1.0,0.0,DB,WR,WR,WR,0.9497530465074482,0.6666666666666666,WR
2023091100.0,482.0,48415.0,42485.0,0.0,0.0996185908169936,8.949145210577376,2.3977063553247095,10.0,0.0,8.949145210577376,1.0,0.8007628183660128,1.0,0.23977063553247097,1.0,1.0,0.0,DB,WR,WR,WR,0.7815417332284983,0.6666666666666666,WR
2023091100.0,534.0,47879.0,46211.0,300.0,0.2158846693866672,6.808494694130271,2.4031648216263664,10.0,600.0,6.808494694130271,0.0,0.5682306612266657,1.0,0.24031648216263662,1.0,0.0,0.0,DB,WR,WR,WR,0.7041401835080825,0.0,WR
2023091100.0,559.0,42489.0,52476.0,300.0,0.0785616307402117,2.8684490582891673,5.327956296399162,10.0,0.0,2.8684490582891673,0.0,0.8428767385195766,1.0,0.5327956296399161,1.0,1.0,0.0,DB,WR,WR,WR,0.8541847054345086,0.6666666666666666,WR
2023091100.0,629.0,47870.0,47881.0,400.0,0.012875586623413,14.962690266125271,54.593964230054226,10.0,0.0,14.962690266125271,0.0,0.974248826753174,1.0,1.0,1.0,1.0,0.0,DB,WR,WR,WR,0.9914162755843912,0.6666666666666666,WR
2023091100.0,779.0,44853.0,44976.0,400.0,0.1391884372088126,4.85556381896068,7.114537851791546,10.0,0.0,4.85556381896068,0.0,0.7216231255823748,1.0,0.7114537851791546,1.0,1.0,0.0,DB,WR,WR,WR,0.8494984655632891,0.6666666666666666,WR
2023091100.0,804.0,46705.0,46190.0,200.0,0.1336873174634555,4.389191269470951,4.06923310892278,10.0,300.0,4.389191269470951,0.0,0.732625365073089,1.0,0.40692331089227796,1.0,0.0,0.0,DB,WR,WR,WR,0.7922597838694851,0.0,WR
2023091100.0,962.0,54528.0,47881.0,200.0,0.124844567394441,6.673147683065307,15.126699251442435,10.0,800.0,6.673147683065307,0.0,0.750310865211118,1.0,1.0,1.0,0.0,0.0,DB,WR,WR,WR,0.9167702884037059,0.0,WR
2023091100.0,993.0,48415.0,53583.0,200.0,0.1006118960321711,1.776541584089715,3.048131858802004,10.0,100.0,1.776541584089715,0.0,0.7987762079356577,1.0,0.3048131858802004,1.0,0.2857142857142857,0.0,DB,WR,WR,WR,0.7938880398212593,0.19047619047619047,WR
2023091100.0,1186.0,42489.0,54469.0,500.0,0.0546412542559799,1.736663467687391,5.439834728986681,10.0,900.0,1.736663467687391,0.0,0.8907174914880402,1.0,0.5439834728986681,1.0,0.0,0.0,DB,WR,WR,WR,0.8723691917424137,0.0,WR
2023091100.0,1216.0,54528.0,47881.0,400.0,0.1906019426162821,3.49206242784977,18.321982969287443,10.0,600.0,3.49206242784977,0.0,0.6187961147674358,1.0,1.0,1.0,0.0,0.0,DB,WR,WR,WR,0.8729320382558119,0.0,WR
2023091100.0,1239.0,55889.0,41243.0,200.0,0.0689897335357467,5.030188863253543,4.4805596019993805,10.0,700.0,5.030188863253543,0.0,0.8620205329285067,1.0,0.44805596019993804,1.0,0.0,0.0,DB,WR,WR,WR,0.8436180363494897,0.0,WR
2023091100.0,1356.0,52536.0,54469.0,300.0,0.0987084664278494,1.6772596698185998,18.866912679043693,10.0,0.0,1.6772596698185998,0.0,0.8025830671443012,1.0,1.0,1.0,1.0,0.0,DB,WR,WR,WR,0.9341943557147669,0.6666666666666666,WR
2023091100.0,1551.0,37139.0,54554.0,200.0,0.1775895957429067,3.4646789173024395,17.253665371370907,10.0,100.0,3.4646789173024395,0.0,0.6448208085141867,1.0,1.0,1.0,0.2857142857142857,0.0,DB,WR,WR,WR,0.8816069361713955,0.19047619047619047,WR
2023091100.0,1589.0,55889.0,46211.0,400.0,0.0307888488965447,11.7018844636238,14.985520560585153,10.0,400.0,11.7018844636238,0.0,0.9384223022069106,1.0,1.0,1.0,0.0,0.0,DB,WR,WR,WR,0.9794741007356367,0.0,WR
2023091100.0,1664.0,42489.0,46211.0,100.0,0.1720058993516346,0.806597793203034,17.586934573638263,10.0,700.0,0.806597793203034,0.16666666666666663,0.6559882012967309,0.5377318621353561,1.0,1.0,0.0,0.3547217654375727,DB,WR,WR,WR,0.7620578970016718,0.1182405884791909,WR
2023091100.0,1701.0,55889.0,47881.0,200.0,0.059391357395949,3.657895569859804,35.19727526190688,10.0,800.0,3.657895569859804,0.0,0.8812172852081019,1.0,1.0,1.0,0.0,0.0,DB,WR,WR,WR,0.9604057617360339,0.0,WR
2023091100.0,1775.0,54528.0,47881.0,200.0,0.1397086061187928,1.130176977291608,5.278955622767837,10.0,0.0,1.130176977291608,0.0,0.7205827877624145,0.7534513181944053,0.5278955622767837,1.0,1.0,0.0958584181667137,DB,WR,WR,WR,0.7466937265613363,0.6986194727222379,WR
2023091100.0,1973.0,54475.0,54650.0,400.0,0.1839898059057856,1.043072384832424,3.964304013532204,10.0,400.0,1.043072384832424,0.0,0.6320203881884288,0.6953815898882826,0.3964304013532204,1.0,0.0,0.1655420921340609,DB,WR,WR,WR,0.6753946336369956,0.055180697378020296,WR
2023091100.0,2281.0,47879.0,54833.0,100.0,0.0435713384974748,3.4129898915760113,45.884933212127585,10.0,500.0,3.4129898915760113,0.16666666666666663,0.9128573230050504,1.0,1.0,1.0,0.0,0.0,DB,WR,WR,WR,0.9709524410016834,0.0,WR
2023091100.0,2306.0,55889.0,46211.0,400.0,0.125004999900004,4.498999888864187,5.834588535689349,10.0,600.0,4.498999888864187,0.0,0.749990000199992,1.0,0.5834588535689349,1.0,0.0,0.0,DB,WR,WR,WR,0.8333551041137842,0.0,WR
2023091100.0,2383.0,42489.0,54469.0,400.0,0.2018465179454988,1.1682893477217042,30.372316569534604,10.0,1000.0,1.1682893477217042,0.0,0.5963069641090024,0.7788595651478029,1.0,1.0,0.0,0.06536852182263664,DB,WR,WR,WR,0.8064648720757481,0.02178950727421221,WR
2023091100.0,2428.0,42489.0,54833.0,200.0,0.0507007348677416,3.986100851709601,4.9219994061612455,10.0,200.0,3.986100851709601,0.0,0.8985985302645167,1.0,0.49219994061612454,1.0,0.0,0.0,DB,WR,WR,WR,0.8646394982113971,0.0,WR
2023091100.0,2488.0,54475.0,44839.0,500.0,0.0620445308590839,4.294659474277325,5.385191819073403,10.0,0.0,4.294659474277325,0.0,0.8759109382818322,1.0,0.5385191819073403,1.0,1.0,0.0,DB,WR,WR,WR,0.8663408158087454,0.6666666666666666,WR
2023091100.0,2513.0,46705.0,44839.0,500.0,0.0329983164553721,4.450910019310654,2.1927375998885563,10.0,0.0,4.450910019310654,0.0,0.9340033670892558,1.0,0.21927375998885562,1.0,1.0,0.0,DB,WR,WR,WR,0.8218558743608563,0.6666666666666666,WR
2023091100.0,2655.0,54528.0,46186.0,400.0,0.1613181000748668,3.221490338337212,19.318666847948172,10.0,0.0,3.221490338337212,0.0,0.6773637998502664,1.0,1.0,1.0,1.0,0.0,DB,WR,WR,WR,0.8924545999500887,0.6666666666666666,WR
2023091100.0,2844.0,54528.0,53583.0,300.0,0.2347680074371665,7.2605922623433425,0.9550071794220212,10.0,0.0,7.2605922623433425,0.0,0.530463985125667,1.0,0.09550071794220212,1.0,1.0,0.0,DB,WR,WR,WR,0.6625881386303294,0.6666666666666666,DB
2023091100.0,2916.0,47870.0,47881.0,400.0,0.2138598359013788,10.01960578066822,1.9685279276461465,10.0,500.0,10.01960578066822,0.0,0.5722803281972424,1.0,0.19685279276461465,1.0,0.0,0.0,DB,WR,WR,WR,0.6967973346186703,0.0,WR
2023091100.0,2941.0,40129.0,41243.0,600.0,0.1476200076773696,14.23559622917144,18.53145117374904,10.0,800.0,14.23559622917144,0.0,0.7047599846452608,1.0,1.0,1.0,0.0,0.0,DB,WR,WR,WR,0.9015866615484202,0.0,WR
2023091100.0,3015.0,52536.0,46186.0,300.0,0.1501207243656184,3.736642878306669,9.832164237964786,10.0,0.0,3.736642878306669,0.0,0.6997585512687632,1.0,0.9832164237964787,1.0,1.0,0.0,DB,WR,WR,WR,0.8965628018488834,0.6666666666666666,WR
2023091100.0,3167.0,54475.0,54650.0,200.0,0.1610641694066892,5.886340119293142,7.378026199835453,10.0,600.0,5.886340119293142,0.0,0.6778716611866216,1.0,0.7378026199835453,1.0,0.0,0.0,DB,WR,WR,WR,0.8401844110589162,0.0,WR
2023091100.0,3214.0,54475.0,44839.0,100.0,0.1221712903092382,1.0728000745712136,16.652381152447113,10.0,200.0,1.0728000745712136,0.16666666666666663,0.7556574193815235,0.7152000497141424,1.0,1.0,0.0,0.14175994034302908,DB,WR,WR,WR,0.8426058197176124,0.04725331344767636,WR
2023091100.0,3593.0,52536.0,46211.0,400.0,0.1042832680730707,1.645417880053575,4.6590430558303275,10.0,400.0,1.645417880053575,0.0,0.7914334638538586,1.0,0.46590430558303275,1.0,0.0,0.0,DB,WR,WR,WR,0.823658682401226,0.0,WR
2023091100.0,3618.0,42489.0,54469.0,300.0,0.0167091412795167,3.461517008480538,3.0539862688055495,10.0,100.0,3.461517008480538,0.0,0.9665817174409665,1.0,0.30539862688055497,1.0,0.2857142857142857,0.0,DB,WR,WR,WR,0.8499402978564331,0.19047619047619047,WR
2023091100.0,3684.0,42489.0,46211.0,300.0,0.0455187617577373,1.6052725625263706,4.815401562512041,10.0,400.0,1.6052725625263706,0.0,0.9089624764845254,1.0,0.4815401562512041,1.0,0.0,0.0,DB,WR,WR,WR,0.8659621900784159,0.0,WR
2023091100.0,3716.0,42489.0,46211.0,200.0,0.1336974195712096,1.593643623900904,17.360404792656574,10.0,600.0,1.593643623900904,0.0,0.7326051608575808,1.0,1.0,1.0,0.0,0.0,DB,WR,WR,WR,0.9108683869525268,0.0,WR
2023091100.0,3942.0,47879.0,47881.0,200.0,0.121164086802715,3.847622642619725,7.21723336314732,10.0,900.0,3.847622642619725,0.0,0.75767182639457,1.0,0.721723336314732,1.0,0.0,0.0,DB,WR,WR,WR,0.8635686093944696,0.0,WR
2023091100.0,3987.0,42489.0,46211.0,300.0,0.0502644217789699,1.511687798455752,11.220825045087084,10.0,400.0,1.511687798455752,0.0,0.8994711564420602,1.0,1.0,1.0,0.0,0.0,DB,WR,WR,WR,0.9664903854806866,0.0,WR
2023091400.0,56.0,53439.0,47816.0,500.0,0.0357460176492122,4.537895988230671,6.285345486597492,10.0,0.0,4.537895988230671,0.0,0.9285079647015756,1.0,0.6285345486597491,1.0,1.0,0.0,DB,WR,WR,WR,0.9018762312991417,0.6666666666666666,WR
2023091400.0,151.0,53439.0,54669.0,600.0,0.0612034879356061,2.422168449963788,2.577762217473648,10.0,900.0,2.422168449963788,0.0,0.8775930241287878,1.0,0.2577762217473648,1.0,0.0,0.0,DB,WR,WR,WR,0.8107529190590689,0.0,WR
2023091400.0,293.0,52430.0,39984.0,700.0,0.2199511022817523,2.076174366473103,3.7094595304047258,10.0,1000.0,2.076174366473103,0.0,0.5600977954364954,1.0,0.37094595304047256,1.0,0.0,0.0,DB,WR,WR,WR,0.7275551224202595,0.0,WR
2023091400.0,366.0,52584.0,46194.0,700.0,0.0937318871391517,0.9693296652842158,8.905053055361792,10.0,1100.0,0.9693296652842158,0.0,0.8125362257216966,0.6462197768561438,0.8905053055361792,1.0,0.0,0.22453626777262736,DB,WR,WR,WR,0.8212717435094397,0.07484542259087579,WR
2023091400.0,431.0,46118.0,47816.0,700.0,0.0647724556774928,1.8420097719610544,4.6901854272407295,10.0,200.0,1.8420097719610544,0.0,0.8704550886450144,1.0,0.46901854272407295,1.0,0.0,0.0,DB,WR,WR,WR,0.8506220714264859,0.0,WR
2023091400.0,685.0,53439.0,47816.0,400.0,0.1209522403448753,6.8633009550798505,12.392521222967792,10.0,0.0,6.8633009550798505,0.0,0.7580955193102494,1.0,1.0,1.0,1.0,0.0,DB,WR,WR,WR,0.9193651731034164,0.6666666666666666,WR
2023091400.0,779.0,47834.0,42427.0,400.0,0.1038155415468544,4.02657422631199,30.217470834755233,10.0,0.0,4.02657422631199,0.0,0.7923689169062912,1.0,1.0,1.0,1.0,0.0,DB,WR,WR,WR,0.9307896389687635,0.6666666666666666,WR
2023091400.0,928.0,55887.0,54815.0,400.0,0.0397506850137749,5.306345258273346,3.57746049776977,10.0,0.0,5.306345258273346,0.0,0.9204986299724502,1.0,0.357746049776977,1.0,1.0,0.0,DB,WR,WR,WR,0.8450487532795454,0.6666666666666666,WR
2023091400.0,953.0,52584.0,54815.0,400.0,0.1596335088346339,4.470905948462794,22.34095634773486,10.0,900.0,4.470905948462794,0.0,0.6807329823307322,1.0,1.0,1.0,0.0,0.0,DB,WR,WR,WR,0.8935776607769107,0.0,WR
2023091400.0,1000.0,47791.0,44869.0,400.0,0.211854556102002,2.3052114870440783,5.841277861063502,10.0,600.0,2.3052114870440783,0.0,0.576290887795996,1.0,0.5841277861063502,1.0,0.0,0.0,DB,WR,WR,WR,0.775589186486602,0.0,WR
2023091400.0,1025.0,47791.0,44862.0,100.0,0.1633534001278618,2.9831862161118936,20.41079332024303,10.0,400.0,2.9831862161118936,0.16666666666666663,0.6732931997442764,1.0,1.0,1.0,0.0,0.0,DB,WR,WR,WR,0.891097733248092,0.0,WR
2023091400.0,1072.0,52430.0,54814.0,300.0,0.3130447080646978,2.769566753122228,3.78430112458546,10.0,600.0,2.769566753122228,0.0,0.3739105838706044,1.0,0.37843011245854596,1.0,0.0,0.0,DB,WR,WR,WR,0.6669895504485773,0.0,WR
2023091400.0,1105.0,47791.0,54814.0,500.0,0.2076680042760559,6.491794821156932,7.582542997156895,10.0,0.0,6.491794821156932,0.0,0.5846639914478882,1.0,0.7582542997156895,1.0,1.0,0.0,DB,WR,WR,WR,0.8132055237591005,0.6666666666666666,WR
2023091400.0,1420.0,47834.0,47816.0,300.0,0.1109268313112833,6.794593438904202,21.032547610294117,10.0,0.0,6.794593438904202,0.0,0.7781463373774334,1.0,1.0,1.0,1.0,0.0,DB,WR,WR,WR,0.926048779125811,0.6666666666666666,WR
2023091400.0,1588.0,47852.0,46097.0,700.0,0.1498029356862872,3.2266546143025625,35.84570691000209,10.0,0.0,3.2266546143025625,0.0,0.7003941286274256,1.0,1.0,1.0,1.0,0.0,DB,WR,WR,WR,0.9001313762091417,0.6666666666666666,WR
2023091400.0,1645.0,47791.0,46097.0,500.0,0.0115470053837925,2.745359721420853,1.0592189641779592,10.0,0.0,2.745359721420853,0.0,0.976905989232415,1.0,0.10592189641779592,1.0,1.0,0.0,DB,WR,WR,WR,0.8134863756943641,0.6666666666666666,WR
2023091400.0,1677.0,52430.0,39984.0,500.0,0.0343017228012603,4.99065126010624,0.8563912894601727,10.0,700.0,4.99065126010624,0.0,0.9313965543974794,1.0,0.08563912894601727,1.0,0.0,0.0,DB,WR,WR,WR,0.7942600105883632,0.0,WR
2023091400.0,1702.0,47885.0,44869.0,500.0,0.1351190484649168,2.5710892633278988,16.085773366387357,10.0,500.0,2.5710892633278988,0.0,0.7297619030701664,1.0,1.0,1.0,0.0,0.0,DB,WR,WR,WR,0.9099206343567221,0.0,WR
2023091400.0,1725.0,52584.0,54815.0,400.0,0.2377860546630266,4.778807382600807,5.217083213661223,10.0,700.0,4.778807382600807,0.0,0.5244278906739468,1.0,0.5217083213661222,1.0,0.0,0.0,DB,WR,WR,WR,0.7458176278312066,0.0,WR
2023091400.0,1767.0,55887.0,54815.0,300.0,0.0769069732838482,1.09772492000501,5.147871361649269,10.0,0.0,1.09772492000501,0.0,0.8461860534323036,0.7318166133366734,0.5147871361649269,1.0,1.0,0.12182006399599188,DB,WR,WR,WR,0.7801705419335327,0.7072733546653306,WR
2023091400.0,1962.0,52443.0,54583.0,400.0,0.2178043765371727,9.849756342164005,7.420039193874988,10.0,900.0,9.849756342164005,0.0,0.5643912469256547,1.0,0.7420039193874988,1.0,0.0,0.0,DB,WR,WR,WR,0.8031978661860513,0.0,WR
2023091400.0,2247.0,47885.0,54814.0,500.0,0.2619555108318442,12.012114718066924,3.5528870444937137,10.0,600.0,12.012114718066924,0.0,0.4760889783363116,1.0,0.3552887044493714,1.0,0.0,0.0,DB,WR,WR,WR,0.6964207336686448,0.0,WR
2023091400.0,2364.0,53439.0,54583.0,200.0,0.0655157056919002,2.8119210515233117,2.5822960794010266,10.0,800.0,2.8119210515233117,0.0,0.8689685886161996,1.0,0.25822960794010263,1.0,0.0,0.0,DB,WR,WR,WR,0.8079687844600869,0.0,WR
2023091400.0,2450.0,52430.0,39984.0,400.0,0.1398196640731855,4.029516099980244,14.85620644620629,10.0,600.0,4.029516099980244,0.0,0.7203606718536291,1.0,1.0,1.0,0.0,0.0,DB,WR,WR,WR,0.9067868906178762,0.0,WR
2023091400.0,2475.0,47852.0,46097.0,200.0,0.111843640856331,6.7891825722983725,13.457824034932212,10.0,0.0,6.7891825722983725,0.0,0.7763127182873379,1.0,1.0,1.0,1.0,0.0,DB,WR,WR,WR,0.9254375727624459,0.6666666666666666,WR
2023091400.0,2500.0,52430.0,39984.0,600.0,0.0945126001067972,0.4838388161361254,12.12147409347987,10.0,0.0,0.4838388161361254,0.0,0.8109747997864056,0.32255921075741695,1.0,1.0,1.0,0.6129289470910997,DB,WR,WR,WR,0.7563407227974464,0.8709763156970332,DB
2023091400.0,2523.0,55887.0,54815.0,300.0,0.1416986966273474,1.2660568707605484,2.4200500407664696,10.0,500.0,1.2660568707605484,0.0,0.7166026067453052,0.8440379138403656,0.24200500407664696,1.0,0.0,0.0,DB,WR,WR,WR,0.7123453134211952,0.0,WR
2023091400.0,2587.0,46118.0,38559.0,300.0,0.0468418172593232,6.345589019153385,0.7798893304437517,10.0,0.0,6.345589019153385,0.0,0.9063163654813536,1.0,0.07798893304437518,1.0,1.0,0.0,DB,WR,WR,WR,0.7843699084359927,0.6666666666666666,WR
2023091400.0,2645.0,52443.0,52525.0,400.0,0.2434425716966646,7.417418688465685,0.9603130291339446,10.0,400.0,7.417418688465685,0.0,0.5131148566066708,1.0,0.09603130291339446,1.0,0.0,0.0,DB,WR,WR,WR,0.6569112127849025,0.0,WR
2023091400.0,2694.0,46118.0,54531.0,300.0,0.2667938644944956,5.98324326766011,4.611644787056507,10.0,0.0,5.98324326766011,0.0,0.4664122710110088,1.0,0.4611644787056507,1.0,1.0,0.0,DB,WR,WR,WR,0.7143703194114663,0.6666666666666666,WR
2023091400.0,2768.0,55887.0,54815.0,800.0,0.2610024829370226,4.162547297028596,8.001218544389275,10.0,0.0,4.162547297028596,0.0,0.4779950341259548,1.0,0.8001218544389275,1.0,1.0,0.0,DB,WR,WR,WR,0.786022715596437,0.6666666666666666,WR
2023091400.0,2793.0,52430.0,44869.0,600.0,0.2837265213480335,3.3097431924546625,8.658800220276781,10.0,1200.0,3.3097431924546625,0.0,0.432546957303933,1.0,0.8658800220276781,1.0,0.0,0.0,DB,WR,WR,WR,0.7840249901735132,0.0,WR
2023091400.0,2885.0,46118.0,38559.0,600.0,0.0663473909402992,5.773188027424705,17.1908707398793,10.0,400.0,5.773188027424705,0.0,0.8673052181194016,1.0,1.0,1.0,0.0,0.0,DB,WR,WR,WR,0.9557684060398004,0.0,WR
2023091400.0,2976.0,46096.0,56527.0,500.0,0.1519758973886873,3.3639411409832913,8.925692331238388,10.0,0.0,3.3639411409832913,0.0,0.6960482052226253,1.0,0.8925692331238387,1.0,1.0,0.0,DB,WR,WR,WR,0.8771965816989762,0.6666666666666666,WR
2023091400.0,3072.0,47834.0,47816.0,400.0,0.0307369794345816,2.8117787964205103,1.8589599166063675,10.0,0.0,2.8117787964205103,0.0,0.9385260411308368,1.0,0.18589599166063675,1.0,1.0,0.0,DB,WR,WR,WR,0.8166878787090729,0.6666666666666666,WR
2023091400.0,3117.0,53439.0,47816.0,500.0,0.0302018848112802,2.724720169118288,4.399572260041174,10.0,0.0,2.724720169118288,0.0,0.9395962303774396,1.0,0.43995722600411746,1.0,1.0,0.0,DB,WR,WR,WR,0.8678568553266366,0.6666666666666666,WR
2023091400.0,3333.0,52584.0,46097.0,0.0,0.4201434328912932,2.117474911303555,9.913076552056722,10.0,0.0,2.117474911303555,1.0,0.15971313421741362,1.0,0.9913076552056722,1.0,1.0,0.0,DB,WR,WR,WR,0.7181659091136056,0.6666666666666666,WR
2023091400.0,3356.0,52430.0,39984.0,600.0,0.288782195945589,1.4736349615830888,3.511215484213637,10.0,1000.0,1.4736349615830888,0.0,0.42243560810882197,0.9824233077220592,0.3511215484213637,1.0,0.0,0.0,DB,WR,WR,WR,0.6730157277797625,0.0,WR
2023091400.0,3413.0,52430.0,39984.0,500.0,0.1357326851696444,1.1180339887498898,13.861382071664728,10.0,100.0,1.1180339887498898,0.0,0.7285346296607111,0.7453559924999266,1.0,1.0,0.2857142857142857,0.10557280900008814,DB,WR,WR,WR,0.8416064745535508,0.22566712680955317,WR
2023091400.0,3438.0,47852.0,44862.0,500.0,0.2624436698453541,4.553602969078445,5.495156720205181,10.0,0.0,4.553602969078445,0.0,0.4751126603092918,1.0,0.5495156720205181,1.0,1.0,0.0,DB,WR,WR,WR,0.7349406878405341,0.6666666666666666,WR
2023091400.0,3486.0,52430.0,54814.0,0.0,0.0845585823329235,1.0065783625729312,7.9100143521729,10.0,0.0,1.0065783625729312,1.0,0.830882835334153,0.6710522417152874,0.79100143521729,1.0,1.0,0.19473730994165506,DB,WR,WR,WR,0.8141084966122523,0.731579103313885,WR
2023091400.0,3516.0,52584.0,39984.0,200.0,0.2522889210799784,5.912021650839918,6.521463044077537,10.0,800.0,5.912021650839918,0.0,0.4954221578400432,1.0,0.6521463044077537,1.0,0.0,0.0,DB,WR,WR,WR,0.7622366468282318,0.0,WR
2023091400.0,3668.0,47834.0,52525.0,300.0,0.1192864158731318,1.979419106707824,28.98199950180142,10.0,0.0,1.979419106707824,0.0,0.7614271682537364,1.0,1.0,1.0,1.0,0.0,DB,WR,WR,WR,0.9204757227512453,0.6666666666666666,WR
2023091400.0,3813.0,52584.0,54815.0,400.0,0.0146698561125384,5.094251662413239,3.152593011946742,10.0,0.0,5.094251662413239,0.0,0.9706602877749232,1.0,0.31525930119467416,1.0,1.0,0.0,DB,WR,WR,WR,0.8532719561639092,0.6666666666666666,WR
2023091400.0,3836.0,52430.0,39984.0,500.0,0.0829702233998107,0.6489992295835181,10.159989150059246,10.0,1300.0,0.6489992295835181,0.0,0.8340595532003786,0.43266615305567874,1.0,1.0,0.0,0.4808006163331855,DB,WR,WR,WR,0.7933974918816404,0.16026687211106183,WR
2023091400.0,3975.0,47791.0,44869.0,500.0,0.1303500026406053,2.0429880077964224,21.15210684744384,10.0,600.0,2.0429880077964224,0.0,0.7392999947187894,1.0,1.0,1.0,0.0,0.0,DB,WR,WR,WR,0.9130999982395964,0.0,WR
2023091400.0,4000.0,47885.0,44869.0,600.0,0.118480755373771,6.307178449988544,7.965732913584317,10.0,0.0,6.307178449988544,0.0,0.763038489252458,1.0,0.7965732913584317,1.0,1.0,0.0,DB,WR,WR,WR,0.8803274880225056,0.6666666666666666,WR
2023091400.0,4084.0,47791.0,45345.0,200.0,0.0652919863249761,1.5294770348063396,5.615106971807849,10.0,800.0,1.5294770348063396,0.0,0.8694160273500477,1.0,0.561510697180785,1.0,0.0,0.0,DB,WR,WR,WR,0.8687741485528395,0.0,WR
2023091400.0,4107.0,52430.0,54026.0,500.0,0.0451027633217662,3.1982807881735447,4.138261409129798,10.0,800.0,3.1982807881735447,0.0,0.9097944733564676,1.0,0.41382614091297976,1.0,0.0,0.0,DB,WR,WR,WR,0.8526967193014183,0.0,WR
2023091400.0,4132.0,47791.0,44862.0,500.0,0.2394354471111856,1.44031246609894,6.3812477823628875,10.0,0.0,1.44031246609894,0.0,0.5211291057776288,0.9602083107326266,0.6381247782362888,1.0,1.0,0.0,DB,WR,WR,WR,0.7573902071018344,0.6666666666666666,WR
2023091700.0,111.0,55907.0,54503.0,300.0,0.1933427748105124,4.984104734052047,6.304323948969125,10.0,400.0,4.984104734052047,0.0,0.6133144503789751,1.0,0.6304323948969125,1.0,0.0,0.0,DB,WR,WR,WR,0.7971912957723741,0.0,WR
2023091700.0,430.0,55872.0,42381.0,400.0,0.2396702623969425,5.954636848708744,2.276153695728734,10.0,0.0,5.954636848708744,0.0,0.520659475206115,1.0,0.2276153695728734,1.0,1.0,0.0,DB,WR,WR,WR,0.6857428989832797,0.6666666666666666,WR
2023091700.0,453.0,44912.0,54487.0,500.0,0.1123575387956523,3.293888279829781,1.5721189550914008,10.0,100.0,3.293888279829781,0.0,0.7752849224086954,1.0,0.15721189550914008,1.0,0.2857142857142857,0.0,DB,WR,WR,WR,0.7565373532380598,0.19047619047619047,WR
2023091700.0,522.0,53433.0,54644.0,0.0,0.2606883283892944,4.393187908569363,2.8387604138529072,10.0,400.0,4.393187908569363,1.0,0.4786233432214112,1.0,0.2838760413852907,1.0,0.0,0.0,DB,WR,WR,WR,0.6829829893508619,0.0,WR
2023091700.0,597.0,53433.0,44911.0,400.0,0.1076418847954589,4.471353262715883,12.684842610216291,10.0,400.0,4.471353262715883,0.0,0.7847162304090822,1.0,1.0,1.0,0.0,0.0,DB,WR,WR,WR,0.9282387434696939,0.0,WR
2023091700.0,855.0,54597.0,46123.0,400.0,0.1498154332224172,3.212226642066219,20.427271752014136,10.0,1400.0,3.212226642066219,0.0,0.7003691335551656,1.0,1.0,1.0,0.0,0.0,DB,WR,WR,WR,0.9001230445183884,0.0,WR
2023091700.0,989.0,55915.0,46123.0,400.0,0.0343303281162798,6.425083657042921,2.206838588848551,10.0,0.0,6.425083657042921,0.0,0.9313393437674404,1.0,0.22068385888485512,1.0,1.0,0.0,DB,WR,WR,WR,0.8212498863661178,0.6666666666666666,WR
2023091700.0,1076.0,55907.0,53469.0,300.0,0.0948134132564235,4.36735617965835,15.479948034842485,10.0,800.0,4.36735617965835,0.0,0.810373173487153,1.0,1.0,1.0,0.0,0.0,DB,WR,WR,WR,0.9367910578290508,0.0,WR
2023091700.0,1311.0,54473.0,46087.0,400.0,0.0546017326313845,3.5307364670844437,5.0299081544044135,10.0,0.0,3.5307364670844437,0.0,0.890796534737231,1.0,0.5029908154404413,1.0,1.0,0.0,DB,WR,WR,WR,0.8641970080004985,0.6666666666666666,WR
2023091700.0,1358.0,55872.0,54487.0,300.0,0.2035236140398981,4.519480058590813,3.282211800207721,10.0,700.0,4.519480058590813,0.0,0.5929527719202038,1.0,0.3282211800207721,1.0,0.0,0.0,DB,WR,WR,WR,0.7299618266442223,0.0,WR
2023091700.0,1427.0,54473.0,46087.0,400.0,0.0604660264187848,2.068671071001868,1.851863700369633,10.0,1100.0,2.068671071001868,0.0,0.8790679471624304,1.0,0.1851863700369633,1.0,0.0,0.0,DB,WR,WR,WR,0.7967265897282026,0.0,WR
2023091700.0,1457.0,52470.0,48027.0,300.0,0.1949589746139715,3.013901126447243,8.484961040920451,10.0,800.0,3.013901126447243,0.0,0.610082050772057,1.0,0.8484961040920451,1.0,0.0,0.0,DB,WR,WR,WR,0.8397265710757613,0.0,WR
2023091700.0,1546.0,56024.0,46215.0,700.0,0.0544646964744625,0.8836288813749833,4.662395168102007,10.0,1000.0,0.8836288813749833,0.0,0.891070607051075,0.5890859209166556,0.4662395168102007,1.0,0.0,0.29309689490001334,DB,WR,WR,WR,0.7473610179568398,0.0976989649666711,WR
2023091700.0,1593.0,52502.0,46123.0,300.0,0.1952223468404225,6.887234568388107,2.2785381595218426,10.0,0.0,6.887234568388107,0.0,0.609555306319155,1.0,0.22785381595218426,1.0,1.0,0.0,DB,WR,WR,WR,0.7154225319634885,0.6666666666666666,WR
2023091700.0,1728.0,54473.0,46087.0,700.0,0.0192724822331888,6.394098841901026,26.574897372258555,10.0,700.0,6.394098841901026,0.0,0.9614550355336224,1.0,1.0,1.0,0.0,0.0,DB,WR,WR,WR,0.9871516785112073,0.0,WR
2023091700.0,1809.0,44931.0,44911.0,400.0,0.0915302014516399,4.509212791607864,12.866658274872243,10.0,0.0,4.509212791607864,0.0,0.8169395970967201,1.0,1.0,1.0,1.0,0.0,DB,WR,WR,WR,0.9389798656989066,0.6666666666666666,WR
2023091700.0,1856.0,53433.0,44911.0,200.0,0.2312195561169172,3.866742815342128,5.596184196147469,10.0,0.0,3.866742815342128,0.0,0.5375608877661656,1.0,0.5596184196147469,1.0,1.0,0.0,DB,WR,WR,WR,0.7577773131783379,0.6666666666666666,WR
2023091700.0,1959.0,44912.0,43404.0,300.0,0.1232169936990506,4.132662579983998,16.664989439619866,10.0,400.0,4.132662579983998,0.0,0.7535660126018988,1.0,1.0,1.0,0.0,0.0,DB,WR,WR,WR,0.9178553375339662,0.0,WR
2023091700.0,1984.0,54473.0,46087.0,300.0,0.150657448095561,1.0171037311896955,4.108756304635014,10.0,0.0,1.0171037311896955,0.0,0.6986851038088779,0.6780691541264637,0.4108756304635014,1.0,1.0,0.1863170150482436,DB,WR,WR,WR,0.6958886017960498,0.7287723383494145,DB
2023091700.0,2147.0,54473.0,45021.0,300.0,0.3165331810228514,1.2941792766073832,11.165092156722205,10.0,1100.0,1.2941792766073832,0.0,0.36693363795429723,0.8627861844049222,1.0,1.0,0.0,0.0,DB,WR,WR,WR,0.7523875284927449,0.0,WR
2023091700.0,2170.0,44931.0,45021.0,800.0,0.0444490077022454,4.120303386887917,6.692698497066436,10.0,0.0,4.120303386887917,0.0,0.9111019845955092,1.0,0.6692698497066436,1.0,1.0,0.0,DB,WR,WR,WR,0.9042212981398318,0.6666666666666666,WR
2023091700.0,2193.0,53433.0,54487.0,400.0,0.1048919374803758,9.520005252099391,12.494628027834723,10.0,700.0,9.520005252099391,0.0,0.7902161250392484,1.0,1.0,1.0,0.0,0.0,DB,WR,WR,WR,0.9300720416797494,0.0,WR
2023091700.0,2258.0,54723.0,46215.0,400.0,0.1317138163282983,5.928617039411471,7.054603592244678,10.0,800.0,5.928617039411471,0.0,0.7365723673434035,1.0,0.7054603592244678,1.0,0.0,0.0,DB,WR,WR,WR,0.8532828609593613,0.0,WR
2023091700.0,2307.0,54597.0,52424.0,300.0,0.1387858856237337,7.649581687909474,19.22023424065631,10.0,300.0,7.649581687909474,0.0,0.7224282287525325,1.0,1.0,1.0,0.0,0.0,DB,WR,WR,WR,0.907476076250844,0.0,WR
2023091700.0,2395.0,56024.0,46215.0,0.0,0.3523133631901475,1.6549622352186772,20.07620088224886,10.0,0.0,1.6549622352186772,1.0,0.295373273619705,1.0,1.0,1.0,1.0,0.0,DB,WR,WR,WR,0.7651244245399016,0.6666666666666666,WR
2023091700.0,2859.0,55915.0,52424.0,300.0,0.1531234261167472,5.6531937875859155,9.886350369964571,10.0,0.0,5.6531937875859155,0.0,0.6937531477665055,1.0,0.9886350369964572,1.0,1.0,0.0,DB,WR,WR,WR,0.8956447233214598,0.6666666666666666,WR
2023091700.0,2911.0,55915.0,54503.0,400.0,0.1394632568098134,5.583484575066004,8.665006279232928,10.0,900.0,5.583484575066004,0.0,0.7210734863803732,1.0,0.8665006279232929,1.0,0.0,0.0,DB,WR,WR,WR,0.8803246210447829,0.0,WR
2023091700.0,2941.0,55915.0,52272.0,300.0,0.1987570069861362,4.191515239146822,3.888604803919068,10.0,400.0,4.191515239146822,0.0,0.6024859860277276,1.0,0.3888604803919068,1.0,0.0,0.0,DB,WR,WR,WR,0.7452674247542905,0.0,WR
2023091700.0,3163.0,44931.0,46087.0,100.0,0.0740592972985733,7.902082004130303,2.3662822522061706,10.0,0.0,7.902082004130303,0.16666666666666663,0.8518814054028534,1.0,0.23662822522061705,1.0,1.0,0.0,DB,WR,WR,WR,0.7979527801784078,0.6666666666666666,WR
2023091700.0,3232.0,54473.0,43404.0,400.0,0.1576296458892104,4.276821249479571,10.29662388979253,10.0,0.0,4.276821249479571,0.0,0.6847407082215792,1.0,1.0,1.0,1.0,0.0,DB,WR,WR,WR,0.894913569407193,0.6666666666666666,WR
2023091700.0,3328.0,56024.0,52424.0,300.0,0.2189650983278254,1.4135416513141736,9.969652952819136,10.0,1000.0,1.4135416513141736,0.0,0.5620698033443492,0.9423611008761158,0.9969652952819136,1.0,0.0,0.0,DB,WR,WR,WR,0.83804595373813,0.0,WR
2023091700.0,3373.0,56220.0,52424.0,100.0,0.0933452373361025,0.5099019513592806,1.0645498176191788,10.0,100.0,0.5099019513592806,0.16666666666666663,0.813309525327795,0.3399346342395204,0.10645498176191788,1.0,0.2857142857142857,0.5920784389125755,DB,WR,WR,WR,0.583043407258854,0.3878356701137156,WR
2023091700.0,3506.0,55872.0,54487.0,100.0,0.1547624908413817,8.123546023750961,8.747422373068453,10.0,400.0,8.123546023750961,0.16666666666666663,0.6904750183172366,1.0,0.8747422373068453,1.0,0.0,0.0,DB,WR,WR,WR,0.8717734535671146,0.0,WR
2023091700.0,3585.0,44931.0,44911.0,300.0,0.0575415450936513,3.125251989840182,10.263595959507064,10.0,200.0,3.125251989840182,0.0,0.8849169098126974,1.0,1.0,1.0,0.0,0.0,DB,WR,WR,WR,0.9616389699375657,0.0,WR
2023091700.0,3781.0,54473.0,46087.0,300.0,0.1127429047294991,0.988433103452113,8.920930180460761,10.0,0.0,0.988433103452113,0.0,0.7745141905410018,0.6589554023014087,0.8920930180460761,1.0,1.0,0.20925351723830965,DB,WR,WR,WR,0.8123114410699247,0.7364178390794365,WR
2023091700.0,3843.0,44931.0,45021.0,500.0,0.1280579181829719,5.545818244407224,9.770675231742144,10.0,100.0,5.545818244407224,0.0,0.7438841636340562,1.0,0.9770675231742144,1.0,0.2857142857142857,0.0,DB,WR,WR,WR,0.9100415591795282,0.19047619047619047,WR
2023091700.0,3873.0,55872.0,48241.0,200.0,0.1324889932535279,3.485426803133297,23.710381941029556,10.0,600.0,3.485426803133297,0.0,0.7350220134929442,1.0,1.0,1.0,0.0,0.0,DB,WR,WR,WR,0.9116740044976479,0.0,WR
2023091700.0,4143.0,55915.0,52272.0,200.0,0.0658625750170674,1.550129026887759,4.713493153215027,10.0,700.0,1.550129026887759,0.0,0.8682748499658652,1.0,0.4713493153215027,1.0,0.0,0.0,DB,WR,WR,WR,0.8503614797195889,0.0,WR
2023091700.0,4189.0,54597.0,46215.0,300.0,0.2683961076249716,2.3762575617975368,14.436340416811277,10.0,500.0,2.3762575617975368,0.0,0.46320778475005675,1.0,1.0,1.0,0.0,0.0,DB,WR,WR,WR,0.8210692615833521,0.0,WR
2023091700.0,4212.0,54723.0,46215.0,500.0,0.0954879506427314,0.7831347265956234,4.620006523492647,10.0,800.0,0.7831347265956234,0.0,0.8090240987145372,0.5220898177304156,0.4620006523492647,1.0,0.0,0.37349221872350125,DB,WR,WR,WR,0.7012987814361428,0.12449740624116708,WR
2023091701.0,102.0,41282.0,46190.0,700.0,0.1831746828218284,1.6786899654194631,3.965319348639593,10.0,900.0,1.6786899654194631,0.0,0.6336506343563433,1.0,0.39653193486395927,1.0,0.0,0.0,DB,WR,WR,WR,0.7571899317582396,0.0,WR
2023091701.0,339.0,47807.0,54554.0,500.0,0.189935958810326,7.466257429261328,12.9506938602066,10.0,0.0,7.466257429261328,0.0,0.620128082379348,1.0,1.0,1.0,1.0,0.0,DB,WR,WR,WR,0.8733760274597826,0.6666666666666666,WR
2023091701.0,415.0,42489.0,55969.0,500.0,0.0919780229726466,2.9706901555025857,7.602928414753407,10.0,0.0,2.9706901555025857,0.0,0.8160439540547069,1.0,0.7602928414753407,1.0,1.0,0.0,DB,WR,WR,WR,0.8907398863133037,0.6666666666666666,WR
2023091701.0,487.0,42489.0,42361.0,600.0,0.0878147932212829,2.0693960471596524,20.68920865777937,10.0,800.0,2.0693960471596524,0.0,0.8243704135574342,1.0,1.0,1.0,0.0,0.0,DB,WR,WR,WR,0.9414568045191447,0.0,WR
2023091701.0,637.0,42397.0,43298.0,300.0,0.1002759116987882,6.27120403112512,41.75043739317078,10.0,500.0,6.27120403112512,0.0,0.7994481766024236,1.0,1.0,1.0,0.0,0.0,DB,WR,WR,WR,0.9331493922008078,0.0,WR
2023091701.0,662.0,41282.0,44839.0,600.0,0.1451089854111688,2.7605253123273465,3.2466928036205434,10.0,700.0,2.7605253123273465,0.0,0.7097820291776624,1.0,0.32466928036205434,1.0,0.0,0.0,DB,WR,WR,WR,0.7681945324649649,0.0,WR
2023091701.0,782.0,47879.0,46902.0,400.0,0.1743875838807474,1.155205609404663,15.258525283798727,10.0,500.0,1.155205609404663,0.0,0.6512248322385052,0.770137072936442,1.0,1.0,0.0,0.07583551247626963,DB,WR,WR,WR,0.8224448301958862,0.025278504158756543,WR
2023091701.0,807.0,53079.0,42361.0,600.0,0.1598885028178488,7.814883236491774,4.039380225269166,10.0,0.0,7.814883236491774,0.0,0.6802229943643023,1.0,0.40393802252691663,1.0,1.0,0.0,DB,WR,WR,WR,0.774195269293484,0.6666666666666666,WR
2023091701.0,832.0,52536.0,55969.0,400.0,0.0673176549403398,5.191319678078014,10.434578823931291,10.0,400.0,5.191319678078014,0.0,0.8653646901193204,1.0,1.0,1.0,0.0,0.0,DB,WR,WR,WR,0.9551215633731067,0.0,WR
2023091701.0,857.0,52536.0,55969.0,500.0,0.1060678878143466,6.73073547244282,6.843749896742096,10.0,900.0,6.73073547244282,0.0,0.7878642243713068,1.0,0.6843749896742096,1.0,0.0,0.0,DB,WR,WR,WR,0.8661630727252775,0.0,WR
2023091701.0,936.0,42489.0,55969.0,400.0,0.0135576371027376,6.828213529174374,1.9935992315645064,10.0,0.0,6.828213529174374,0.0,0.9728847257945248,1.0,0.19935992315645062,1.0,1.0,0.0,DB,WR,WR,WR,0.8308335598961317,0.6666666666666666,WR
2023091701.0,1039.0,47879.0,55969.0,0.0,0.2132692433551784,3.956008088970488,3.825883248972777,10.0,0.0,3.956008088970488,1.0,0.5734615132896432,1.0,0.38258832489727773,1.0,1.0,0.0,DB,WR,WR,WR,0.7343381694093366,0.6666666666666666,WR
2023091701.0,1105.0,55965.0,54650.0,400.0,0.0631441168057603,0.9982484660644328,0.6200201948068776,10.0,0.0,0.9982484660644328,0.0,0.8737117663884794,0.6654989773762886,0.062002019480687766,1.0,1.0,0.20140122714845377,DB,WR,WR,WR,0.6811040533259742,0.7338004090494845,DB
2023091701.0,1169.0,41282.0,54650.0,500.0,0.1499036104867882,5.842088667591416,7.302291900587918,10.0,900.0,5.842088667591416,0.0,0.7001927790264235,1.0,0.7302291900587918,1.0,0.0,0.0,DB,WR,WR,WR,0.8461100976872329,0.0,WR
2023091701.0,1194.0,47807.0,46190.0,500.0,0.0633347481449215,7.366966811381736,2.9864228879565253,10.0,200.0,7.366966811381736,0.0,0.873330503710157,1.0,0.2986422887956525,1.0,0.0,0.0,DB,WR,WR,WR,0.8175052923291827,0.0,WR
2023091701.0,1243.0,41282.0,40166.0,600.0,0.1869779220167956,2.1429419030855685,8.089739934937263,10.0,0.0,2.1429419030855685,0.0,0.6260441559664087,1.0,0.8089739934937263,1.0,1.0,0.0,DB,WR,WR,WR,0.8371428506875481,0.6666666666666666,WR
2023091701.0,1317.0,42794.0,54650.0,0.0,0.1383821286386722,2.5900772189261065,5.4122026604987905,10.0,0.0,2.5900772189261065,1.0,0.7232357427226557,1.0,0.541220266049879,1.0,1.0,0.0,DB,WR,WR,WR,0.8159893007841943,0.6666666666666666,WR
2023091701.0,1447.0,54528.0,46902.0,400.0,0.1430000000000001,7.1932468329677155,13.03358577817089,10.0,700.0,7.1932468329677155,0.0,0.7139999999999997,1.0,1.0,1.0,0.0,0.0,DB,WR,WR,WR,0.9046666666666665,0.0,WR
2023091701.0,1573.0,41282.0,44839.0,400.0,0.1178733118524237,4.270562023902704,7.91291232112949,10.0,0.0,4.270562023902704,0.0,0.7642533762951527,1.0,0.7912912321129489,1.0,1.0,0.0,DB,WR,WR,WR,0.879676038520974,0.6666666666666666,WR
2023091701.0,1697.0,52536.0,42361.0,300.0,0.2039907929043455,2.9861011369342516,15.964813254078363,10.0,600.0,2.9861011369342516,0.0,0.592018414191309,1.0,1.0,1.0,0.0,0.0,DB,WR,WR,WR,0.8640061380637696,0.0,WR
2023091701.0,1727.0,54528.0,53509.0,600.0,0.1481533229955526,6.983817007911936,12.887260288388385,10.0,700.0,6.983817007911936,0.0,0.7036933540088948,1.0,1.0,1.0,0.0,0.0,DB,WR,WR,WR,0.9012311180029648,0.0,WR
2023091701.0,1752.0,42489.0,55969.0,300.0,0.2513561060284528,2.041200627082011,12.598842278664382,10.0,700.0,2.041200627082011,0.0,0.49728778794309436,1.0,1.0,1.0,0.0,0.0,DB,WR,WR,WR,0.832429262647698,0.0,WR
2023091701.0,1908.0,52536.0,42361.0,300.0,0.0831788387261006,4.374757136116248,6.845630578227492,10.0,200.0,4.374757136116248,0.0,0.8336423225477988,1.0,0.6845630578227493,1.0,0.0,0.0,DB,WR,WR,WR,0.8814600524138161,0.0,WR
2023091701.0,1938.0,55889.0,53472.0,200.0,0.0577083496834593,2.2693170778893,6.191429366509144,10.0,1400.0,2.2693170778893,0.0,0.8845833006330814,1.0,0.6191429366509145,1.0,0.0,0.0,DB,WR,WR,WR,0.8853563542078766,0.0,WR
2023091701.0,1961.0,54613.0,53596.0,600.0,0.2978667843384374,2.3659247663440137,6.239413354678159,10.0,0.0,2.3659247663440137,0.0,0.40426643132312523,1.0,0.6239413354678158,1.0,1.0,0.0,DB,WR,WR,WR,0.7262104108679381,0.6666666666666666,WR
2023091701.0,2055.0,55900.0,44976.0,700.0,0.2843523725538499,3.915635325205856,5.56108162558934,10.0,700.0,3.915635325205856,0.0,0.43129525489230025,1.0,0.556108162558934,1.0,0.0,0.0,DB,WR,WR,WR,0.7216533841425534,0.0,WR
2023091701.0,2168.0,55889.0,53596.0,600.0,0.2441098925476794,6.361768622010712,6.578927566736918,10.0,0.0,6.361768622010712,0.0,0.5117802149046412,1.0,0.6578927566736918,1.0,1.0,0.0,DB,WR,WR,WR,0.7688386229696187,0.6666666666666666,WR
2023091701.0,2267.0,42489.0,53472.0,300.0,0.1605263816692531,6.440225151343703,10.151845289749875,10.0,300.0,6.440225151343703,0.0,0.6789472366614938,1.0,1.0,1.0,0.0,0.0,DB,WR,WR,WR,0.8929824122204979,0.0,WR
2023091701.0,2337.0,55889.0,42361.0,0.0,0.0541282747727111,3.110964480671552,10.420689565572369,10.0,600.0,3.110964480671552,1.0,0.8917434504545778,1.0,1.0,1.0,0.0,0.0,DB,WR,WR,WR,0.9639144834848592,0.0,WR
2023091701.0,2435.0,40129.0,55969.0,500.0,0.2340562671289452,10.445539717984884,3.2174182107673537,10.0,700.0,10.445539717984884,0.0,0.5318874657421095,1.0,0.3217418210767354,1.0,0.0,0.0,DB,WR,WR,WR,0.7083108527960502,0.0,WR
2023091701.0,2465.0,52536.0,53472.0,0.0,0.1903176804466336,2.824181297296618,10.814108904633658,10.0,0.0,2.824181297296618,1.0,0.6193646391067328,1.0,1.0,1.0,1.0,0.0,DB,WR,WR,WR,0.8731215463689108,0.6666666666666666,WR
2023091701.0,2566.0,43370.0,40166.0,400.0,0.1169118571956719,3.908887309708484,14.726746698306997,10.0,0.0,3.908887309708484,0.0,0.7661762856086562,1.0,1.0,1.0,1.0,0.0,DB,WR,WR,WR,0.9220587618695519,0.6666666666666666,WR
2023091701.0,2591.0,43370.0,44976.0,500.0,0.2064356304412336,2.0497804760510325,9.6819420077878,10.0,200.0,2.0497804760510325,0.0,0.5871287391175328,1.0,0.96819420077878,1.0,0.0,0.0,DB,WR,WR,WR,0.856015086528267,0.0,WR
2023091701.0,2616.0,47807.0,44976.0,300.0,0.0522495646565857,1.7472263734273232,6.34408478951077,10.0,500.0,1.7472263734273232,0.0,0.8955008706868286,1.0,0.634408478951077,1.0,0.0,0.0,DB,WR,WR,WR,0.8920486526858248,0.0,WR
2023091701.0,2705.0,40129.0,42361.0,300.0,0.1670373329176303,3.41716256563834,2.4573209449515376,10.0,600.0,3.41716256563834,0.0,0.6659253341647394,1.0,0.24573209449515376,1.0,0.0,0.0,DB,WR,WR,WR,0.7377881969539438,0.0,WR
2023091701.0,2752.0,55889.0,46902.0,500.0,0.0786334903616241,7.086917524565957,6.84595160008225,10.0,0.0,7.086917524565957,0.0,0.8427330192767518,1.0,0.684595160008225,1.0,1.0,0.0,DB,WR,WR,WR,0.8844967050938956,0.6666666666666666,WR
2023091701.0,2953.0,41282.0,44839.0,500.0,0.1399830593928996,3.576282986565797,26.615393544058666,10.0,200.0,3.576282986565797,0.0,0.7200338812142009,1.0,1.0,1.0,0.0,0.0,DB,WR,WR,WR,0.9066779604047335,0.0,WR
2023091701.0,3000.0,47807.0,40107.0,500.0,0.1176164683776622,6.992524579863845,21.205028412951737,10.0,300.0,6.992524579863845,0.0,0.7647670632446756,1.0,1.0,1.0,0.0,0.0,DB,WR,WR,WR,0.9215890210815585,0.0,WR
2023091701.0,3025.0,41282.0,54650.0,400.0,0.1810750062673945,2.2329352879114057,3.785540294874528,10.0,1100.0,2.2329352879114057,0.0,0.637849987465211,1.0,0.3785540294874528,1.0,0.0,0.0,DB,WR,WR,WR,0.7549941350525609,0.0,WR
2023091701.0,3144.0,52536.0,42361.0,200.0,0.1628088430263813,7.321645989803108,8.032136487775256,10.0,0.0,7.321645989803108,0.0,0.6743823139472374,1.0,0.8032136487775257,1.0,1.0,0.0,DB,WR,WR,WR,0.8521035010712509,0.6666666666666666,WR
2023091701.0,3521.0,47932.0,46223.0,300.0,0.1039868144322037,5.719379336956068,13.352111181141208,10.0,800.0,5.719379336956068,0.0,0.7920263711355926,1.0,1.0,1.0,0.0,0.0,DB,WR,WR,WR,0.9306754570451974,0.0,WR
2023091702.0,55.0,54604.0,48026.0,400.0,0.1070033065018981,3.5724081513735277,11.378782551601304,10.0,0.0,3.5724081513735277,0.0,0.7859933869962038,1.0,1.0,1.0,1.0,0.0,DB,WR,WR,WR,0.9286644623320679,0.6666666666666666,WR
2023091702.0,134.0,41238.0,43641.0,300.0,0.1622141174911108,1.116064514264295,10.188133586925138,10.0,800.0,1.116064514264295,0.0,0.6755717650177784,0.7440430095095301,1.0,1.0,0.0,0.1071483885885639,DB,WR,WR,WR,0.8236020575418007,0.0357161295295213,WR
2023091702.0,164.0,46155.0,52473.0,400.0,0.0583576237084577,3.3552943239006585,27.77215998812683,10.0,0.0,3.3552943239006585,0.0,0.8832847525830846,1.0,1.0,1.0,1.0,0.0,DB,WR,WR,WR,0.9610949175276948,0.6666666666666666,WR
2023091702.0,336.0,41238.0,43641.0,500.0,0.2479783644408705,2.7029613389761984,10.358569517918268,10.0,700.0,2.7029613389761984,0.0,0.504043271118259,1.0,1.0,1.0,0.0,0.0,DB,WR,WR,WR,0.834681090372753,0.0,WR
2023091702.0,504.0,43344.0,53819.0,400.0,0.0981561614705462,2.3747210362482556,22.4169560337696,10.0,700.0,2.3747210362482556,0.0,0.8036876770589076,1.0,1.0,1.0,0.0,0.0,DB,WR,WR,WR,0.9345625590196358,0.0,WR
2023091702.0,529.0,47833.0,42393.0,300.0,0.0940859921191431,1.24402572320672,1.6460589941183192,10.0,500.0,1.24402572320672,0.0,0.8118280157617138,0.8293504821378134,0.16460589941183193,1.0,0.0,0.004779421434623954,DB,WR,WR,WR,0.7246906470396879,0.0015931404782079845,WR
2023091702.0,584.0,41238.0,54525.0,300.0,0.1068877916321599,3.4702305398921225,12.645881015281386,10.0,0.0,3.4702305398921225,0.0,0.7862244167356802,1.0,1.0,1.0,1.0,0.0,DB,WR,WR,WR,0.9287414722452266,0.6666666666666666,WR
2023091702.0,638.0,53456.0,44872.0,300.0,0.1321156518151633,2.1125576915199273,10.931396004079122,10.0,500.0,2.1125576915199273,0.0,0.7357686963696735,1.0,1.0,1.0,0.0,0.0,DB,WR,WR,WR,0.9119228987898911,0.0,WR
2023091702.0,663.0,42363.0,54525.0,0.0,0.0758902347544954,1.1962023240238258,1.9353875124255535,10.0,0.0,1.1962023240238258,1.0,0.8482195304910092,0.7974682160158838,0.19353875124255535,1.0,1.0,0.04303814078093937,DB,WR,WR,WR,0.7341057846830831,0.6810127135936465,WR
2023091702.0,686.0,52500.0,43641.0,200.0,0.074117024584999,0.9024411338142814,4.040245445315009,10.0,700.0,0.9024411338142814,0.0,0.851765950830002,0.6016274225428543,0.40402454453150094,1.0,0.0,0.2780470929485749,DB,WR,WR,WR,0.7251608718610619,0.09268236431619162,WR
2023091702.0,711.0,55886.0,55925.0,300.0,0.0487617229772046,2.393010656056512,4.058922750500969,10.0,700.0,2.393010656056512,0.0,0.9024765540455908,1.0,0.4058922750500969,1.0,0.0,0.0,DB,WR,WR,WR,0.8486706396918829,0.0,WR
2023091702.0,1177.0,42363.0,54496.0,500.0,0.1882988034851507,4.740263705744645,19.203211913177658,10.0,0.0,4.740263705744645,0.0,0.6234023930296986,1.0,1.0,1.0,1.0,0.0,DB,WR,WR,WR,0.8744674643432327,0.6666666666666666,WR
2023091702.0,1228.0,53456.0,54496.0,500.0,0.1609540521284,3.09769268972892,8.1928251778834,10.0,700.0,3.09769268972892,0.0,0.6780918957432001,1.0,0.8192825177883399,1.0,0.0,0.0,DB,WR,WR,WR,0.8565538021387347,0.0,WR
2023091702.0,1327.0,53456.0,54525.0,700.0,0.0210713075057054,4.84484261870291,2.2014138198726707,10.0,200.0,4.84484261870291,0.0,0.9578573849885892,1.0,0.22014138198726707,1.0,0.0,0.0,DB,WR,WR,WR,0.8299807380603165,0.0,WR
2023091702.0,1556.0,52441.0,53533.0,400.0,0.1266771694630011,2.0270421801235416,2.4923601993752773,10.0,600.0,2.0270421801235416,0.0,0.7466456610739978,1.0,0.24923601993752773,1.0,0.0,0.0,DB,WR,WR,WR,0.765395757678838,0.0,WR
2023091702.0,1590.0,52441.0,53819.0,200.0,0.037707578440699,2.9249957264926016,1.208132448671761,10.0,0.0,2.9249957264926016,0.0,0.924584843118602,1.0,0.12081324486717611,1.0,1.0,0.0,DB,WR,WR,WR,0.7990242633463025,0.6666666666666666,WR
2023091702.0,1736.0,53434.0,47817.0,300.0,0.0979030132324845,1.3000000000000014,1.2417156008579333,10.0,600.0,1.3000000000000014,0.0,0.804193973535031,0.8666666666666676,0.12417156008579333,1.0,0.0,0.0,DB,WR,WR,WR,0.7240100809732803,0.0,WR
2023091702.0,1878.0,42363.0,54496.0,300.0,0.1842565944839895,4.512826165497625,17.413469894875316,10.0,0.0,4.512826165497625,0.0,0.631486811032021,1.0,1.0,1.0,1.0,0.0,DB,WR,WR,WR,0.877162270344007,0.6666666666666666,WR
2023091702.0,1928.0,46155.0,52473.0,300.0,0.1542886904474857,7.624598350077203,5.320554553788689,10.0,0.0,7.624598350077203,0.0,0.6914226191050286,1.0,0.5320554553788689,1.0,1.0,0.0,DB,WR,WR,WR,0.8035519641107832,0.6666666666666666,WR
2023091702.0,1957.0,42363.0,52473.0,400.0,0.041182520563948,3.747332384510344,3.3452480673806764,10.0,500.0,3.747332384510344,0.0,0.917634958872104,1.0,0.3345248067380676,1.0,0.0,0.0,DB,WR,WR,WR,0.8394499476383147,0.0,WR
2023091702.0,2094.0,46155.0,52473.0,200.0,0.0355213274791685,2.469817807045703,3.546009476241911,10.0,900.0,2.469817807045703,0.0,0.928957345041663,1.0,0.3546009476241911,1.0,0.0,0.0,DB,WR,WR,WR,0.8472393045387259,0.0,WR
2023091702.0,2136.0,46155.0,47855.0,300.0,0.2151281407883782,7.927395536997,17.133458830149,10.0,200.0,7.927395536997,0.0,0.5697437184232437,1.0,1.0,1.0,0.0,0.0,DB,WR,WR,WR,0.8565812394744144,0.0,WR
2023091702.0,2298.0,44860.0,54479.0,300.0,0.2028381056444997,2.4148084810187336,2.8770471899682653,10.0,600.0,2.4148084810187336,0.0,0.5943237887110007,1.0,0.28770471899682654,1.0,0.0,0.0,DB,WR,WR,WR,0.7223155400363654,0.0,WR
2023091702.0,2374.0,52441.0,52436.0,300.0,0.1378370328287997,1.6140012391568954,8.660608975494982,10.0,800.0,1.6140012391568954,0.0,0.7243259343424007,1.0,0.8660608975494982,1.0,0.0,0.0,DB,WR,WR,WR,0.8813208242906998,0.0,WR
2023091702.0,2399.0,44860.0,53533.0,300.0,0.2316500910983683,9.586156685554435,4.677245173868993,10.0,1000.0,9.586156685554435,0.0,0.5366998178032634,1.0,0.4677245173868993,1.0,0.0,0.0,DB,WR,WR,WR,0.7391115094118009,0.0,WR
2023091702.0,2429.0,47833.0,52627.0,0.0,0.0558532302855735,5.5036351623268045,0.4444609070267928,10.0,0.0,5.5036351623268045,1.0,0.888293539428853,1.0,0.04444609070267928,1.0,1.0,0.0,DB,WR,WR,WR,0.7716537312834869,0.6666666666666666,WR
2023091702.0,2483.0,52441.0,46077.0,400.0,0.1238165654180455,1.605895388871888,3.9708289056574655,10.0,1000.0,1.605895388871888,0.0,0.7523668691639089,1.0,0.3970828905657465,1.0,0.0,0.0,DB,WR,WR,WR,0.7968722011677856,0.0,WR
2023091702.0,2515.0,55886.0,54525.0,500.0,0.1027057035342321,1.4712239802287064,6.47661627105717,10.0,900.0,1.4712239802287064,0.0,0.7945885929315358,0.9808159868191376,0.6476616271057171,1.0,0.0,0.0,DB,WR,WR,WR,0.8559461195500919,0.0,WR
2023091702.0,2599.0,46155.0,54496.0,400.0,0.1600081697260643,2.219391808581799,15.486644540410383,10.0,800.0,2.219391808581799,0.0,0.6799836605478714,1.0,1.0,1.0,0.0,0.0,DB,WR,WR,WR,0.8933278868492904,0.0,WR
2023091702.0,2663.0,44860.0,52506.0,600.0,0.2399812492675207,7.470240959969095,3.1730424314111474,10.0,400.0,7.470240959969095,0.0,0.5200375014649585,1.0,0.3173042431411147,1.0,0.0,0.0,DB,WR,WR,WR,0.7034733491165424,0.0,WR
2023091702.0,2718.0,53434.0,47817.0,400.0,0.0392378693306654,3.905547336801844,3.77984521119054,10.0,800.0,3.905547336801844,0.0,0.9215242613386692,1.0,0.377984521119054,1.0,0.0,0.0,DB,WR,WR,WR,0.8494383246700338,0.0,WR
2023091702.0,2792.0,43344.0,52627.0,200.0,0.0953013795344876,3.2927344259748623,7.989978079111196,10.0,0.0,3.2927344259748623,0.0,0.8093972409310248,1.0,0.7989978079111195,1.0,1.0,0.0,DB,WR,WR,WR,0.896265308559232,0.6666666666666666,WR
2023091702.0,2817.0,52441.0,53533.0,300.0,0.1716165745994501,2.779010615308978,16.212807307198556,10.0,200.0,2.779010615308978,0.0,0.6567668508010998,1.0,1.0,1.0,0.0,0.0,DB,WR,WR,WR,0.8855889502670332,0.0,WR
2023091702.0,2842.0,52441.0,53533.0,200.0,0.154496335383914,1.332216198670471,4.078222342631905,10.0,700.0,1.332216198670471,0.0,0.691007329232172,0.8881441324469806,0.40782223426319053,1.0,0.0,0.0,DB,WR,WR,WR,0.7487386585825568,0.0,WR
2023091702.0,2900.0,53434.0,54479.0,300.0,0.1124184526522758,4.449325791622818,9.3073673322127,10.0,700.0,4.449325791622818,0.0,0.7751630946954484,1.0,0.9307367332212699,1.0,0.0,0.0,DB,WR,WR,WR,0.9112017115427367,0.0,WR
2023091702.0,2981.0,52441.0,53819.0,200.0,0.1849915172970412,1.2248265183282074,7.95900792426479,10.0,700.0,1.2248265183282074,0.0,0.6300169654059176,0.816551012218805,0.7959007924264789,1.0,0.0,0.020138785337434073,DB,WR,WR,WR,0.7869327502122829,0.006712928445811357,WR
2023091702.0,3189.0,46155.0,52473.0,0.0,0.1070511873355764,2.319051530259729,13.309741429408376,10.0,0.0,2.319051530259729,1.0,0.7858976253288472,1.0,1.0,1.0,1.0,0.0,DB,WR,WR,WR,0.9286325417762823,0.6666666666666666,WR
2023091702.0,3246.0,52500.0,44872.0,300.0,0.1055396389259282,1.212476803901832,2.1273584626300397,10.0,500.0,1.212476803901832,0.0,0.7889207221481436,0.8083178692678881,0.21273584626300396,1.0,0.0,0.030018556878534275,DB,WR,WR,WR,0.721072175106752,0.010006185626178091,WR
2023091702.0,3269.0,42363.0,43641.0,200.0,0.1950276633549307,4.917570538385792,14.107084397663218,10.0,700.0,4.917570538385792,0.0,0.6099446732901386,1.0,1.0,1.0,0.0,0.0,DB,WR,WR,WR,0.8699815577633795,0.0,WR
2023091702.0,3367.0,42363.0,44872.0,300.0,0.1219088376857161,1.8115739013355217,7.764707770410818,10.0,700.0,1.8115739013355217,0.0,0.7561823246285678,1.0,0.7764707770410818,1.0,0.0,0.0,DB,WR,WR,WR,0.8740215969510723,0.0,WR
2023091702.0,3483.0,47833.0,54479.0,100.0,0.0471543148796025,4.23137093623332,5.015577499633547,10.0,0.0,4.23137093623332,0.16666666666666663,0.905691370240795,1.0,0.5015577499633548,1.0,1.0,0.0,DB,WR,WR,WR,0.8688753400729359,0.6666666666666666,WR
2023091702.0,3661.0,44860.0,53819.0,0.0,0.0876161360799898,5.973692325521966,3.849352715549314,10.0,500.0,5.973692325521966,1.0,0.8247677278400204,1.0,0.3849352715549314,1.0,0.0,0.0,DB,WR,WR,WR,0.8185762969243264,0.0,WR
2023091702.0,3700.0,43344.0,53819.0,100.0,0.0688000601443205,1.92626581758593,27.003236528608372,10.0,400.0,1.92626581758593,0.16666666666666663,0.862399879711359,1.0,1.0,1.0,0.0,0.0,DB,WR,WR,WR,0.9541332932371196,0.0,WR
2023091702.0,3771.0,52441.0,46077.0,100.0,0.0811896436853758,7.652221899553094,9.263181802709306,10.0,100.0,7.652221899553094,0.16666666666666663,0.8376207126292484,1.0,0.9263181802709306,1.0,0.2857142857142857,0.0,DB,WR,WR,WR,0.9311372069306023,0.19047619047619047,WR
2023091702.0,3796.0,52441.0,42393.0,0.0,0.0919109299681982,2.211176157613868,11.51183874934568,10.0,0.0,2.211176157613868,1.0,0.8161781400636036,1.0,1.0,1.0,1.0,0.0,DB,WR,WR,WR,0.9387260466878677,0.6666666666666666,WR
2023091702.0,3876.0,43344.0,53819.0,200.0,0.129739165567885,4.056229776528934,22.31382722365567,10.0,300.0,4.056229776528934,0.0,0.74052166886423,1.0,1.0,1.0,0.0,0.0,DB,WR,WR,WR,0.9135072229547432,0.0,WR
2023091702.0,3901.0,52441.0,52436.0,100.0,0.1626724725739833,2.4256339377573046,6.740187959440661,10.0,500.0,2.4256339377573046,0.16666666666666663,0.6746550548520334,1.0,0.6740187959440661,1.0,0.0,0.0,DB,WR,WR,WR,0.8263554441394909,0.0,WR
2023091702.0,4016.0,53434.0,42393.0,100.0,0.1256421414670186,0.622896460095902,13.959276157088564,10.0,900.0,0.622896460095902,0.16666666666666663,0.7487157170659628,0.4152643067306014,1.0,1.0,0.0,0.5016828319232783,DB,WR,WR,WR,0.7603090541501479,0.16722761064109276,WR
2023091703.0,104.0,55884.0,55910.0,400.0,0.1809905405195966,4.550571392693451,14.116652874895822,10.0,800.0,4.550571392693451,0.0,0.6380189189608068,1.0,1.0,1.0,0.0,0.0,DB,WR,WR,WR,0.8793396396536022,0.0,WR
2023091703.0,180.0,54506.0,44888.0,600.0,0.176771473507899,7.85541851208451,7.156240195600893,10.0,700.0,7.85541851208451,0.0,0.646457052984202,1.0,0.7156240195600894,1.0,0.0,0.0,DB,WR,WR,WR,0.8252771549067518,0.0,WR
2023091703.0,210.0,47847.0,53953.0,500.0,0.0449957910489549,3.3849224511057887,1.53367244450915,10.0,700.0,3.3849224511057887,0.0,0.9100084179020902,1.0,0.153367244450915,1.0,0.0,0.0,DB,WR,WR,WR,0.8006762548575463,0.0,WR
2023091703.0,281.0,46189.0,53953.0,700.0,0.09761329304124,4.380559325017754,7.786724958567084,10.0,900.0,4.380559325017754,0.0,0.80477341391752,1.0,0.7786724958567084,1.0,0.0,0.0,DB,WR,WR,WR,0.8906589704771816,0.0,WR
2023091703.0,306.0,47847.0,53953.0,800.0,0.0367102836755073,3.315493930020082,4.132412042153343,10.0,900.0,3.315493930020082,0.0,0.9265794326489853,1.0,0.4132412042153343,1.0,0.0,0.0,DB,WR,WR,WR,0.8581747183927286,0.0,WR
2023091703.0,530.0,55899.0,47891.0,400.0,0.2501186657144475,5.207043306906521,2.6912562142285026,10.0,0.0,5.207043306906521,0.0,0.49976266857110496,1.0,0.26912562142285024,1.0,1.0,0.0,DB,WR,WR,WR,0.687079347141605,0.6666666666666666,WR
2023091703.0,582.0,55876.0,38577.0,0.0,0.0482377183369582,6.206681883260973,4.677807491786996,10.0,0.0,6.206681883260973,1.0,0.9035245633260836,1.0,0.46778074917869955,1.0,1.0,0.0,DB,WR,WR,WR,0.8613976709444343,0.6666666666666666,WR
2023091703.0,629.0,44930.0,55869.0,400.0,0.1277672162115992,0.926336871769658,6.616988000694482,10.0,800.0,0.926336871769658,0.0,0.7444655675768016,0.6175579145131053,0.6616988000694481,1.0,0.0,0.25893050258427364,DB,WR,WR,WR,0.7451770597429849,0.0863101675280912,WR
2023091703.0,665.0,44930.0,47891.0,400.0,0.1086370102681402,2.6129676614914294,7.34490528158151,10.0,0.0,2.6129676614914294,0.0,0.7827259794637196,1.0,0.734490528158151,1.0,1.0,0.0,DB,WR,WR,WR,0.8744734321195367,0.6666666666666666,WR
2023091703.0,980.0,56084.0,54618.0,300.0,0.2156724829064686,7.067007853398775,2.356588104853873,10.0,0.0,7.067007853398775,0.0,0.5686550341870629,1.0,0.2356588104853873,1.0,1.0,0.0,DB,WR,WR,WR,0.7033501068260983,0.6666666666666666,WR
2023091703.0,1008.0,55876.0,54574.0,0.0,0.3058058373297139,1.440034721803614,23.58356010224488,10.0,200.0,1.440034721803614,1.0,0.3883883253405722,0.960023147869076,1.0,1.0,0.0,0.0,DB,WR,WR,WR,0.785468947878611,0.0,WR
2023091703.0,1062.0,53541.0,47891.0,300.0,0.1136584076002896,1.881515346735181,25.264471998802524,10.0,600.0,1.881515346735181,0.0,0.7726831847994208,1.0,1.0,1.0,0.0,0.0,DB,WR,WR,WR,0.9242277282664735,0.0,WR
2023091703.0,1183.0,55899.0,55869.0,300.0,0.3019842836568776,1.0656922632730337,0.2169967498014345,10.0,700.0,1.0656922632730337,0.0,0.39603143268624486,0.7104615088486891,0.021699674980143448,1.0,0.0,0.14744618938157306,DB,WR,WR,WR,0.5258068149177607,0.04914872979385768,WR
2023091703.0,1206.0,42412.0,53953.0,300.0,0.2398701037367236,9.966890187014208,11.098525003714071,10.0,0.0,9.966890187014208,0.0,0.5202597925265529,1.0,1.0,1.0,1.0,0.0,DB,WR,WR,WR,0.8400865975088508,0.6666666666666666,WR
2023091703.0,1238.0,47803.0,54682.0,300.0,0.2420628935719899,1.5802847844613308,13.70144425606635,10.0,600.0,1.5802847844613308,0.0,0.5158742128560202,1.0,1.0,1.0,0.0,0.0,DB,WR,WR,WR,0.8386247376186733,0.0,WR
2023091703.0,1393.0,53541.0,55869.0,300.0,0.0948645105522548,3.5022278623756025,3.8409283213801713,10.0,100.0,3.5022278623756025,0.0,0.8102709788954904,1.0,0.38409283213801715,1.0,0.2857142857142857,0.0,DB,WR,WR,WR,0.8135755593927668,0.19047619047619047,WR
2023091703.0,1496.0,43584.0,55869.0,0.0,0.1984807845831417,5.2682444893911295,9.304567799768831,10.0,0.0,5.2682444893911295,1.0,0.6030384308337167,1.0,0.9304567799768831,1.0,1.0,0.0,DB,WR,WR,WR,0.8537708329399488,0.6666666666666666,WR
2023091703.0,1586.0,42412.0,55910.0,400.0,0.1081714039456779,4.077658641916952,15.497217983790032,10.0,700.0,4.077658641916952,0.0,0.7836571921086442,1.0,1.0,1.0,0.0,0.0,DB,WR,WR,WR,0.9278857307028813,0.0,WR
2023091703.0,1611.0,55884.0,44906.0,400.0,0.3275038813060562,11.39359908018533,8.008804684042085,10.0,0.0,11.39359908018533,0.0,0.34499223738788765,1.0,0.8008804684042085,1.0,1.0,0.0,DB,WR,WR,WR,0.7418401728101376,0.6666666666666666,WR
2023091703.0,1663.0,56471.0,53953.0,400.0,0.2341899789413696,6.952445612876092,2.4767092583458963,10.0,800.0,6.952445612876092,0.0,0.5316200421172608,1.0,0.24767092583458963,1.0,0.0,0.0,DB,WR,WR,WR,0.6934075325393382,0.0,WR
2023091703.0,1771.0,55876.0,52435.0,400.0,0.150059276825076,1.7406320691059327,25.048797486693523,10.0,600.0,1.7406320691059327,0.0,0.699881446349848,1.0,1.0,1.0,0.0,0.0,DB,WR,WR,WR,0.899960482116616,0.0,WR
2023091703.0,1865.0,55917.0,54653.0,600.0,0.1347694417119653,1.575436447464635,15.688478808950986,10.0,0.0,1.575436447464635,0.0,0.7304611165760694,1.0,1.0,1.0,1.0,0.0,DB,WR,WR,WR,0.9101537055253563,0.6666666666666666,WR
2023091703.0,1890.0,42412.0,44906.0,400.0,0.0987888613682472,2.7845466417354197,3.952002655790776,10.0,0.0,2.7845466417354197,0.0,0.8024222772635056,1.0,0.3952002655790776,1.0,1.0,0.0,DB,WR,WR,WR,0.8131808122036506,0.6666666666666666,WR
2023091703.0,1961.0,47803.0,54682.0,400.0,0.1627709196827623,4.450539293164369,13.412873686908888,10.0,500.0,4.450539293164369,0.0,0.6744581606344754,1.0,1.0,1.0,0.0,0.0,DB,WR,WR,WR,0.891486053544825,0.0,WR
2023091703.0,1986.0,42412.0,44906.0,500.0,0.1283596138829908,1.8233211456021676,16.14629586771354,10.0,800.0,1.8233211456021676,0.0,0.7432807722340184,1.0,1.0,1.0,0.0,0.0,DB,WR,WR,WR,0.9144269240780061,0.0,WR
2023091703.0,2062.0,53541.0,53566.0,300.0,0.1139368649533692,1.2257650672131264,4.080192095493575,10.0,500.0,1.2257650672131264,0.0,0.7721262700932616,0.8171767114754176,0.4080192095493575,1.0,0.0,0.01938794622949891,DB,WR,WR,WR,0.75689305500107,0.0064626487431663025,WR
2023091703.0,2182.0,52541.0,44888.0,300.0,0.1531708819361036,5.2833701365700305,12.2431075106215,10.0,400.0,5.2833701365700305,0.0,0.6936582361277928,1.0,1.0,1.0,0.0,0.0,DB,WR,WR,WR,0.8978860787092642,0.0,WR
2023091703.0,2268.0,53541.0,47891.0,200.0,0.0997226924256229,1.376117727521888,9.59380368049738,10.0,300.0,1.376117727521888,0.0,0.8005546151487541,0.9174118183479254,0.959380368049738,1.0,0.0,0.0,DB,WR,WR,WR,0.9033707635523124,0.0,WR
2023091703.0,2397.0,53541.0,54574.0,300.0,0.1301296667125912,2.56281095674262,45.77052370926517,10.0,700.0,2.56281095674262,0.0,0.7397406665748176,1.0,1.0,1.0,0.0,0.0,DB,WR,WR,WR,0.9132468888582724,0.0,WR
2023091703.0,2498.0,55899.0,52435.0,200.0,0.2959334401266973,4.6200541122372165,3.072713022527067,10.0,0.0,4.6200541122372165,0.0,0.4081331197466054,1.0,0.3072713022527067,1.0,1.0,0.0,DB,WR,WR,WR,0.6641653003660765,0.6666666666666666,DB
2023091703.0,2638.0,42412.0,55910.0,600.0,0.2500724532691633,2.9671872202474865,9.68638086931152,10.0,800.0,2.9671872202474865,0.0,0.49985509346167345,1.0,0.968638086931152,1.0,0.0,0.0,DB,WR,WR,WR,0.8270126485401215,0.0,WR
2023091703.0,2754.0,46189.0,44888.0,500.0,0.2828966982343928,4.234347647513131,3.537037977980934,10.0,400.0,4.234347647513131,0.0,0.43420660353121443,1.0,0.35370379779809336,1.0,0.0,0.0,DB,WR,WR,WR,0.6821429607366901,0.0,WR
2023091703.0,2872.0,55884.0,54562.0,500.0,0.15288339783421,2.942413974953211,12.77722737563177,10.0,800.0,2.942413974953211,0.0,0.69423320433158,1.0,1.0,1.0,0.0,0.0,DB,WR,WR,WR,0.8980777347771932,0.0,WR
2023091703.0,2960.0,47856.0,52435.0,400.0,0.020376571801031,4.236083096446537,3.1976382783895008,10.0,500.0,4.236083096446537,0.0,0.9592468563979379,1.0,0.3197638278389501,1.0,0.0,0.0,DB,WR,WR,WR,0.8503683843671026,0.0,WR
2023091703.0,3017.0,55876.0,52435.0,300.0,0.1377386538299736,2.4113274352522085,4.996989724628108,10.0,0.0,2.4113274352522085,0.0,0.7245226923400527,1.0,0.4996989724628108,1.0,1.0,0.0,DB,WR,WR,WR,0.8081140252725797,0.6666666666666666,WR
2023091703.0,3069.0,44930.0,55869.0,300.0,0.2850952958768217,0.8200000000000006,6.127473426396646,10.0,800.0,0.8200000000000006,0.0,0.4298094082463566,0.5466666666666671,0.6127473426396646,1.0,0.0,0.34399999999999953,DB,WR,WR,WR,0.6115970490544963,0.1146666666666665,WR
2023091703.0,3135.0,55917.0,54653.0,400.0,0.1884466004260123,8.348730442408595,8.558084115624819,10.0,1200.0,8.348730442408595,0.0,0.6231067991479754,1.0,0.8558084115624819,1.0,0.0,0.0,DB,WR,WR,WR,0.8455306153618215,0.0,WR
2023091703.0,3185.0,46189.0,54653.0,200.0,0.2609408334796896,1.160172400981852,20.34985219907277,10.0,0.0,1.160172400981852,0.0,0.4781183330406208,0.7734482673212346,1.0,1.0,1.0,0.07186207921451848,DB,WR,WR,WR,0.7656256489658694,0.6906206930715061,WR
2023091703.0,3361.0,42412.0,53953.0,400.0,0.1168009483628516,4.830165628630143,9.231820476454548,10.0,1000.0,4.830165628630143,0.0,0.7663981032742968,1.0,0.9231820476454548,1.0,0.0,0.0,DB,WR,WR,WR,0.9067691106205231,0.0,WR
2023091703.0,3506.0,55876.0,52435.0,200.0,0.162193142224372,6.593944191453246,18.211824836173538,10.0,0.0,6.593944191453246,0.0,0.675613715551256,1.0,1.0,1.0,1.0,0.0,DB,WR,WR,WR,0.8918712385170853,0.6666666666666666,WR
2023091703.0,3544.0,44930.0,47891.0,500.0,0.2815018598543344,2.5544079548889576,4.827826358373787,10.0,700.0,2.5544079548889576,0.0,0.4369962802913312,1.0,0.4827826358373787,1.0,0.0,0.0,DB,WR,WR,WR,0.7088886205979195,0.0,WR
2023091703.0,3589.0,55876.0,53566.0,300.0,0.1886676204718042,3.7580047897787505,24.718140446922465,10.0,0.0,3.7580047897787505,0.0,0.6226647590563916,1.0,1.0,1.0,1.0,0.0,DB,WR,WR,WR,0.8742215863521304,0.6666666666666666,WR
2023091703.0,3690.0,43584.0,52456.0,500.0,0.113247516529061,1.5023315213360844,4.69206527602542,10.0,700.0,1.5023315213360844,0.0,0.773504966941878,1.0,0.469206527602542,1.0,0.0,0.0,DB,WR,WR,WR,0.8183429611678009,0.0,WR
2023091703.0,3733.0,55899.0,54574.0,0.0,0.2233063238820486,2.3417087777945302,17.455646999987497,10.0,0.0,2.3417087777945302,1.0,0.5533873522359027,1.0,1.0,1.0,1.0,0.0,DB,WR,WR,WR,0.8511291174119675,0.6666666666666666,WR
2023091703.0,3827.0,55899.0,47891.0,100.0,0.1201185312033973,3.175027558935509,18.783766229430647,10.0,200.0,3.175027558935509,0.16666666666666663,0.7597629375932053,1.0,1.0,1.0,0.0,0.0,DB,WR,WR,WR,0.919920979197735,0.0,WR
2023091703.0,3874.0,44930.0,53566.0,400.0,0.2396024005406198,1.6783622970026504,18.82970092067348,10.0,0.0,1.6783622970026504,0.0,0.5207951989187605,1.0,1.0,1.0,1.0,0.0,DB,WR,WR,WR,0.8402650663062534,0.6666666666666666,WR
2023091703.0,4077.0,44930.0,55869.0,400.0,0.1227397092708144,2.2585836269662445,14.861776027821753,10.0,200.0,2.2585836269662445,0.0,0.7545205814583712,1.0,1.0,1.0,0.0,0.0,DB,WR,WR,WR,0.9181735271527902,0.0,WR
2023091703.0,4124.0,55876.0,52435.0,500.0,0.0482936344902216,4.968400144915865,2.7607547352785566,10.0,1700.0,4.968400144915865,0.0,0.9034127310195568,1.0,0.27607547352785566,1.0,0.0,0.0,DB,WR,WR,WR,0.8230193383787567,0.0,WR
2023091703.0,4149.0,53541.0,47891.0,400.0,0.0980802571474264,4.237133464973699,14.61571793518258,10.0,300.0,4.237133464973699,0.0,0.8038394857051472,1.0,1.0,1.0,0.0,0.0,DB,WR,WR,WR,0.9346131619017156,0.0,WR
2023091703.0,4179.0,55876.0,47891.0,400.0,0.1639276749322567,4.102011701592279,19.054781989400905,10.0,300.0,4.102011701592279,0.0,0.6721446501354866,1.0,1.0,1.0,0.0,0.0,DB,WR,WR,WR,0.8907148833784955,0.0,WR
2023091703.0,4278.0,47803.0,53542.0,300.0,0.1150927852054558,8.831772189090929,3.1394578771042205,10.0,500.0,8.831772189090929,0.0,0.7698144295890884,1.0,0.31394578771042203,1.0,0.0,0.0,DB,WR,WR,WR,0.7860606340717805,0.0,WR
2023091703.0,4326.0,47803.0,53542.0,400.0,0.1697133329606586,3.1260518229869456,20.067887003996756,10.0,1000.0,3.1260518229869456,0.0,0.6605733340786828,1.0,1.0,1.0,0.0,0.0,DB,WR,WR,WR,0.8868577780262276,0.0,WR
2023091703.0,4351.0,47847.0,53953.0,400.0,0.1198716244538563,1.7488853593074696,15.114201670908338,10.0,500.0,1.7488853593074696,0.0,0.7602567510922874,1.0,1.0,1.0,0.0,0.0,DB,WR,WR,WR,0.9200855836974291,0.0,WR
2023091703.0,4401.0,52541.0,44834.0,200.0,0.234778550429837,3.940977036218304,3.9497204305369182,10.0,600.0,3.940977036218304,0.0,0.530442899140326,1.0,0.3949720430536918,1.0,0.0,0.0,DB,WR,WR,WR,0.722475374990847,0.0,WR
2023091703.0,4448.0,47847.0,44906.0,0.0,0.0851562032230678,2.762263564542674,9.142135236859712,10.0,0.0,2.762263564542674,1.0,0.8296875935538643,1.0,0.9142135236859712,1.0,1.0,0.0,DB,WR,WR,WR,0.9260719025884823,0.6666666666666666,WR
2023091703.0,4478.0,42412.0,55910.0,400.0,0.1169163993819706,2.6425177388240937,11.970775703482122,10.0,800.0,2.6425177388240937,0.0,0.7661672012360587,1.0,1.0,1.0,0.0,0.0,DB,WR,WR,WR,0.9220557337453528,0.0,WR
2023091704.0,60.0,52442.0,54540.0,300.0,0.2783331337324633,2.153624851268203,6.170128468941049,10.0,700.0,2.153624851268203,0.0,0.44333373253507335,1.0,0.6170128468941048,1.0,0.0,0.0,DB,WR,WR,WR,0.737847146890512,0.0,WR
2023091704.0,368.0,55934.0,45287.0,200.0,0.0544491127783816,3.1629100524675064,8.704856092324425,10.0,400.0,3.1629100524675064,0.0,0.8911017744432368,1.0,0.8704856092324424,1.0,0.0,0.0,DB,WR,WR,WR,0.9377977133275673,0.0,WR
2023091704.0,565.0,53518.0,55137.0,400.0,0.1256587385623264,1.4057738082636202,2.0796008049586976,10.0,700.0,1.4057738082636202,0.0,0.7486825228753472,0.9371825388424134,0.20796008049586975,1.0,0.0,0.0,DB,WR,WR,WR,0.7410682007489332,0.0,WR
2023091704.0,591.0,55934.0,52493.0,200.0,0.1643776140476554,3.3604315199093113,11.359440403444466,10.0,700.0,3.3604315199093113,0.0,0.6712447719046892,1.0,1.0,1.0,0.0,0.0,DB,WR,WR,WR,0.8904149239682296,0.0,WR
2023091704.0,683.0,39989.0,55137.0,500.0,0.1835528988239266,0.9642613753542112,7.624536569305756,10.0,900.0,0.9642613753542112,0.0,0.6328942023521468,0.6428409169028074,0.7624536569305757,1.0,0.0,0.22859089971663105,DB,WR,WR,WR,0.7348797100109127,0.07619696657221034,WR
2023091704.0,706.0,39989.0,47947.0,200.0,0.1580526076362768,2.862953020920884,21.669400784212932,10.0,400.0,2.862953020920884,0.0,0.6838947847274464,1.0,1.0,1.0,0.0,0.0,DB,WR,WR,WR,0.8946315949091487,0.0,WR
2023091704.0,822.0,53518.0,47947.0,400.0,0.1051253389930122,1.7776670104381207,11.71112633949354,10.0,0.0,1.7776670104381207,0.0,0.7897493220139756,1.0,1.0,1.0,1.0,0.0,DB,WR,WR,WR,0.9299164406713252,0.6666666666666666,WR
2023091704.0,926.0,53556.0,54540.0,200.0,0.035939764421413,3.367283771825592,2.443193420491673,10.0,600.0,3.367283771825592,0.0,0.928120471157174,1.0,0.2443193420491673,1.0,0.0,0.0,DB,WR,WR,WR,0.8249040254622247,0.0,WR
2023091704.0,1127.0,52442.0,46122.0,200.0,0.1351130580718918,1.4353396810511436,22.950451379759205,10.0,900.0,1.4353396810511436,0.0,0.7297738838562164,0.9568931207007624,1.0,1.0,0.0,0.0,DB,WR,WR,WR,0.898429460138942,0.0,WR
2023091704.0,1309.0,46206.0,46304.0,0.0,0.1237299111334478,3.003081750469009,2.4343960073665256,10.0,600.0,3.003081750469009,1.0,0.7525401777331044,1.0,0.24343960073665255,1.0,0.0,0.0,DB,WR,WR,WR,0.7662013127250319,0.0,WR
2023091704.0,1332.0,55934.0,54980.0,300.0,0.0710130772664947,7.082040666361639,10.882835541837418,10.0,400.0,7.082040666361639,0.0,0.8579738454670106,1.0,1.0,1.0,0.0,0.0,DB,WR,WR,WR,0.9526579484890034,0.0,WR
2023091704.0,1381.0,54518.0,56032.0,300.0,0.0174164673034843,2.44658946290545,3.210901520502458,10.0,700.0,2.44658946290545,0.0,0.9651670653930314,1.0,0.32109015205024577,1.0,0.0,0.0,DB,WR,WR,WR,0.8526070522077261,0.0,WR
2023091704.0,1481.0,56027.0,46122.0,100.0,0.0788025770761727,5.928178472347138,8.226607956590525,10.0,700.0,5.928178472347138,0.16666666666666663,0.8423948458476546,1.0,0.8226607956590526,1.0,0.0,0.0,DB,WR,WR,WR,0.9119971077476954,0.0,WR
2023091704.0,1584.0,53518.0,45287.0,300.0,0.1930430908388976,2.1386210510513592,16.110575178295136,10.0,300.0,2.1386210510513592,0.0,0.6139138183222048,1.0,1.0,1.0,0.0,0.0,DB,WR,WR,WR,0.8713046061074016,0.0,WR
2023091704.0,1609.0,55934.0,45287.0,300.0,0.1761980466236413,5.483356636222014,10.854398362331656,10.0,0.0,5.483356636222014,0.0,0.6476039067527174,1.0,1.0,1.0,1.0,0.0,DB,WR,WR,WR,0.8825346355842391,0.6666666666666666,WR
2023091704.0,1738.0,39989.0,47947.0,200.0,0.1703691316689765,1.9016308790088583,13.21184106211531,10.0,0.0,1.9016308790088583,0.0,0.659261736662047,1.0,1.0,1.0,1.0,0.0,DB,WR,WR,WR,0.8864205788873489,0.6666666666666666,WR
2023091704.0,1807.0,46206.0,46304.0,0.0,0.1565820830042463,2.222453599065683,7.870086753787493,10.0,700.0,2.222453599065683,1.0,0.6868358339915074,1.0,0.7870086753787493,1.0,0.0,0.0,DB,WR,WR,WR,0.8530136797395855,0.0,WR
2023091704.0,2004.0,52442.0,46672.0,0.0,0.2476307735318856,1.966214637317102,1.3696081835989036,10.0,700.0,1.966214637317102,1.0,0.5047384529362289,1.0,0.13696081835989035,1.0,0.0,0.0,DB,WR,WR,WR,0.6623049813173877,0.0,WR
2023091704.0,2036.0,52494.0,56032.0,400.0,0.2090449318921257,8.085029375333157,2.2809256537316136,10.0,800.0,8.085029375333157,0.0,0.5819101362157486,1.0,0.22809256537316136,1.0,0.0,0.0,DB,WR,WR,WR,0.7062552251465484,0.0,WR
2023091704.0,2084.0,56027.0,42391.0,300.0,0.1052982397680301,1.1900000000000015,6.948852838806768,10.0,400.0,1.1900000000000015,0.0,0.7894035204639398,0.7933333333333343,0.6948852838806767,1.0,0.0,0.04799999999999882,DB,WR,WR,WR,0.8136671191530044,0.015999999999999605,WR
2023091704.0,2109.0,52442.0,42441.0,200.0,0.0737573985858623,3.921734310225524,10.340725827237678,10.0,200.0,3.921734310225524,0.0,0.8524852028282754,1.0,1.0,1.0,0.0,0.0,DB,WR,WR,WR,0.9508284009427583,0.0,WR
2023091704.0,2157.0,52494.0,56032.0,400.0,0.1318774683813222,4.021964694027042,10.042069671154426,10.0,700.0,4.021964694027042,0.0,0.7362450632373556,1.0,1.0,1.0,0.0,0.0,DB,WR,WR,WR,0.9120816877457851,0.0,WR
2023091704.0,2182.0,55944.0,46122.0,700.0,0.1265207883370276,4.149072185440981,6.37458274169779,10.0,900.0,4.149072185440981,0.0,0.7469584233259448,1.0,0.637458274169779,1.0,0.0,0.0,DB,WR,WR,WR,0.8431444626092706,0.0,WR
2023091704.0,2214.0,53556.0,43474.0,400.0,0.2419043901837,1.8153236626012417,3.88556611339211,10.0,700.0,1.8153236626012417,0.0,0.5161912196326,1.0,0.38855661133921104,1.0,0.0,0.0,DB,WR,WR,WR,0.7164417288120422,0.0,WR
2023091704.0,2396.0,55934.0,55137.0,400.0,0.086737315057372,4.588442001376939,8.046194617545389,10.0,0.0,4.588442001376939,0.0,0.8265253698852559,1.0,0.8046194617545389,1.0,1.0,0.0,DB,WR,WR,WR,0.903099015645993,0.6666666666666666,WR
2023091704.0,2421.0,53518.0,55137.0,400.0,0.0924512919288332,5.048286838126378,3.462378095868195,10.0,0.0,5.048286838126378,0.0,0.8150974161423337,1.0,0.3462378095868195,1.0,1.0,0.0,DB,WR,WR,WR,0.8076133672981417,0.6666666666666666,WR
2023091704.0,2490.0,55934.0,52493.0,300.0,0.1889536770308851,3.174476334767675,1.3016906090178966,10.0,0.0,3.174476334767675,0.0,0.6220926459382299,1.0,0.13016906090178965,1.0,1.0,0.0,DB,WR,WR,WR,0.7000646941597678,0.6666666666666666,WR
2023091704.0,2742.0,54518.0,46122.0,400.0,0.3011449052669727,0.9329523031752508,6.210221067971231,10.0,1400.0,0.9329523031752508,0.0,0.39771018946605463,0.6219682021168339,0.6210221067971231,1.0,0.0,0.25363815745979934,DB,WR,WR,WR,0.6226326717459318,0.08454605248659977,WR
2023091704.0,2767.0,52442.0,54540.0,300.0,0.0341170131786959,0.9982484660644396,4.150815498037169,10.0,900.0,0.9982484660644396,0.0,0.9317659736426082,0.665498977376293,0.4150815498037169,1.0,0.0,0.20140122714844833,DB,WR,WR,WR,0.7710713618086242,0.06713374238281611,WR
2023091704.0,2792.0,52442.0,54540.0,300.0,0.0355420215254794,2.354166519174031,6.277249151206041,10.0,700.0,2.354166519174031,0.0,0.9289159569490412,1.0,0.6277249151206041,1.0,0.0,0.0,DB,WR,WR,WR,0.9018503020071345,0.0,WR
2023091704.0,2817.0,52442.0,44902.0,300.0,0.0847545475672738,0.947628619238568,3.006178923045545,10.0,700.0,0.947628619238568,0.0,0.8304909048654524,0.631752412825712,0.3006178923045545,1.0,0.0,0.2418971046091456,DB,WR,WR,WR,0.7054211901695848,0.08063236820304853,WR
2023091704.0,2857.0,55944.0,46122.0,400.0,0.1007167985878547,3.977448931161786,24.48797013766577,10.0,800.0,3.977448931161786,0.0,0.7985664028242906,1.0,1.0,1.0,0.0,0.0,DB,WR,WR,WR,0.9328554676080967,0.0,WR
2023091704.0,2880.0,55944.0,56032.0,400.0,0.2835824395127455,9.260939477180486,4.067032162053528,10.0,200.0,9.260939477180486,0.0,0.43283512097450905,1.0,0.4067032162053528,1.0,0.0,0.0,DB,WR,WR,WR,0.6922856835659069,0.0,WR
2023091704.0,3010.0,46206.0,52493.0,800.0,0.1411228778996044,9.358739231328116,9.944797853722111,10.0,700.0,9.358739231328116,0.0,0.7177542442007911,1.0,0.9944797853722112,1.0,0.0,0.0,DB,WR,WR,WR,0.9048140384747059,0.0,WR
2023091704.0,3079.0,39989.0,55137.0,0.0,0.2398451410798325,2.5102987869972777,25.243273971960264,10.0,0.0,2.5102987869972777,1.0,0.520309717840335,1.0,1.0,1.0,1.0,0.0,DB,WR,WR,WR,0.8401032392801115,0.6666666666666666,WR
2023091704.0,3104.0,46206.0,47947.0,400.0,0.1559199761449409,6.3983200920241545,8.210265446741897,10.0,0.0,6.3983200920241545,0.0,0.6881600477101182,1.0,0.8210265446741897,1.0,1.0,0.0,DB,WR,WR,WR,0.8602586581715439,0.6666666666666666,WR
2023091704.0,3134.0,53518.0,55137.0,300.0,0.0227103692080341,2.2389283150650434,2.7813845831433226,10.0,800.0,2.2389283150650434,0.0,0.9545792615839318,1.0,0.27813845831433226,1.0,0.0,0.0,DB,WR,WR,WR,0.8404874455241769,0.0,WR
2023091704.0,3164.0,55934.0,55137.0,200.0,0.1541449534258797,1.7802527910384005,9.968517094830222,10.0,700.0,1.7802527910384005,0.0,0.6917100931482406,1.0,0.9968517094830223,1.0,0.0,0.0,DB,WR,WR,WR,0.8966070396126846,0.0,WR
2023091704.0,3200.0,54572.0,52493.0,500.0,0.1941635158815139,2.638275952208182,20.108659301082007,10.0,400.0,2.638275952208182,0.0,0.6116729682369721,1.0,1.0,1.0,0.0,0.0,DB,WR,WR,WR,0.8705576560789906,0.0,WR
2023091704.0,3455.0,52442.0,46122.0,300.0,0.1609979699261648,2.672620436949473,21.30063825824774,10.0,800.0,2.672620436949473,0.0,0.6780040601476705,1.0,1.0,1.0,0.0,0.0,DB,WR,WR,WR,0.8926680200492234,0.0,WR
2023091704.0,3571.0,39989.0,45287.0,500.0,0.2184968802969675,8.170979133494338,8.737170732417656,10.0,0.0,8.170979133494338,0.0,0.563006239406065,1.0,0.8737170732417656,1.0,1.0,0.0,DB,WR,WR,WR,0.829078827783708,0.6666666666666666,WR
2023091704.0,3619.0,53576.0,46304.0,400.0,0.1144621653717388,2.608236952425909,11.036543023983148,10.0,0.0,2.608236952425909,0.0,0.7710756692565224,1.0,1.0,1.0,1.0,0.0,DB,WR,WR,WR,0.923691889752174,0.6666666666666666,WR
2023091704.0,3644.0,55934.0,55137.0,200.0,0.1333079686018565,2.1016184239771016,6.675463969821508,10.0,0.0,2.1016184239771016,0.0,0.733384062796287,1.0,0.6675463969821508,1.0,1.0,0.0,DB,WR,WR,WR,0.8446373003285257,0.6666666666666666,WR
2023091704.0,3791.0,52494.0,42391.0,1000.0,0.0798060148109151,9.090506036519642,8.625004331999364,10.0,300.0,9.090506036519642,0.0,0.8403879703781698,1.0,0.8625004331999364,1.0,0.0,0.0,DB,WR,WR,WR,0.9192960767660439,0.0,WR
2023091704.0,3895.0,46206.0,45287.0,800.0,0.1174714367901341,4.940647730814249,2.8867218688748,10.0,200.0,4.940647730814249,0.0,0.7650571264197318,1.0,0.28867218688748003,1.0,0.0,0.0,DB,WR,WR,WR,0.7794201461840731,0.0,WR
2023091704.0,3920.0,39989.0,55137.0,0.0,0.1046101087553259,2.562849976100817,14.100460068388868,10.0,0.0,2.562849976100817,1.0,0.7907797824893482,1.0,1.0,1.0,1.0,0.0,DB,WR,WR,WR,0.9302599274964494,0.6666666666666666,WR
2023091704.0,3991.0,53518.0,55137.0,500.0,0.1028388262079267,4.606788469204986,6.308421296863928,10.0,0.0,4.606788469204986,0.0,0.7943223475841465,1.0,0.6308421296863929,1.0,1.0,0.0,DB,WR,WR,WR,0.8576092084653273,0.6666666666666666,WR
2023091704.0,4016.0,46206.0,46304.0,200.0,0.1420656315868158,3.4171625656383413,21.68664571473727,10.0,0.0,3.4171625656383413,0.0,0.7158687368263684,1.0,1.0,1.0,1.0,0.0,DB,WR,WR,WR,0.9052895789421227,0.6666666666666666,WR
2023091704.0,4041.0,46206.0,46304.0,400.0,0.0652606111557429,3.6385986313414698,12.27457569679055,10.0,0.0,3.6385986313414698,0.0,0.8694787776885142,1.0,1.0,1.0,1.0,0.0,DB,WR,WR,WR,0.9564929258961713,0.6666666666666666,WR
2023091704.0,4086.0,55934.0,55137.0,200.0,0.1543307496760335,1.32909743811355,5.749141961854549,10.0,800.0,1.32909743811355,0.0,0.691338500647933,0.8860649587423667,0.5749141961854549,1.0,0.0,0.0,DB,WR,WR,WR,0.7817129951176996,0.0,WR
2023091704.0,4277.0,53518.0,46105.0,300.0,0.1699503365195756,5.554574691189237,10.578174527522007,10.0,0.0,5.554574691189237,0.0,0.6600993269608488,1.0,1.0,1.0,1.0,0.0,DB,WR,WR,WR,0.8866997756536162,0.6666666666666666,WR
2023091704.0,4302.0,47857.0,46105.0,300.0,0.1635694286325941,11.898915917006882,1.5000166442582274,10.0,600.0,11.898915917006882,0.0,0.6728611427348118,1.0,0.15000166442582274,1.0,0.0,0.0,DB,WR,WR,WR,0.7209540471301018,0.0,WR
2023091704.0,4327.0,56070.0,55137.0,500.0,0.1173029813311472,0.5140038910358545,48.11033891331386,10.0,900.0,0.5140038910358545,0.0,0.7653940373377056,0.3426692606905697,1.0,1.0,0.0,0.5887968871713164,DB,WR,WR,WR,0.7465098152967203,0.19626562905710546,WR
2023091704.0,4350.0,39989.0,45287.0,400.0,0.0835700147685823,7.20767646332714,13.493803229417358,10.0,1600.0,7.20767646332714,0.0,0.8328599704628354,1.0,1.0,1.0,0.0,0.0,DB,WR,WR,WR,0.944286656820945,0.0,WR
2023091704.0,4375.0,53576.0,46304.0,300.0,0.0532270315076547,8.000506233982952,3.584979190357655,10.0,900.0,8.000506233982952,0.0,0.8935459369846906,1.0,0.3584979190357655,1.0,0.0,0.0,DB,WR,WR,WR,0.8362148961353834,0.0,WR
2023091704.0,4457.0,54509.0,46304.0,300.0,0.173064177915071,7.069766615667028,9.859084957212469,10.0,1000.0,7.069766615667028,0.0,0.653871644169858,1.0,0.9859084957212468,1.0,0.0,0.0,DB,WR,WR,WR,0.881805580534202,0.0,WR
2023091705.0,103.0,46095.0,52546.0,800.0,0.1568418013456572,2.010621794371082,3.5364528843024883,10.0,800.0,2.010621794371082,0.0,0.6863163973086857,1.0,0.35364528843024884,1.0,0.0,0.0,DB,WR,WR,WR,0.766167856788945,0.0,WR
2023091705.0,175.0,46095.0,54527.0,400.0,0.1442648178258914,4.614943119909493,18.17753378376514,10.0,0.0,4.614943119909493,0.0,0.7114703643482172,1.0,1.0,1.0,1.0,0.0,DB,WR,WR,WR,0.903823454782739,0.6666666666666666,WR
2023091705.0,267.0,46243.0,54492.0,700.0,0.0816246325882164,7.894282741326151,13.34244504094255,10.0,1200.0,7.894282741326151,0.0,0.8367507348235672,1.0,1.0,1.0,0.0,0.0,DB,WR,WR,WR,0.9455835782745223,0.0,WR
2023091705.0,292.0,42377.0,54492.0,200.0,0.0813033785380542,3.4620802994731315,4.931178798808625,10.0,300.0,3.4620802994731315,0.0,0.8373932429238916,1.0,0.4931178798808625,1.0,0.0,0.0,DB,WR,WR,WR,0.8444213236174696,0.0,WR
2023091705.0,391.0,44849.0,54600.0,1200.0,0.1277298736980532,9.323931574180502,43.03904436222751,10.0,1100.0,9.323931574180502,0.0,0.7445402526038936,1.0,1.0,1.0,0.0,0.0,DB,WR,WR,WR,0.9148467508679644,0.0,WR
2023091705.0,480.0,46095.0,52546.0,600.0,0.1132948113803729,0.5661271941887273,22.325918091863063,10.0,0.0,0.5661271941887273,0.0,0.7734103772392542,0.3774181294591515,1.0,1.0,1.0,0.5470982446490182,DB,WR,WR,WR,0.7584482936021917,0.8490327482163393,DB
2023091705.0,531.0,46213.0,53462.0,300.0,0.1014176437388414,5.19026974250857,10.427869372153976,10.0,800.0,5.19026974250857,0.0,0.7971647125223171,1.0,1.0,1.0,0.0,0.0,DB,WR,WR,WR,0.9323882375074389,0.0,WR
2023091705.0,561.0,54519.0,44926.0,500.0,0.0147196014438796,7.2997123230987695,4.965632672547646,10.0,0.0,7.2997123230987695,0.0,0.9705607971122407,1.0,0.49656326725476463,1.0,1.0,0.0,DB,WR,WR,WR,0.8894995858216999,0.6666666666666666,WR
2023091705.0,586.0,53449.0,46456.0,0.0,0.2071682509713456,2.4975588081164357,22.994140343796865,10.0,800.0,2.4975588081164357,1.0,0.5856634980573088,1.0,1.0,1.0,0.0,0.0,DB,WR,WR,WR,0.8618878326857695,0.0,WR
2023091705.0,641.0,40011.0,44926.0,400.0,0.2312683569147603,3.237838785362858,1.870337732094367,10.0,0.0,3.237838785362858,0.0,0.5374632861704793,1.0,0.1870337732094367,1.0,1.0,0.0,DB,WR,WR,WR,0.6832278500320471,0.6666666666666666,WR
2023091705.0,701.0,46243.0,44926.0,400.0,0.0781756861722155,1.8505404615949312,6.167310552898641,10.0,0.0,1.8505404615949312,0.0,0.843648627655569,1.0,0.6167310552898642,1.0,1.0,0.0,DB,WR,WR,WR,0.8712290869431625,0.6666666666666666,WR
2023091705.0,859.0,47605.0,52546.0,700.0,0.1067400922495726,6.668050689669358,6.187360813750385,10.0,900.0,6.668050689669358,0.0,0.7865198155008548,1.0,0.6187360813750385,1.0,0.0,0.0,DB,WR,WR,WR,0.8525871547752926,0.0,WR
2023091705.0,906.0,44835.0,52546.0,400.0,0.1147124551581957,1.739712619946179,25.1946907617291,10.0,600.0,1.739712619946179,0.0,0.7705750896836085,1.0,1.0,1.0,0.0,0.0,DB,WR,WR,WR,0.9235250298945361,0.0,WR
2023091705.0,997.0,44835.0,46137.0,300.0,0.1449464510921551,3.382366035780282,7.577140921564411,10.0,0.0,3.382366035780282,0.0,0.7101070978156898,1.0,0.7577140921564411,1.0,1.0,0.0,DB,WR,WR,WR,0.8549118510365181,0.6666666666666666,WR
2023091705.0,1027.0,46116.0,54486.0,300.0,0.1394611311965613,6.417600797805981,4.3480208669151175,10.0,700.0,6.417600797805981,0.0,0.7210777376068773,1.0,0.43480208669151177,1.0,0.0,0.0,DB,WR,WR,WR,0.793986329873928,0.0,WR
2023091705.0,1174.0,44849.0,54486.0,300.0,0.1856941002040041,1.0881176406988349,3.5963721916658207,10.0,500.0,1.0881176406988349,0.0,0.6286117995919918,0.72541176046589,0.3596372191665821,1.0,0.0,0.12950588744093205,DB,WR,WR,WR,0.6749078464882176,0.04316862914697735,WR
2023091705.0,1240.0,54519.0,53462.0,600.0,0.0763815622380985,2.4360623965736172,10.79546522135112,10.0,1200.0,2.4360623965736172,0.0,0.847236875523803,1.0,1.0,1.0,0.0,0.0,DB,WR,WR,WR,0.9490789585079342,0.0,WR
2023091705.0,1285.0,55920.0,46456.0,0.0,0.1587368974038568,6.7111027409808,1.5877432600069312,10.0,0.0,6.7111027409808,1.0,0.6825262051922865,1.0,0.15877432600069313,1.0,1.0,0.0,DB,WR,WR,WR,0.7259302669309007,0.6666666666666666,WR
2023091705.0,1332.0,46213.0,46269.0,300.0,0.1346895766244815,4.747683645737152,39.965885454837114,10.0,1200.0,4.747683645737152,0.0,0.730620846751037,1.0,1.0,1.0,0.0,0.0,DB,WR,WR,WR,0.9102069489170123,0.0,WR
2023091705.0,1530.0,46213.0,46700.0,400.0,0.1240213467607373,3.3539379839227803,10.564152088033216,10.0,0.0,3.3539379839227803,0.0,0.7519573064785254,1.0,1.0,1.0,1.0,0.0,DB,WR,WR,WR,0.9173191021595084,0.6666666666666666,WR
2023091705.0,1657.0,46116.0,54486.0,500.0,0.307389115262428,1.66379085224074,9.904773506070851,10.0,0.0,1.66379085224074,0.0,0.38522176947514397,1.0,0.9904773506070852,1.0,1.0,0.0,DB,WR,WR,WR,0.7931693932797983,0.6666666666666666,WR
2023091705.0,1680.0,44978.0,47913.0,300.0,0.1752712184016532,2.8310598722033347,9.458185034022824,10.0,400.0,2.8310598722033347,0.0,0.6494575631966937,1.0,0.9458185034022824,1.0,0.0,0.0,DB,WR,WR,WR,0.872316221746021,0.0,WR
2023091705.0,1908.0,46243.0,46700.0,500.0,0.0112171375949566,9.16242871732162,3.781824394541105,10.0,700.0,9.16242871732162,0.0,0.9775657248100869,1.0,0.3781824394541105,1.0,0.0,0.0,DB,WR,WR,WR,0.868158396160851,0.0,WR
2023091705.0,1958.0,52440.0,44926.0,400.0,0.2091034784643295,6.254798158214211,5.2016253610146,10.0,1200.0,6.254798158214211,0.0,0.5817930430713409,1.0,0.52016253610146,1.0,0.0,0.0,DB,WR,WR,WR,0.7646301882440723,0.0,WR
2023091705.0,2020.0,53591.0,54492.0,300.0,0.0757737861444622,2.4229321080046877,5.915200509478316,10.0,500.0,2.4229321080046877,0.0,0.8484524277110757,1.0,0.5915200509478316,1.0,0.0,0.0,DB,WR,WR,WR,0.8677881527599247,0.0,WR
2023091705.0,2045.0,54519.0,53462.0,200.0,0.142549878415442,1.0400480758118835,9.226491477517037,10.0,1000.0,1.0400480758118835,0.0,0.714900243169116,0.693365383874589,0.9226491477517037,1.0,0.0,0.16796153935049318,DB,WR,WR,WR,0.807727346306603,0.05598717978349772,WR
2023091705.0,2132.0,46116.0,54486.0,200.0,0.0689087879202033,2.4515301344262475,13.957230033099036,10.0,0.0,2.4515301344262475,0.0,0.8621824241595935,1.0,1.0,1.0,1.0,0.0,DB,WR,WR,WR,0.9540608080531977,0.6666666666666666,WR
2023091705.0,2157.0,46095.0,52546.0,0.0,0.070283261464628,0.8041144197189848,5.068606154290447,10.0,100.0,0.8041144197189848,1.0,0.859433477070744,0.5360762798126565,0.5068606154290447,1.0,0.2857142857142857,0.35670846422481217,DB,WR,WR,WR,0.7308036233927653,0.30937901188446115,WR
2023091705.0,2200.0,46116.0,47882.0,0.0,0.1885139252150884,5.90851081068656,5.5946642865663865,10.0,0.0,5.90851081068656,1.0,0.6229721495698233,1.0,0.5594664286566386,1.0,1.0,0.0,DB,WR,WR,WR,0.7862173355879354,0.6666666666666666,WR
2023091705.0,2230.0,53454.0,53487.0,800.0,0.0549109428093494,3.344009569364298,7.935904827972443,10.0,0.0,3.344009569364298,0.0,0.8901781143813012,1.0,0.7935904827972443,1.0,1.0,0.0,DB,WR,WR,WR,0.9221108013532158,0.6666666666666666,WR
2023091705.0,2380.0,40011.0,44926.0,0.0,0.0834805366537617,1.1326517558367113,17.22227117675347,10.0,1300.0,1.1326517558367113,1.0,0.8330389266924766,0.7551011705578076,1.0,1.0,0.0,0.09387859533063092,DB,WR,WR,WR,0.8790399543795742,0.0312928651102103,WR
2023091705.0,2403.0,46213.0,46700.0,400.0,0.1752322721599797,1.566269453191243,1.946760525479049,10.0,1000.0,1.566269453191243,0.0,0.6495354556800406,1.0,0.1946760525479049,1.0,0.0,0.0,DB,WR,WR,WR,0.722113695736261,0.0,WR
2023091705.0,2450.0,40011.0,54492.0,600.0,0.0307417459662741,2.780971053427192,1.469079714167551,10.0,200.0,2.780971053427192,0.0,0.9385165080674518,1.0,0.1469079714167551,1.0,0.0,0.0,DB,WR,WR,WR,0.8088870969725015,0.0,WR
2023091705.0,2480.0,40011.0,54466.0,0.0,0.1173695213925675,2.3688393782610095,38.53736829068608,10.0,300.0,2.3688393782610095,1.0,0.765260957214865,1.0,1.0,1.0,0.0,0.0,DB,WR,WR,WR,0.9217536524049549,0.0,WR
2023091705.0,2611.0,46116.0,53487.0,500.0,0.0946364655196961,7.647640158898691,19.686826563033673,10.0,700.0,7.647640158898691,0.0,0.8107270689606079,1.0,1.0,1.0,0.0,0.0,DB,WR,WR,WR,0.9369090229868692,0.0,WR
2023091705.0,2636.0,46116.0,54486.0,400.0,0.1160944532607911,4.885898075072787,3.144342913335293,10.0,500.0,4.885898075072787,0.0,0.7678110934784178,1.0,0.3144342913335293,1.0,0.0,0.0,DB,WR,WR,WR,0.785490556092845,0.0,WR
2023091705.0,2722.0,53591.0,44926.0,0.0,0.1692496810793289,6.3188923079919626,52.75888006265992,10.0,0.0,6.3188923079919626,1.0,0.6615006378413422,1.0,1.0,1.0,1.0,0.0,DB,WR,WR,WR,0.8871668792804474,0.6666666666666666,WR
2023091705.0,2780.0,54716.0,46269.0,600.0,0.1146631803480796,7.548887335230268,9.96315782686153,10.0,600.0,7.548887335230268,0.0,0.7706736393038408,1.0,0.996315782686153,1.0,0.0,0.0,DB,WR,WR,WR,0.9228210363051775,0.0,WR
2023091705.0,2953.0,44849.0,54600.0,400.0,0.0613925697381011,0.6888396039717827,5.296875744581802,10.0,800.0,0.6888396039717827,0.0,0.8772148605237978,0.45922640264785514,0.5296875744581803,1.0,0.0,0.44892831682257384,DB,WR,WR,WR,0.7208028424389966,0.14964277227419126,WR
2023091705.0,3097.0,40011.0,46700.0,200.0,0.1201775382200879,2.8693204770467835,21.00259075187317,10.0,0.0,2.8693204770467835,0.0,0.7596449235598242,1.0,1.0,1.0,1.0,0.0,DB,WR,WR,WR,0.919881641186608,0.6666666666666666,WR
2023091705.0,3296.0,44849.0,54708.0,300.0,0.1227579226598332,1.261507035255856,3.371660340468709,10.0,500.0,1.261507035255856,0.0,0.7544841546803336,0.8410046901705707,0.3371660340468709,1.0,0.0,0.0,DB,WR,WR,WR,0.7431958424149708,0.0,WR
2023091705.0,3477.0,46213.0,53462.0,0.0,0.0764910268788597,1.689615340839448,5.4368794533703335,10.0,500.0,1.689615340839448,1.0,0.8470179462422807,1.0,0.5436879453370334,1.0,0.0,0.0,DB,WR,WR,WR,0.8577435711481669,0.0,WR
2023091705.0,3578.0,46309.0,46456.0,400.0,0.1480976592207543,6.414959080150082,9.784145131844292,10.0,0.0,6.414959080150082,0.0,0.7038046815584914,1.0,0.9784145131844293,1.0,1.0,0.0,DB,WR,WR,WR,0.8969511298230496,0.6666666666666666,WR
2023091705.0,3670.0,55920.0,46700.0,500.0,0.126849845056599,5.777586001090764,10.609350395304666,10.0,400.0,5.777586001090764,0.0,0.746300309886802,1.0,1.0,1.0,0.0,0.0,DB,WR,WR,WR,0.9154334366289338,0.0,WR
2023091705.0,3695.0,40011.0,54492.0,0.0,0.1957655177272916,1.6671532623007432,4.084716719426465,10.0,0.0,1.6671532623007432,1.0,0.6084689645454169,1.0,0.40847167194264655,1.0,1.0,0.0,DB,WR,WR,WR,0.7511839892370016,0.6666666666666666,WR
2023091705.0,3789.0,40011.0,46700.0,400.0,0.1360393783930702,8.051813460333017,5.7869695956092775,10.0,700.0,8.051813460333017,0.0,0.7279212432138595,1.0,0.5786969595609277,1.0,0.0,0.0,DB,WR,WR,WR,0.825046472983472,0.0,WR
2023091705.0,3867.0,44849.0,54527.0,300.0,0.1765591070422874,5.05811229610415,5.8561193081618415,10.0,0.0,5.05811229610415,0.0,0.6468817859154252,1.0,0.5856119308161841,1.0,1.0,0.0,DB,WR,WR,WR,0.7994163148017118,0.6666666666666666,WR
2023091705.0,3890.0,46116.0,54486.0,500.0,0.0126352333894954,5.180463299744535,2.5395759777626403,10.0,0.0,5.180463299744535,0.0,0.9747295332210092,1.0,0.25395759777626403,1.0,1.0,0.0,DB,WR,WR,WR,0.8423680306289225,0.6666666666666666,WR
2023091705.0,3928.0,46116.0,54708.0,200.0,0.0949390386123196,3.247106404169718,18.57313594524935,10.0,800.0,3.247106404169718,0.0,0.8101219227753608,1.0,1.0,1.0,0.0,0.0,DB,WR,WR,WR,0.9367073075917869,0.0,WR
2023091705.0,4032.0,44835.0,54600.0,100.0,0.1726179877561142,3.3378136556734272,4.615459131101924,10.0,700.0,3.3378136556734272,0.16666666666666663,0.6547640244877716,1.0,0.46154591311019244,1.0,0.0,0.0,DB,WR,WR,WR,0.7772305241179623,0.0,WR
2023091705.0,4350.0,54519.0,46456.0,500.0,0.2759118817172716,6.0243837859153695,6.518033098703882,10.0,1100.0,6.0243837859153695,0.0,0.4481762365654568,1.0,0.6518033098703883,1.0,0.0,0.0,DB,WR,WR,WR,0.7464194074958965,0.0,WR
2023091706.0,77.0,41233.0,48516.0,300.0,0.1347461381232517,3.621670885102622,16.118227234965392,10.0,400.0,3.621670885102622,0.0,0.7305077237534966,1.0,1.0,1.0,0.0,0.0,DB,WR,WR,WR,0.9101692412511655,0.0,WR
2023091706.0,100.0,44896.0,55921.0,100.0,0.0814493707771889,1.3405968819895078,7.519517412229954,10.0,600.0,1.3405968819895078,0.16666666666666663,0.8371012584456222,0.8937312546596718,0.7519517412229954,1.0,0.0,0.0,DB,WR,WR,WR,0.8677524356357189,0.0,WR
2023091706.0,237.0,41233.0,55921.0,100.0,0.028551911323266,1.2093386622447788,1.3950729512767677,10.0,700.0,1.2093386622447788,0.16666666666666663,0.942896177353468,0.8062257748298526,0.13950729512767676,1.0,0.0,0.032529070204176946,DB,WR,WR,WR,0.757193724764652,0.010843023401392315,WR
2023091706.0,329.0,44896.0,46310.0,100.0,0.1285943542170803,2.290851370124215,14.229958285022638,10.0,400.0,2.290851370124215,0.16666666666666663,0.7428112915658394,1.0,1.0,1.0,0.0,0.0,DB,WR,WR,WR,0.9142704305219463,0.0,WR
2023091706.0,397.0,46093.0,47877.0,200.0,0.111430851551172,3.570224082603223,10.223360150225648,10.0,500.0,3.570224082603223,0.0,0.777138296897656,1.0,1.0,1.0,0.0,0.0,DB,WR,WR,WR,0.9257127656325519,0.0,WR
2023091706.0,427.0,45635.0,52453.0,200.0,0.1603828752288308,1.1069326989478656,10.94722505076292,10.0,500.0,1.1069326989478656,0.0,0.6792342495423385,0.7379551326319104,1.0,1.0,0.0,0.11445384084170751,DB,WR,WR,WR,0.8231994518826221,0.03815128028056917,WR
2023091706.0,472.0,46093.0,47788.0,200.0,0.1663571566158553,3.8356485761863017,9.830721546747386,10.0,400.0,3.8356485761863017,0.0,0.6672856867682895,1.0,0.9830721546747385,1.0,0.0,0.0,DB,WR,WR,WR,0.8857096598577108,0.0,WR
2023091706.0,676.0,44896.0,52458.0,300.0,0.0870486718127727,2.5087447060233115,8.530472773338579,10.0,100.0,2.5087447060233115,0.0,0.8259026563744546,1.0,0.8530472773338579,1.0,0.2857142857142857,0.0,DB,WR,WR,WR,0.9125770075915897,0.19047619047619047,WR
2023091706.0,726.0,54571.0,54781.0,1200.0,0.098291820876826,4.705369273500225,11.897021161850825,10.0,500.0,4.705369273500225,0.0,0.803416358246348,1.0,1.0,1.0,0.0,0.0,DB,WR,WR,WR,0.9344721194154493,0.0,WR
2023091706.0,844.0,56056.0,56030.0,400.0,0.0667440027625093,0.8766413177577228,1.1339401537536853,10.0,800.0,0.8766413177577228,0.0,0.8665119944749814,0.5844275451718152,0.11339401537536853,1.0,0.0,0.2986869457938217,DB,WR,WR,WR,0.6673634799458849,0.09956231526460724,WR
2023091706.0,1028.0,41233.0,55921.0,200.0,0.084890438534748,1.95020511741714,7.777966525122356,10.0,700.0,1.95020511741714,0.0,0.830219122930504,1.0,0.7777966525122356,1.0,0.0,0.0,DB,WR,WR,WR,0.8989657048126151,0.0,WR
2023091706.0,1087.0,54556.0,55921.0,600.0,0.187074687693205,6.4223438089221,14.709114987426648,10.0,1000.0,6.4223438089221,0.0,0.62585062461359,1.0,1.0,1.0,0.0,0.0,DB,WR,WR,WR,0.8752835415378633,0.0,WR
2023091706.0,1173.0,52457.0,54622.0,500.0,0.069734024870209,2.40416305603426,3.972245505960263,10.0,300.0,2.40416305603426,0.0,0.8605319502595821,1.0,0.3972245505960263,1.0,0.0,0.0,DB,WR,WR,WR,0.8329555602057326,0.0,WR
2023091706.0,1361.0,54571.0,54778.0,200.0,0.1241394996953649,1.0543718509140874,24.58899373574688,10.0,0.0,1.0543718509140874,0.0,0.7517210006092702,0.7029145672760583,1.0,1.0,1.0,0.15650251926873016,DB,WR,WR,WR,0.8380175514767055,0.7188341730895766,WR
2023091706.0,1433.0,52457.0,47877.0,400.0,0.02243900113485,6.87704151507027,2.0243577796241787,10.0,800.0,6.87704151507027,0.0,0.9551219977303,1.0,0.20243577796241788,1.0,0.0,0.0,DB,WR,WR,WR,0.8255278215025835,0.0,WR
2023091706.0,1514.0,52451.0,47788.0,100.0,0.2828362521229381,3.4707059800565063,7.575106330461767,10.0,400.0,3.4707059800565063,0.16666666666666663,0.43432749575412377,1.0,0.7575106330461767,1.0,0.0,0.0,DB,WR,WR,WR,0.7629446251939432,0.0,WR
2023091706.0,1537.0,52451.0,47788.0,300.0,0.150381969803914,5.277546778570515,21.489595242866503,10.0,800.0,5.277546778570515,0.0,0.699236060392172,1.0,1.0,1.0,0.0,0.0,DB,WR,WR,WR,0.8997453534640573,0.0,WR
2023091706.0,1562.0,52451.0,56540.0,200.0,0.1433683807553911,5.730427558219373,4.8006731016863915,10.0,600.0,5.730427558219373,0.0,0.7132632384892178,1.0,0.4800673101686391,1.0,0.0,0.0,DB,WR,WR,WR,0.8004345415301337,0.0,WR
2023091706.0,1703.0,54571.0,46085.0,300.0,0.1062161538798559,5.461547399775995,3.1245184390298073,10.0,500.0,5.461547399775995,0.0,0.7875676922402882,1.0,0.31245184390298075,1.0,0.0,0.0,DB,WR,WR,WR,0.7916795995273588,0.0,WR
2023091706.0,1797.0,41233.0,48516.0,300.0,0.0856515643534343,4.388576078866583,16.526399913610902,10.0,0.0,4.388576078866583,0.0,0.8286968712931314,1.0,1.0,1.0,1.0,0.0,DB,WR,WR,WR,0.9428989570977104,0.6666666666666666,WR
2023091706.0,1829.0,41233.0,55921.0,300.0,0.0492469609000874,3.421651647961842,5.3179173847691015,10.0,0.0,3.421651647961842,0.0,0.9015060781998252,1.0,0.5317917384769102,1.0,1.0,0.0,DB,WR,WR,WR,0.873527040428657,0.6666666666666666,WR
2023091706.0,1852.0,56056.0,56030.0,400.0,0.2240587851017822,1.361249426078854,3.6376346059712295,10.0,0.0,1.361249426078854,0.0,0.5518824297964355,0.9074996173859026,0.36376346059712295,1.0,1.0,0.0,DB,WR,WR,WR,0.6987134000211438,0.6666666666666666,WR
2023091706.0,1882.0,44896.0,52458.0,300.0,0.0767780684497327,1.1433722053644666,3.7702243678287135,10.0,600.0,1.1433722053644666,0.0,0.8464438631005347,0.7622481369096444,0.37702243678287134,1.0,0.0,0.08530223570842677,DB,WR,WR,WR,0.760818611565991,0.028434078569475586,WR
2023091706.0,2321.0,41233.0,52458.0,500.0,0.1377462899828537,1.087060255919606,23.198736829616905,10.0,500.0,1.087060255919606,0.0,0.7245074200342926,0.7247068372797374,1.0,1.0,0.0,0.13035179526431517,DB,WR,WR,WR,0.8347576299526941,0.04345059842143839,WR
2023091706.0,2395.0,46759.0,46085.0,200.0,0.171744858136412,3.453143495425579,8.48649044495032,10.0,700.0,3.453143495425579,0.0,0.656510283727176,1.0,0.848649044495032,1.0,0.0,0.0,DB,WR,WR,WR,0.855233236808065,0.0,WR
2023091706.0,2465.0,54571.0,54639.0,100.0,0.1140264192698252,3.2360006180469107,48.80939831358834,10.0,700.0,3.2360006180469107,0.16666666666666663,0.7719471614603496,1.0,1.0,1.0,0.0,0.0,DB,WR,WR,WR,0.9239823871534498,0.0,WR
2023091706.0,2517.0,56541.0,48516.0,400.0,0.0777481269345442,2.899931033662699,13.55575076717287,10.0,0.0,2.899931033662699,0.0,0.8445037461309116,1.0,1.0,1.0,1.0,0.0,DB,WR,WR,WR,0.9481679153769704,0.6666666666666666,WR
2023091706.0,2542.0,46759.0,46085.0,300.0,0.1920352473685079,6.34113554499508,8.398834599789433,10.0,300.0,6.34113554499508,0.0,0.6159295052629842,1.0,0.8398834599789433,1.0,0.0,0.0,DB,WR,WR,WR,0.8399531937501167,0.0,WR
2023091706.0,2583.0,41233.0,55921.0,100.0,0.1122223068460367,0.6754257916307274,10.61777771565206,10.0,600.0,0.6754257916307274,0.16666666666666663,0.7755553863079265,0.45028386108715157,1.0,1.0,0.0,0.45965936669541807,DB,WR,WR,WR,0.7785941583925492,0.15321978889847268,WR
2023091706.0,2669.0,46093.0,54622.0,500.0,0.0418612998012798,2.1415881957089784,2.074538382612511,10.0,0.0,2.1415881957089784,0.0,0.9162774003974404,1.0,0.2074538382612511,1.0,1.0,0.0,DB,WR,WR,WR,0.8135832344513969,0.6666666666666666,WR
2023091706.0,2719.0,45635.0,38588.0,300.0,0.1323713242650564,3.858147223733174,10.81284001023262,10.0,500.0,3.858147223733174,0.0,0.7352573514698872,1.0,1.0,1.0,0.0,0.0,DB,WR,WR,WR,0.9117524504899623,0.0,WR
2023091706.0,2893.0,52457.0,54622.0,300.0,0.1538862510456008,2.8478764018124134,9.512149460182831,10.0,800.0,2.8478764018124134,0.0,0.6922274979087983,1.0,0.9512149460182832,1.0,0.0,0.0,DB,WR,WR,WR,0.887652155173256,0.0,WR
2023091706.0,3033.0,54571.0,48516.0,300.0,0.1261252383846142,5.679947182853023,3.399825573499496,10.0,300.0,5.679947182853023,0.0,0.7477495232307716,1.0,0.33998255734994964,1.0,0.0,0.0,DB,WR,WR,WR,0.7839130192135804,0.0,WR
2023091706.0,3129.0,52451.0,38588.0,200.0,0.0390156663690654,2.5844341740504833,10.577012161676146,10.0,500.0,2.5844341740504833,0.0,0.9219686672618692,1.0,1.0,1.0,0.0,0.0,DB,WR,WR,WR,0.9739895557539563,0.0,WR
2023091706.0,3241.0,54556.0,54781.0,400.0,0.2008433921786279,6.682671621440042,1.1845954922674629,10.0,600.0,6.682671621440042,0.0,0.5983132156427442,1.0,0.11845954922674629,1.0,0.0,0.0,DB,WR,WR,WR,0.6897963150595973,0.0,WR
2023091706.0,3311.0,52451.0,38588.0,400.0,0.2302274523226015,4.521459941213678,18.18386408656428,10.0,800.0,4.521459941213678,0.0,0.539545095354797,1.0,1.0,1.0,0.0,0.0,DB,WR,WR,WR,0.8465150317849323,0.0,WR
2023091706.0,3422.0,52457.0,56540.0,400.0,0.0203334771349531,7.142268547177431,2.2455557964927304,10.0,800.0,7.142268547177431,0.0,0.9593330457300938,1.0,0.22455557964927303,1.0,0.0,0.0,DB,WR,WR,WR,0.8313554645065525,0.0,WR
2023091706.0,3447.0,46093.0,47877.0,300.0,0.1753102673535471,2.5071497761402335,14.796661071772585,10.0,900.0,2.5071497761402335,0.0,0.6493794652929058,1.0,1.0,1.0,0.0,0.0,DB,WR,WR,WR,0.8831264884309685,0.0,WR
2023091706.0,3475.0,46093.0,38588.0,500.0,0.3227304726597617,2.1574522010927613,3.982271819919927,10.0,500.0,2.1574522010927613,0.0,0.35453905468047664,1.0,0.3982271819919927,1.0,0.0,0.0,DB,WR,WR,WR,0.6644917879585575,0.0,WR
2023091706.0,3512.0,52457.0,47877.0,400.0,0.1265660519935792,1.7331185764395949,4.082206908613893,10.0,900.0,1.7331185764395949,0.0,0.7468678960128416,1.0,0.4082206908613893,1.0,0.0,0.0,DB,WR,WR,WR,0.7972667701765583,0.0,WR
2023091706.0,3751.0,44896.0,46310.0,400.0,0.1098225841983331,3.692830892418443,15.141355395643972,10.0,400.0,3.692830892418443,0.0,0.7803548316033337,1.0,1.0,1.0,0.0,0.0,DB,WR,WR,WR,0.9267849438677778,0.0,WR
2023091706.0,3981.0,52457.0,54622.0,300.0,0.1776701062831523,3.680244557091282,17.37791430809439,10.0,100.0,3.680244557091282,0.0,0.6446597874336955,1.0,1.0,1.0,0.2857142857142857,0.0,DB,WR,WR,WR,0.8815532624778984,0.19047619047619047,WR
2023091707.0,55.0,52520.0,54500.0,100.0,0.2392391222706504,9.671618272036994,3.84085163989371,10.0,0.0,9.671618272036994,0.16666666666666663,0.5215217554586993,1.0,0.384085163989371,1.0,1.0,0.0,DB,WR,WR,WR,0.7173242846174406,0.6666666666666666,WR
2023091707.0,90.0,55885.0,54500.0,200.0,0.0768082507883271,1.200374941424556,26.842414332689703,10.0,700.0,1.200374941424556,0.0,0.8463834984233458,0.8002499609497039,1.0,1.0,0.0,0.03970004686035522,DB,WR,WR,WR,0.8955278223943696,0.01323334895345174,WR
2023091707.0,172.0,53074.0,46086.0,400.0,0.1765769287441194,4.3266615305567875,10.220473045102636,10.0,0.0,4.3266615305567875,0.0,0.6468461425117612,1.0,1.0,1.0,1.0,0.0,DB,WR,WR,WR,0.8822820475039204,0.6666666666666666,WR
2023091707.0,418.0,40024.0,42031.0,400.0,0.1941735940219076,1.528561415187495,9.890346327808835,10.0,800.0,1.528561415187495,0.0,0.6116528119561848,1.0,0.9890346327808835,1.0,0.0,0.0,DB,WR,WR,WR,0.8683578638749049,0.0,WR
2023091707.0,470.0,40024.0,55181.0,0.0,0.0594467671842211,4.4327192557165205,6.046600326505844,10.0,0.0,4.4327192557165205,1.0,0.8811064656315578,1.0,0.6046600326505844,1.0,1.0,0.0,DB,WR,WR,WR,0.8813008284073027,0.6666666666666666,WR
2023091707.0,547.0,44819.0,55181.0,400.0,0.0938083151964686,2.034821859524806,5.571601711431309,10.0,700.0,2.034821859524806,0.0,0.8123833696070628,1.0,0.5571601711431309,1.0,0.0,0.0,DB,WR,WR,WR,0.8488931574309804,0.0,WR
2023091707.0,577.0,40024.0,47822.0,200.0,0.1714672575396342,0.6029925372672533,7.025954920878845,10.0,400.0,0.6029925372672533,0.0,0.6570654849207316,0.40199502484483557,0.7025954920878845,1.0,0.0,0.5176059701861974,DB,WR,WR,WR,0.6667396000164435,0.17253532339539912,WR
2023091707.0,750.0,39973.0,53614.0,300.0,0.1861265241816774,1.9596938536414317,9.302038758144793,10.0,0.0,1.9596938536414317,0.0,0.6277469516366452,1.0,0.9302038758144793,1.0,1.0,0.0,DB,WR,WR,WR,0.8619564257084442,0.6666666666666666,WR
2023091707.0,824.0,44819.0,54500.0,200.0,0.1345792664096829,2.930972534842314,7.585426226165245,10.0,1000.0,2.930972534842314,0.0,0.7308414671806343,1.0,0.7585426226165245,1.0,0.0,0.0,DB,WR,WR,WR,0.8619890135835162,0.0,WR
2023091707.0,925.0,44819.0,54500.0,300.0,0.143510134590414,1.0121264743104057,11.95518273639444,10.0,0.0,1.0121264743104057,0.0,0.712979730819172,0.6747509828736038,1.0,1.0,1.0,0.19029882055167546,DB,WR,WR,WR,0.8175935057060183,0.7300996068505584,WR
2023091707.0,948.0,53506.0,55181.0,500.0,0.0727101416989567,4.7565638858318655,11.860842086558677,10.0,800.0,4.7565638858318655,0.0,0.8545797166020865,1.0,1.0,1.0,0.0,0.0,DB,WR,WR,WR,0.9515265722006954,0.0,WR
2023091707.0,1022.0,43334.0,46086.0,200.0,0.1736874587681372,5.913543776789013,1.5954325866986707,10.0,600.0,5.913543776789013,0.0,0.6526250824637256,1.0,0.15954325866986707,1.0,0.0,0.0,DB,WR,WR,WR,0.7161170125552152,0.0,WR
2023091707.0,1093.0,56582.0,48268.0,700.0,0.1881368411940967,8.357655173551967,4.637417164665065,10.0,800.0,8.357655173551967,0.0,0.6237263176118066,1.0,0.46374171646650647,1.0,0.0,0.0,DB,WR,WR,WR,0.7673237824972368,0.0,WR
2023091707.0,1234.0,44856.0,47822.0,400.0,0.1232754555646177,4.623126647627128,11.588058427461592,10.0,900.0,4.623126647627128,0.0,0.7534490888707646,1.0,1.0,1.0,0.0,0.0,DB,WR,WR,WR,0.9178163629569214,0.0,WR
2023091707.0,1259.0,53506.0,43353.0,600.0,0.1634450541138691,2.692359559939931,11.488738154105423,10.0,800.0,2.692359559939931,0.0,0.6731098917722618,1.0,1.0,1.0,0.0,0.0,DB,WR,WR,WR,0.8910366305907539,0.0,WR
2023091707.0,1347.0,40024.0,55181.0,600.0,0.116539650746338,0.590762219509672,15.428190479893267,10.0,400.0,0.590762219509672,0.0,0.766920698507324,0.39384147967311467,1.0,1.0,0.0,0.5273902243922624,DB,WR,WR,WR,0.7606646274152719,0.17579674146408744,WR
2023091707.0,1413.0,54483.0,53476.0,200.0,0.0884573675979165,1.1910079764636348,1.497833702119977,10.0,900.0,1.1910079764636348,0.0,0.823085264804167,0.7940053176424232,0.1497833702119977,1.0,0.0,0.04719361882909223,DB,WR,WR,WR,0.7160531803484347,0.015731206276364075,WR
2023091707.0,1576.0,40024.0,47822.0,600.0,0.2033272907887359,2.543796375498637,7.295580863486696,10.0,0.0,2.543796375498637,0.0,0.5933454184225282,1.0,0.7295580863486696,1.0,1.0,0.0,DB,WR,WR,WR,0.8103600900772432,0.6666666666666666,WR
2023091707.0,1646.0,55885.0,55181.0,400.0,0.1066846645355312,1.11664676599182,3.5173029782036433,10.0,600.0,1.11664676599182,0.0,0.7866306709289376,0.74443117732788,0.35173029782036436,1.0,0.0,0.106682587206544,DB,WR,WR,WR,0.7310712638278201,0.03556086240218133,WR
2023091707.0,1739.0,54483.0,53476.0,300.0,0.0285620285288741,3.6755543799541384,5.339659764802367,10.0,0.0,3.6755543799541384,0.0,0.9428759429422517,1.0,0.5339659764802367,1.0,1.0,0.0,DB,WR,WR,WR,0.8877518429434645,0.6666666666666666,WR
2023091707.0,1808.0,53074.0,53476.0,200.0,0.1243450373424213,2.7014255495941444,16.081681924937673,10.0,0.0,2.7014255495941444,0.0,0.7513099253151574,1.0,1.0,1.0,1.0,0.0,DB,WR,WR,WR,0.9171033084383857,0.6666666666666666,WR
2023091707.0,1891.0,54483.0,52431.0,600.0,0.328591651017307,5.802516695365898,4.642443643419989,10.0,800.0,5.802516695365898,0.0,0.34281669796538605,1.0,0.46424436434199895,1.0,0.0,0.0,DB,WR,WR,WR,0.6737877721901951,0.0,WR
2023091707.0,2041.0,39973.0,46775.0,300.0,0.2236460235721821,1.3188252348207496,9.82359084032566,10.0,500.0,1.3188252348207496,0.0,0.5527079528556358,0.8792168232138331,0.9823590840325661,1.0,0.0,0.0,DB,WR,WR,WR,0.8151656206154139,0.0,WR
2023091707.0,2066.0,54608.0,46086.0,300.0,0.2553150421557415,1.5200328943809074,11.945387248431354,10.0,600.0,1.5200328943809074,0.0,0.48936991568851695,1.0,1.0,1.0,0.0,0.0,DB,WR,WR,WR,0.8297899718961722,0.0,WR
2023091707.0,2216.0,54483.0,46775.0,300.0,0.0668652954972568,3.961376023555454,3.264040842986391,10.0,500.0,3.961376023555454,0.0,0.8662694090054864,1.0,0.3264040842986391,1.0,0.0,0.0,DB,WR,WR,WR,0.8207039531948899,0.0,WR
2023091707.0,2334.0,44819.0,48268.0,500.0,0.1340771413847164,2.0380628057054584,2.269757154910829,10.0,200.0,2.0380628057054584,0.0,0.7318457172305672,1.0,0.2269757154910829,1.0,0.0,0.0,DB,WR,WR,WR,0.7560103821750722,0.0,WR
2023091707.0,2498.0,54608.0,53614.0,400.0,0.1776348788882081,1.2149485585818016,16.96280526972924,10.0,800.0,1.2149485585818016,0.0,0.6447302422235839,0.8099657057212011,1.0,1.0,0.0,0.028041153134558683,DB,WR,WR,WR,0.8309009356001815,0.009347051044852894,WR
2023091707.0,2523.0,43334.0,53476.0,300.0,0.187533330370897,12.679814667415297,6.6225284828235065,10.0,500.0,12.679814667415297,0.0,0.6249333392582059,1.0,0.6622528482823506,1.0,0.0,0.0,DB,WR,WR,WR,0.8074283494092054,0.0,WR
2023091707.0,2592.0,39973.0,46775.0,100.0,0.0831974649963459,7.477285603746849,23.797484519950977,10.0,900.0,7.477285603746849,0.16666666666666663,0.8336050700073082,1.0,1.0,1.0,0.0,0.0,DB,WR,WR,WR,0.9445350233357692,0.0,WR
2023091707.0,2617.0,47904.0,53614.0,400.0,0.0638338617409439,4.816326400899334,2.191421466926146,10.0,500.0,4.816326400899334,0.0,0.8723322765181122,1.0,0.2191421466926146,1.0,0.0,0.0,DB,WR,WR,WR,0.8012725215112269,0.0,WR
2023091707.0,2678.0,40024.0,54500.0,200.0,0.1382048653098784,4.720985066699532,15.945029683062865,10.0,700.0,4.720985066699532,0.0,0.7235902693802432,1.0,1.0,1.0,0.0,0.0,DB,WR,WR,WR,0.9078634231267476,0.0,WR
2023091707.0,2745.0,44819.0,43353.0,400.0,0.1938949150835009,4.963637778887585,15.490635530571277,10.0,0.0,4.963637778887585,0.0,0.6122101698329983,1.0,1.0,1.0,1.0,0.0,DB,WR,WR,WR,0.870736723277666,0.6666666666666666,WR
2023091707.0,2792.0,55061.0,48268.0,500.0,0.0654507025661537,3.2945105858078496,3.5190893704129675,10.0,900.0,3.2945105858078496,0.0,0.8690985948676926,1.0,0.3519089370412968,1.0,0.0,0.0,DB,WR,WR,WR,0.8267479856974902,0.0,WR
2023091707.0,2817.0,44856.0,55184.0,300.0,0.0648768063332344,8.317752100177069,8.331813069039539,10.0,600.0,8.317752100177069,0.0,0.8702463873335312,1.0,0.8331813069039539,1.0,0.0,0.0,DB,WR,WR,WR,0.9233850571586344,0.0,WR
2023091707.0,2878.0,40024.0,55181.0,600.0,0.0915308403590947,2.492388412747898,5.128528510237148,10.0,0.0,2.492388412747898,0.0,0.8169383192818106,1.0,0.5128528510237148,1.0,1.0,0.0,DB,WR,WR,WR,0.8415500099653465,0.6666666666666666,WR
2023091707.0,3010.0,54608.0,54679.0,300.0,0.2408989390814636,8.622806967571528,8.071996704633325,10.0,100.0,8.622806967571528,0.0,0.5182021218370728,1.0,0.8071996704633324,1.0,0.2857142857142857,0.0,DB,WR,WR,WR,0.8008406413716906,0.19047619047619047,WR
2023091707.0,3091.0,56582.0,55184.0,600.0,0.2335082618974846,3.1484122982862295,15.478505219879937,10.0,1500.0,3.1484122982862295,0.0,0.5329834762050307,1.0,1.0,1.0,0.0,0.0,DB,WR,WR,WR,0.8443278254016768,0.0,WR
2023091707.0,3185.0,55946.0,46086.0,200.0,0.0395751244620972,4.170047961354885,10.11839530897518,10.0,300.0,4.170047961354885,0.0,0.9208497510758056,1.0,1.0,1.0,0.0,0.0,DB,WR,WR,WR,0.973616583691935,0.0,WR
2023091707.0,3324.0,44856.0,46110.0,700.0,0.2396699118927253,7.741653570136031,2.3059579868631417,10.0,300.0,7.741653570136031,0.0,0.5206601762145494,1.0,0.23059579868631416,1.0,0.0,0.0,DB,WR,WR,WR,0.686339218475446,0.0,WR
2023091707.0,3376.0,44819.0,47822.0,200.0,0.1166645421051974,0.5921148537234877,5.245341966871825,10.0,700.0,0.5921148537234877,0.0,0.7666709157896052,0.39474323581565846,0.5245341966871825,1.0,0.0,0.5263081170212098,DB,WR,WR,WR,0.6657286741514804,0.17543603900706994,WR
2023091707.0,3399.0,40024.0,53529.0,200.0,0.0606359594359617,4.024487545017387,3.118352253437416,10.0,0.0,4.024487545017387,0.0,0.8787280811280767,1.0,0.31183522534374164,1.0,1.0,0.0,DB,WR,WR,WR,0.8219430721114405,0.6666666666666666,WR
2023091707.0,3520.0,39973.0,52594.0,100.0,0.2379775899813538,4.2843552607131,11.620518014690685,10.0,800.0,4.2843552607131,0.16666666666666663,0.5240448200372925,1.0,1.0,1.0,0.0,0.0,DB,WR,WR,WR,0.8413482733457641,0.0,WR
2023091707.0,3600.0,53074.0,45571.0,100.0,0.0512475930115133,1.5800316452527168,3.1440011982959915,10.0,300.0,1.5800316452527168,0.16666666666666663,0.8975048139769735,1.0,0.31440011982959915,1.0,0.0,0.0,DB,WR,WR,WR,0.8287149619582442,0.0,WR
2023091707.0,3707.0,48456.0,55181.0,100.0,0.0980392569659351,3.542612030691477,16.616235755045253,10.0,400.0,3.542612030691477,0.16666666666666663,0.8039214860681299,1.0,1.0,1.0,0.0,0.0,DB,WR,WR,WR,0.9346404953560432,0.0,WR
2023091707.0,3782.0,40024.0,54500.0,300.0,0.1742774557392534,3.7126001669988615,18.144797042839283,10.0,600.0,3.7126001669988615,0.0,0.6514450885214932,1.0,1.0,1.0,0.0,0.0,DB,WR,WR,WR,0.8838150295071643,0.0,WR
2023091707.0,3807.0,48456.0,43353.0,200.0,0.1172109457222382,1.3406341782902595,2.103389125445815,10.0,500.0,1.3406341782902595,0.0,0.7655781085555236,0.893756118860173,0.2103389125445815,1.0,0.0,0.0,DB,WR,WR,WR,0.7355954503901369,0.0,WR
2023091707.0,3830.0,40024.0,43353.0,100.0,0.0743376550378188,5.371219600798321,14.232748829970172,10.0,700.0,5.371219600798321,0.16666666666666663,0.8513246899243624,1.0,1.0,1.0,0.0,0.0,DB,WR,WR,WR,0.9504415633081207,0.0,WR
2023091707.0,3855.0,53506.0,55181.0,400.0,0.0773836888117754,4.93052735516191,16.33189306036303,10.0,0.0,4.93052735516191,0.0,0.8452326223764492,1.0,1.0,1.0,1.0,0.0,DB,WR,WR,WR,0.948410874125483,0.6666666666666666,WR
2023091707.0,3880.0,53506.0,55181.0,300.0,0.1118611490494653,0.76164296097319,28.750697454404772,10.0,0.0,0.76164296097319,0.0,0.7762777019010694,0.5077619739821266,1.0,1.0,1.0,0.39068563122144806,DB,WR,WR,WR,0.7941624270289235,0.7968952104071493,DB
2023091707.0,4001.0,44819.0,54500.0,200.0,0.1273810265539024,0.8452810183601711,4.655935190436418,10.0,800.0,0.8452810183601711,0.0,0.7452379468921952,0.5635206789067807,0.4655935190436418,1.0,0.0,0.3237751853118631,DB,WR,WR,WR,0.6918035338146016,0.10792506177062103,WR
2023091708.0,94.0,39983.0,52444.0,300.0,0.1730400449111626,6.5850208807565656,10.85582991978161,10.0,1100.0,6.5850208807565656,0.0,0.6539199101776748,1.0,1.0,1.0,0.0,0.0,DB,WR,WR,WR,0.8846399700592249,0.0,WR
2023091708.0,119.0,47808.0,44830.0,300.0,0.1446289869274105,3.448941866717961,13.37256683167358,10.0,1000.0,3.448941866717961,0.0,0.710742026145179,1.0,1.0,1.0,0.0,0.0,DB,WR,WR,WR,0.9035806753817263,0.0,WR
2023091708.0,166.0,39983.0,52444.0,100.0,0.2226127322760956,4.67952989091853,4.940871586376941,10.0,900.0,4.67952989091853,0.16666666666666663,0.5547745354478089,1.0,0.49408715863769415,1.0,0.0,0.0,DB,WR,WR,WR,0.7504089435434751,0.0,WR
2023091708.0,189.0,47808.0,55888.0,300.0,0.0880789119871614,0.7083078426785905,4.912286311054031,10.0,500.0,0.7083078426785905,0.0,0.8238421760256772,0.47220522845239365,0.49122863110540316,1.0,0.0,0.4333537258571276,DB,WR,WR,WR,0.6987811791502779,0.14445124195237585,WR
2023091708.0,264.0,52615.0,56045.0,300.0,0.101126013410177,1.045609869884558,18.646468187707356,10.0,400.0,1.045609869884558,0.0,0.797747973179646,0.6970732465897053,1.0,1.0,0.0,0.16351210409235362,DB,WR,WR,WR,0.85180219015047,0.0545040346974512,WR
2023091708.0,289.0,46071.0,49410.0,200.0,0.2186691347131334,9.275559282329018,1.837017448183652,10.0,100.0,9.275559282329018,0.0,0.5626617305737331,1.0,0.1837017448183652,1.0,0.2857142857142857,0.0,DB,WR,WR,WR,0.6909609258215841,0.19047619047619047,WR
2023091708.0,319.0,47954.0,53565.0,300.0,0.1173233220837271,1.0560303025955269,5.482076314318636,10.0,900.0,1.0560303025955269,0.0,0.7653533558325458,0.7040202017303513,0.5482076314318636,1.0,0.0,0.15517575792357852,DB,WR,WR,WR,0.752498032025315,0.051725252641192834,WR
2023091708.0,402.0,39983.0,54611.0,0.0,0.111006890075656,6.333924533809981,12.744476213681471,10.0,700.0,6.333924533809981,1.0,0.777986219848688,1.0,1.0,1.0,0.0,0.0,DB,WR,WR,WR,0.9259954066162293,0.0,WR
2023091708.0,449.0,47808.0,44830.0,300.0,0.1877645982469505,2.13114992433662,20.22529672191714,10.0,100.0,2.13114992433662,0.0,0.6244708035060991,1.0,1.0,1.0,0.2857142857142857,0.0,DB,WR,WR,WR,0.8748236011686996,0.19047619047619047,WR
2023091708.0,494.0,55959.0,53604.0,300.0,0.217133093523374,3.725922704512265,16.834377709537456,10.0,0.0,3.725922704512265,0.0,0.565733812953252,1.0,1.0,1.0,1.0,0.0,DB,WR,WR,WR,0.8552446043177506,0.6666666666666666,WR
2023091708.0,570.0,47808.0,55888.0,300.0,0.1586853101833444,2.407592158153035,8.236207972760655,10.0,600.0,2.407592158153035,0.0,0.6826293796333112,1.0,0.8236207972760654,1.0,0.0,0.0,DB,WR,WR,WR,0.8589339526663167,0.0,WR
2023091708.0,678.0,52615.0,53565.0,800.0,0.0447542308220194,2.7301648301888193,1.6764189504740046,10.0,0.0,2.7301648301888193,0.0,0.9104915383559612,1.0,0.16764189504740046,1.0,1.0,0.0,DB,WR,WR,WR,0.8036922251281339,0.6666666666666666,WR
2023091708.0,792.0,54520.0,53604.0,100.0,0.2599195277764642,2.5444252789186015,7.855942501427571,10.0,0.0,2.5444252789186015,0.16666666666666663,0.4801609444470716,1.0,0.7855942501427571,1.0,1.0,0.0,DB,WR,WR,WR,0.7838391648442419,0.6666666666666666,WR
2023091708.0,846.0,39983.0,55888.0,100.0,0.19955605490092,2.276927754672949,14.612710202385983,10.0,400.0,2.276927754672949,0.16666666666666663,0.60088789019816,1.0,1.0,1.0,0.0,0.0,DB,WR,WR,WR,0.8669626300660532,0.0,WR
2023091708.0,916.0,53478.0,44830.0,300.0,0.3521510717838163,1.1747765745025702,8.702180087163411,10.0,700.0,1.1747765745025702,0.0,0.29569785643236735,0.7831843830017134,0.8702180087163411,1.0,0.0,0.0601787403979438,DB,WR,WR,WR,0.6814587226878476,0.02005958013264793,WR
2023091708.0,1110.0,42547.0,46188.0,400.0,0.1807181441334757,2.989314302645339,13.438831460053525,10.0,0.0,2.989314302645339,0.0,0.6385637117330486,1.0,1.0,1.0,1.0,0.0,DB,WR,WR,WR,0.8795212372443495,0.6666666666666666,WR
2023091708.0,1168.0,46071.0,46188.0,700.0,0.0916798073450742,4.7696121435605185,36.84587986571031,10.0,300.0,4.7696121435605185,0.0,0.8166403853098516,1.0,1.0,1.0,0.0,0.0,DB,WR,WR,WR,0.9388801284366171,0.0,WR
2023091708.0,1325.0,47808.0,54611.0,200.0,0.1269038027932913,2.464893506827418,9.752803743326824,10.0,0.0,2.464893506827418,0.0,0.7461923944134174,1.0,0.9752803743326824,1.0,1.0,0.0,DB,WR,WR,WR,0.910453539671009,0.6666666666666666,WR
2023091708.0,1582.0,47954.0,56045.0,300.0,0.0566993369874359,1.8917980864775144,4.456729737970714,10.0,700.0,1.8917980864775144,0.0,0.8866013260251282,1.0,0.4456729737970714,1.0,0.0,0.0,DB,WR,WR,WR,0.8513350367677903,0.0,WR
2023091708.0,1628.0,42547.0,53565.0,200.0,0.1267936529751494,1.6361540269791268,18.133993682880803,10.0,800.0,1.6361540269791268,0.0,0.7464126940497011,1.0,1.0,1.0,0.0,0.0,DB,WR,WR,WR,0.9154708980165669,0.0,WR
2023091708.0,1727.0,46071.0,46188.0,200.0,0.129535659875909,4.631597996372314,6.142660053914636,10.0,800.0,4.631597996372314,0.0,0.740928680248182,1.0,0.6142660053914636,1.0,0.0,0.0,DB,WR,WR,WR,0.8364960944943532,0.0,WR
2023091708.0,1759.0,39983.0,47872.0,200.0,0.1391175194234225,4.077511495998509,8.374760630348595,10.0,700.0,4.077511495998509,0.0,0.721764961153155,1.0,0.8374760630348594,1.0,0.0,0.0,DB,WR,WR,WR,0.8747501996580235,0.0,WR
2023091708.0,1864.0,47808.0,55888.0,200.0,0.0484381048349334,4.600695599580569,3.4384220548432607,10.0,0.0,4.600695599580569,0.0,0.9031237903301332,1.0,0.3438422054843261,1.0,1.0,0.0,DB,WR,WR,WR,0.8364763712069095,0.6666666666666666,WR
2023091708.0,1968.0,47842.0,46188.0,500.0,0.0698644813308879,8.456695572148734,7.612539346260448,10.0,900.0,8.456695572148734,0.0,0.8602710373382242,1.0,0.7612539346260447,1.0,0.0,0.0,DB,WR,WR,WR,0.9056744660379503,0.0,WR
2023091708.0,1993.0,46071.0,46657.0,500.0,0.2626367828582752,9.032031886569053,2.1760585897085725,10.0,500.0,9.032031886569053,0.0,0.4747264342834496,1.0,0.21760585897085724,1.0,0.0,0.0,DB,WR,WR,WR,0.668429983221988,0.0,WR
2023091708.0,2018.0,52615.0,56045.0,200.0,0.1025555803397529,6.1365299640757875,14.85480927772356,10.0,400.0,6.1365299640757875,0.0,0.7948888393204943,1.0,1.0,1.0,0.0,0.0,DB,WR,WR,WR,0.9316296131068313,0.0,WR
2023091708.0,2043.0,47842.0,46188.0,400.0,0.1264552076437736,5.198124661837183,9.971719490513037,10.0,700.0,5.198124661837183,0.0,0.7470895847124528,1.0,0.9971719490513037,1.0,0.0,0.0,DB,WR,WR,WR,0.9151309180477449,0.0,WR
2023091708.0,2139.0,55938.0,53565.0,400.0,0.0618861250452659,1.957779354268507,3.262522678923827,10.0,800.0,1.957779354268507,0.0,0.8762277499094682,1.0,0.3262522678923827,1.0,0.0,0.0,DB,WR,WR,WR,0.8239930368816326,0.0,WR
2023091708.0,2164.0,42547.0,46188.0,500.0,0.299221211369337,2.407592158153036,4.802300400670149,10.0,400.0,2.407592158153036,0.0,0.401557577261326,1.0,0.4802300400670149,1.0,0.0,0.0,DB,WR,WR,WR,0.696565200433845,0.0,WR
2023091708.0,2456.0,47808.0,54611.0,100.0,0.2293698461345549,4.445582076623935,4.413672345455382,10.0,300.0,4.445582076623935,0.16666666666666663,0.5412603077308902,1.0,0.44136723454553817,1.0,0.0,0.0,DB,WR,WR,WR,0.7353602161527376,0.0,WR
2023091708.0,2522.0,42547.0,46188.0,400.0,0.2647763617453991,4.540704791108976,8.587433530698858,10.0,1100.0,4.540704791108976,0.0,0.4704472765092018,1.0,0.8587433530698858,1.0,0.0,0.0,DB,WR,WR,WR,0.7952310961170443,0.0,WR
2023091708.0,2572.0,47954.0,53565.0,0.0,0.2577383018840322,3.612118491965625,2.0185880627211255,10.0,1100.0,3.612118491965625,1.0,0.48452339623193563,1.0,0.20185880627211256,1.0,0.0,0.0,DB,WR,WR,WR,0.6685462266650677,0.0,WR
2023091708.0,2698.0,43329.0,53639.0,500.0,0.1324025482481688,4.6658011102060515,23.741238240007075,10.0,900.0,4.6658011102060515,0.0,0.7351949035036625,1.0,1.0,1.0,0.0,0.0,DB,WR,WR,WR,0.9117316345012207,0.0,WR
2023091708.0,2766.0,52615.0,56045.0,400.0,0.0747698222265473,1.3406341782902589,12.845910015102,10.0,700.0,1.3406341782902589,0.0,0.8504603555469055,0.8937561188601726,1.0,1.0,0.0,0.0,DB,WR,WR,WR,0.921821750211681,0.0,WR
2023091708.0,2886.0,39983.0,47872.0,0.0,0.1368784653833986,2.2271955459725596,14.365381580640834,10.0,600.0,2.2271955459725596,1.0,0.7262430692332028,1.0,1.0,1.0,0.0,0.0,DB,WR,WR,WR,0.9087476897444009,0.0,WR
2023091708.0,2933.0,54520.0,56074.0,200.0,0.1272892929612074,14.802111335887194,22.40420430002743,10.0,600.0,14.802111335887194,0.0,0.7454214140775852,1.0,1.0,1.0,0.0,0.0,DB,WR,WR,WR,0.915140471359195,0.0,WR
2023091708.0,2999.0,55959.0,52444.0,300.0,0.3089045116228389,5.625317768802044,17.68415540026815,10.0,0.0,5.625317768802044,0.0,0.38219097675432223,1.0,1.0,1.0,1.0,0.0,DB,WR,WR,WR,0.7940636589181074,0.6666666666666666,WR
2023091708.0,3082.0,47808.0,44830.0,200.0,0.1830532620087012,0.9542536350467868,18.296035343978076,10.0,900.0,0.9542536350467868,0.0,0.6338934759825976,0.6361690900311913,1.0,1.0,0.0,0.2365970919625705,DB,WR,WR,WR,0.7809429160025168,0.07886569732085683,WR
2023091708.0,3128.0,47808.0,56074.0,200.0,0.0511816883014942,4.903274416142747,3.138378670069118,10.0,300.0,4.903274416142747,0.0,0.8976366233970116,1.0,0.3138378670069118,1.0,0.0,0.0,DB,WR,WR,WR,0.8286464478670528,0.0,WR
2023091708.0,3169.0,47954.0,53565.0,200.0,0.3718148509559635,4.534853911649195,6.005023219531795,10.0,700.0,4.534853911649195,0.0,0.256370298088073,1.0,0.6005023219531795,1.0,0.0,0.0,DB,WR,WR,WR,0.6722238970866602,0.0,WR
2023091708.0,3206.0,42547.0,56045.0,400.0,0.1397878577033439,6.42262407431729,18.11255011854231,10.0,200.0,6.42262407431729,0.0,0.7204242845933122,1.0,1.0,1.0,0.0,0.0,DB,WR,WR,WR,0.9068080948644373,0.0,WR
2023091708.0,3231.0,47954.0,56045.0,300.0,0.0889645015704721,1.4832734070291995,5.003633385633267,10.0,500.0,1.4832734070291995,0.0,0.8220709968590558,0.9888489380194664,0.5003633385633267,1.0,0.0,0.0,DB,WR,WR,WR,0.837789383470875,0.0,WR
2023091708.0,3310.0,42547.0,46188.0,300.0,0.2245179288949036,3.012009296134398,11.871623184391671,10.0,900.0,3.012009296134398,0.0,0.5509641422101927,1.0,1.0,1.0,0.0,0.0,DB,WR,WR,WR,0.8503213807367308,0.0,WR
2023091708.0,3384.0,47842.0,49410.0,400.0,0.1024489603348132,1.242779143693688,14.152276500753352,10.0,800.0,1.242779143693688,0.0,0.7951020793303736,0.8285194291291252,1.0,1.0,0.0,0.00577668504504969,DB,WR,WR,WR,0.8859725408778911,0.00192556168168323,WR
2023091708.0,3512.0,46071.0,52863.0,300.0,0.1425749951201529,1.6819036833302925,8.748684322930938,10.0,0.0,1.6819036833302925,0.0,0.7148500097596941,1.0,0.8748684322930937,1.0,1.0,0.0,DB,WR,WR,WR,0.8799236897118501,0.6666666666666666,WR
2023091708.0,3755.0,55938.0,56045.0,400.0,0.1492357237653633,2.2420080285315698,8.372353432431783,10.0,800.0,2.2420080285315698,0.0,0.7015285524692734,1.0,0.8372353432431783,1.0,0.0,0.0,DB,WR,WR,WR,0.8679565861383934,0.0,WR
2023091708.0,3780.0,47842.0,52863.0,400.0,0.2416461403433898,3.428352373954586,4.722202315369128,10.0,600.0,3.428352373954586,0.0,0.5167077193132203,1.0,0.47222023153691284,1.0,0.0,0.0,DB,WR,WR,WR,0.7333466194117892,0.0,WR
2023091708.0,3805.0,42547.0,46188.0,200.0,0.1737915670334145,8.590209543427914,17.654076948001237,10.0,600.0,8.590209543427914,0.0,0.652416865933171,1.0,1.0,1.0,0.0,0.0,DB,WR,WR,WR,0.8841389553110569,0.0,WR
2023091708.0,3886.0,52615.0,53565.0,400.0,0.0935636157789365,1.925668715018237,6.809598746945168,10.0,900.0,1.925668715018237,0.0,0.812872768442127,1.0,0.6809598746945168,1.0,0.0,0.0,DB,WR,WR,WR,0.8738162310862789,0.0,WR
2023091708.0,4093.0,46071.0,56045.0,300.0,0.2381641090868705,11.339686944532469,1.1371854911797177,10.0,400.0,11.339686944532469,0.0,0.5236717818262591,1.0,0.11371854911797177,1.0,0.0,0.0,DB,WR,WR,WR,0.6639676370990141,0.0,WR
2023091708.0,4145.0,47954.0,53565.0,300.0,0.0783838536976787,1.7053152201279396,6.199458567412823,10.0,800.0,1.7053152201279396,0.0,0.8432322926046426,1.0,0.6199458567412823,1.0,0.0,0.0,DB,WR,WR,WR,0.8717332688831373,0.0,WR
2023091709.0,77.0,44959.0,44903.0,300.0,0.133339460643524,2.816025568065747,9.410728426689204,10.0,900.0,2.816025568065747,0.0,0.733321078712952,1.0,0.9410728426689203,1.0,0.0,0.0,DB,WR,WR,WR,0.8993215947714347,0.0,WR
2023091709.0,102.0,44820.0,52835.0,500.0,0.079018805554157,5.32846131636517,24.69936983956455,10.0,500.0,5.32846131636517,0.0,0.8419623888916861,1.0,1.0,1.0,0.0,0.0,DB,WR,WR,WR,0.9473207962972285,0.0,WR
2023091709.0,171.0,52433.0,54677.0,300.0,0.1784221761286218,1.1901680553602487,6.25999306186861,10.0,600.0,1.1901680553602487,0.0,0.6431556477427565,0.7934453702401658,0.6259993061868611,1.0,0.0,0.04786555571180107,DB,WR,WR,WR,0.7511705092156684,0.015955185237267022,WR
2023091709.0,243.0,52433.0,54676.0,600.0,0.2366069676549217,0.6579513659838365,31.661322288572123,10.0,0.0,0.6579513659838365,0.0,0.5267860646901565,0.43863424398922435,1.0,1.0,1.0,0.4736389072129308,DB,WR,WR,WR,0.6925644866271786,0.8245463024043103,DB
2023091709.0,386.0,56042.0,53531.0,400.0,0.0142427926635588,6.418107197608965,0.8932314341391854,10.0,600.0,6.418107197608965,0.0,0.9715144146728824,1.0,0.08932314341391853,1.0,0.0,0.0,DB,WR,WR,WR,0.8083694335737444,0.0,WR
2023091709.0,438.0,53486.0,38868.0,400.0,0.1668656820444391,4.741307836451878,9.98341355096654,10.0,0.0,4.741307836451878,0.0,0.6662686359111218,1.0,0.998341355096654,1.0,1.0,0.0,DB,WR,WR,WR,0.8884244829897047,0.6666666666666666,WR
2023091709.0,468.0,53486.0,53531.0,0.0,0.2214967512421137,2.2005453869438756,16.263076866721317,10.0,0.0,2.2005453869438756,1.0,0.5570064975157726,1.0,1.0,1.0,1.0,0.0,DB,WR,WR,WR,0.8523354991719241,0.6666666666666666,WR
2023091709.0,493.0,56042.0,53601.0,700.0,0.0552519481808365,8.065531600582819,35.87323937738063,10.0,900.0,8.065531600582819,0.0,0.889496103638327,1.0,1.0,1.0,0.0,0.0,DB,WR,WR,WR,0.9631653678794423,0.0,WR
2023091709.0,583.0,54629.0,47931.0,900.0,0.0944259294772123,7.507982418732743,5.156666549418811,10.0,500.0,7.507982418732743,0.0,0.8111481410455754,1.0,0.5156666549418811,1.0,0.0,0.0,DB,WR,WR,WR,0.8401827113369013,0.0,WR
2023091709.0,718.0,47819.0,54607.0,300.0,0.1376071011456682,1.6573774464496631,17.707891460257397,10.0,800.0,1.6573774464496631,0.0,0.7247857977086636,1.0,1.0,1.0,0.0,0.0,DB,WR,WR,WR,0.9082619325695545,0.0,WR
2023091709.0,841.0,52433.0,54607.0,400.0,0.1680908845075944,0.7641989269817117,2.1426478233629775,10.0,700.0,0.7641989269817117,0.0,0.6638182309848112,0.5094659513211411,0.21426478233629775,1.0,0.0,0.3886408584146307,DB,WR,WR,WR,0.5999832871478342,0.12954695280487688,WR
2023091709.0,975.0,56042.0,46757.0,500.0,0.1180954562908191,1.0255242561733944,10.18751155390823,10.0,500.0,1.0255242561733944,0.0,0.7638090874183618,0.6836828374489295,1.0,1.0,0.0,0.17958059506128454,DB,WR,WR,WR,0.8369184524591684,0.05986019835376151,WR
2023091709.0,998.0,43399.0,46757.0,0.0,0.1905238392782732,3.4929214133730584,11.9444514714111,10.0,300.0,3.4929214133730584,1.0,0.6189523214434536,1.0,1.0,1.0,0.0,0.0,DB,WR,WR,WR,0.8729841071478178,0.0,WR
2023091709.0,1028.0,56042.0,46757.0,300.0,0.2738530098693327,3.6565694304908263,5.478074965146186,10.0,600.0,3.6565694304908263,0.0,0.4522939802613346,1.0,0.5478074965146187,1.0,0.0,0.0,DB,WR,WR,WR,0.7269928260567019,0.0,WR
2023091709.0,1228.0,44959.0,55942.0,100.0,0.1771327846329214,1.9009471323527145,14.06603512146182,10.0,0.0,1.9009471323527145,0.16666666666666663,0.6457344307341573,1.0,1.0,1.0,1.0,0.0,DB,WR,WR,WR,0.8819114769113857,0.6666666666666666,WR
2023091709.0,1302.0,52433.0,44878.0,300.0,0.1009865649001023,2.320021551624032,17.307111960946003,10.0,0.0,2.320021551624032,0.0,0.7980268701997955,1.0,1.0,1.0,1.0,0.0,DB,WR,WR,WR,0.9326756233999317,0.6666666666666666,WR
2023091709.0,1403.0,56042.0,46757.0,300.0,0.1127529835264579,4.783513353174626,12.214587626075753,10.0,0.0,4.783513353174626,0.0,0.7744940329470842,1.0,1.0,1.0,1.0,0.0,DB,WR,WR,WR,0.9248313443156946,0.6666666666666666,WR
2023091709.0,1462.0,53486.0,46127.0,0.0,0.2017420287244234,4.729661721518776,2.328260642757394,10.0,200.0,4.729661721518776,1.0,0.5965159425511533,1.0,0.23282606427573943,1.0,0.0,0.0,DB,WR,WR,WR,0.7120705270388656,0.0,WR
2023091709.0,1524.0,53486.0,53601.0,300.0,0.2726067044710762,5.002769233134782,13.418598446832757,10.0,200.0,5.002769233134782,0.0,0.4547865910578476,1.0,1.0,1.0,0.0,0.0,DB,WR,WR,WR,0.8182621970192825,0.0,WR
2023091709.0,1581.0,56042.0,53601.0,300.0,0.0315570301810253,3.132091952673163,5.200073862691917,10.0,600.0,3.132091952673163,0.0,0.9368859396379494,1.0,0.5200073862691916,1.0,0.0,0.0,DB,WR,WR,WR,0.8829634571331547,0.0,WR
2023091709.0,1808.0,44820.0,44878.0,0.0,0.0185504082720252,11.39881572796052,7.158166960737898,10.0,500.0,11.39881572796052,1.0,0.9628991834559496,1.0,0.7158166960737897,1.0,0.0,0.0,DB,WR,WR,WR,0.930796400366741,0.0,WR
2023091709.0,1860.0,52625.0,54607.0,400.0,0.0758096395537884,2.4185946332529555,3.4298494228498018,10.0,400.0,2.4185946332529555,0.0,0.8483807208924232,1.0,0.34298494228498017,1.0,0.0,0.0,DB,WR,WR,WR,0.8180572287544704,0.0,WR
2023091709.0,1885.0,52433.0,54677.0,400.0,0.0531368931324058,3.362692373679152,0.9294813396144218,10.0,0.0,3.362692373679152,0.0,0.8937262137351885,1.0,0.09294813396144218,1.0,1.0,0.0,DB,WR,WR,WR,0.7831650313706846,0.6666666666666666,WR
2023091709.0,2085.0,56042.0,46757.0,300.0,0.0178638642812471,2.3105410621756857,1.1894719059458918,10.0,400.0,2.3105410621756857,0.0,0.9642722714375058,1.0,0.11894719059458918,1.0,0.0,0.0,DB,WR,WR,WR,0.8118801952647531,0.0,WR
2023091709.0,2159.0,53486.0,53601.0,0.0,0.0959637828508632,4.070012284993737,5.642763213736283,10.0,0.0,4.070012284993737,1.0,0.8080724342982736,1.0,0.5642763213736284,1.0,1.0,0.0,DB,WR,WR,WR,0.8488794090408168,0.6666666666666666,WR
2023091709.0,2189.0,43399.0,47931.0,200.0,0.1759682788596716,6.884475288647633,3.759384867584605,10.0,0.0,6.884475288647633,0.0,0.6480634422806568,1.0,0.3759384867584605,1.0,1.0,0.0,DB,WR,WR,WR,0.7578755114452443,0.6666666666666666,WR
2023091709.0,2244.0,54629.0,46127.0,400.0,0.1728809726020496,6.094497518253658,13.827314366336468,10.0,0.0,6.094497518253658,0.0,0.6542380547959008,1.0,1.0,1.0,1.0,0.0,DB,WR,WR,WR,0.8847460182653002,0.6666666666666666,WR
2023091709.0,2391.0,52625.0,54677.0,300.0,0.108381803752361,1.9502820308868132,10.64324073693592,10.0,400.0,1.9502820308868132,0.0,0.783236392495278,1.0,1.0,1.0,0.0,0.0,DB,WR,WR,WR,0.9277454641650926,0.0,WR
2023091709.0,2440.0,53486.0,46757.0,0.0,0.0676821336256561,5.808244140874252,4.909148158579527,10.0,0.0,5.808244140874252,1.0,0.8646357327486878,1.0,0.4909148158579527,1.0,1.0,0.0,DB,WR,WR,WR,0.8530615407544864,0.6666666666666666,WR
2023091709.0,2534.0,56042.0,53601.0,300.0,0.0324139887497152,3.253997541486471,6.92126512784832,10.0,0.0,3.253997541486471,0.0,0.9351720225005696,1.0,0.6921265127848321,1.0,1.0,0.0,DB,WR,WR,WR,0.9168159767238229,0.6666666666666666,WR
2023091709.0,2642.0,54629.0,46139.0,300.0,0.042310138067031,5.841266985851613,6.69501087925217,10.0,800.0,5.841266985851613,0.0,0.915379723865938,1.0,0.669501087925217,1.0,0.0,0.0,DB,WR,WR,WR,0.9056934588736893,0.0,WR
2023091709.0,2676.0,52433.0,55942.0,100.0,0.1485687270816665,4.703062831815034,15.781452445246432,10.0,600.0,4.703062831815034,0.16666666666666663,0.7028625458366671,1.0,1.0,1.0,0.0,0.0,DB,WR,WR,WR,0.9009541819455555,0.0,WR
2023091709.0,2708.0,44959.0,52607.0,200.0,0.3038824050994601,5.657596662894944,1.2256269213834938,10.0,0.0,5.657596662894944,0.0,0.39223518980107985,1.0,0.12256269213834939,1.0,1.0,0.0,DB,WR,WR,WR,0.6219242683613632,0.6666666666666666,DB
2023091709.0,2785.0,47819.0,54677.0,400.0,0.0648995687427004,2.4337008854828417,1.6207750470065363,10.0,400.0,2.4337008854828417,0.0,0.8702008625145992,1.0,0.16207750470065363,1.0,0.0,0.0,DB,WR,WR,WR,0.7891491217783303,0.0,WR
2023091709.0,2854.0,53486.0,53601.0,0.0,0.1335568562913706,1.718254928699459,1.9997401022593293,10.0,0.0,1.718254928699459,1.0,0.7328862874172588,1.0,0.19997401022593292,1.0,1.0,0.0,DB,WR,WR,WR,0.7509568978509394,0.6666666666666666,WR
2023091709.0,2877.0,56042.0,53601.0,300.0,0.1075859509513452,4.606788469204992,4.9690485708617835,10.0,0.0,4.606788469204992,0.0,0.7848280980973096,1.0,0.4969048570861784,1.0,1.0,0.0,DB,WR,WR,WR,0.8276570041163388,0.6666666666666666,WR
2023091709.0,2993.0,47819.0,54607.0,0.0,0.286167702620314,2.9664962497869456,14.825731695113795,10.0,0.0,2.9664962497869456,1.0,0.427664594759372,1.0,1.0,1.0,1.0,0.0,DB,WR,WR,WR,0.8092215315864573,0.6666666666666666,WR
2023091709.0,3018.0,52625.0,54607.0,0.0,0.1796045037792143,2.8557660968643783,8.100618476953288,10.0,300.0,2.8557660968643783,1.0,0.6407909924415713,1.0,0.8100618476953289,1.0,0.0,0.0,DB,WR,WR,WR,0.8422760336862561,0.0,WR
2023091709.0,3182.0,56042.0,53609.0,200.0,0.0885414215682883,4.82578491025035,10.379811260139098,10.0,0.0,4.82578491025035,0.0,0.8229171568634234,1.0,1.0,1.0,1.0,0.0,DB,WR,WR,WR,0.9409723856211409,0.6666666666666666,WR
2023091709.0,3207.0,56042.0,47931.0,300.0,0.0409013039726935,3.815783012698703,4.502713423297954,10.0,300.0,3.815783012698703,0.0,0.918197392054613,1.0,0.4502713423297954,1.0,0.0,0.0,DB,WR,WR,WR,0.8627867324841634,0.0,WR
2023091709.0,3232.0,43399.0,47931.0,100.0,0.1748095474984509,5.641320767338088,70.94678264429086,10.0,400.0,5.641320767338088,0.16666666666666663,0.6503809050030982,1.0,1.0,1.0,0.0,0.0,DB,WR,WR,WR,0.8834603016676993,0.0,WR
2023091709.0,3255.0,56042.0,53601.0,300.0,0.1351215976587245,1.3729530217746029,16.348698399182616,10.0,0.0,1.3729530217746029,0.0,0.729756804682551,0.9153020145164019,1.0,1.0,1.0,0.0,DB,WR,WR,WR,0.8873328054318907,0.6666666666666666,WR
2023091709.0,3278.0,56042.0,46127.0,500.0,0.1268673387339189,5.000039999840001,26.450722904501205,10.0,600.0,5.000039999840001,0.0,0.7462653225321623,1.0,1.0,1.0,0.0,0.0,DB,WR,WR,WR,0.9154217741773873,0.0,WR
2023091709.0,3303.0,53486.0,46127.0,500.0,0.191653920639372,1.9945926902503213,18.30765605244093,10.0,0.0,1.9945926902503213,0.0,0.6166921587212559,1.0,1.0,1.0,1.0,0.0,DB,WR,WR,WR,0.8722307195737519,0.6666666666666666,WR
2023091709.0,3326.0,53678.0,46139.0,300.0,0.260847976159806,3.693304753198691,3.755124468038154,10.0,100.0,3.693304753198691,0.0,0.47830404768038803,1.0,0.3755124468038154,1.0,0.2857142857142857,0.0,DB,WR,WR,WR,0.701203838587559,0.19047619047619047,WR
2023091709.0,3390.0,43399.0,46757.0,100.0,0.1850934448686209,6.678922068717383,1.9200832193645203,10.0,500.0,6.678922068717383,0.16666666666666663,0.6298131102627582,1.0,0.19200832193645204,1.0,0.0,0.0,DB,WR,WR,WR,0.7150060344748764,0.0,WR
2023091709.0,3480.0,54629.0,53601.0,500.0,0.1857437355447487,5.581290173427644,10.384252173844756,10.0,600.0,5.581290173427644,0.0,0.6285125289105026,1.0,1.0,1.0,0.0,0.0,DB,WR,WR,WR,0.8761708429701675,0.0,WR
2023091709.0,3503.0,52465.0,46139.0,0.0,0.2333647644793287,3.552576529787919,4.233819222397594,10.0,200.0,3.552576529787919,1.0,0.5332704710413426,1.0,0.4233819222397594,1.0,0.0,0.0,DB,WR,WR,WR,0.729099874795066,0.0,WR
2023091709.0,3640.0,47819.0,54607.0,300.0,0.1271315000330505,1.1001818031580026,23.245096116316347,10.0,800.0,1.1001818031580026,0.0,0.745736999933899,0.7334545354386685,1.0,1.0,0.0,0.11985455747359786,DB,WR,WR,WR,0.8441668760949445,0.03995151915786595,WR
2023091709.0,3736.0,52465.0,53601.0,200.0,0.1575066136177566,0.7940403012442099,4.506648029664391,10.0,400.0,0.7940403012442099,0.0,0.6849867727644867,0.5293602008294732,0.4506648029664391,1.0,0.0,0.3647677590046321,DB,WR,WR,WR,0.6596246050693095,0.12158925300154402,WR
2023091709.0,3812.0,47819.0,44878.0,200.0,0.1730967937311376,2.692248131209307,11.42872099496857,10.0,0.0,2.692248131209307,0.0,0.6538064125377248,1.0,1.0,1.0,1.0,0.0,DB,WR,WR,WR,0.8846021375125749,0.6666666666666666,WR
2023091709.0,3889.0,43399.0,47931.0,200.0,0.0377657252015636,2.858828431368343,2.058527380848396,10.0,300.0,2.858828431368343,0.0,0.9244685495968727,1.0,0.20585273808483961,1.0,0.0,0.0,DB,WR,WR,WR,0.8159933974825921,0.0,WR
2023091709.0,3944.0,56042.0,47931.0,300.0,0.2450462097799844,5.602472668384912,4.769127935938545,10.0,300.0,5.602472668384912,0.0,0.5099075804400313,1.0,0.47691279359385447,1.0,0.0,0.0,DB,WR,WR,WR,0.7320184188654479,0.0,WR
2023091709.0,4189.0,43399.0,47931.0,0.0,0.1040763376468014,2.1312203077110565,10.98446174836504,10.0,0.0,2.1312203077110565,1.0,0.7918473247063972,1.0,1.0,1.0,1.0,0.0,DB,WR,WR,WR,0.9306157749021322,0.6666666666666666,WR
2023091709.0,4212.0,56042.0,47931.0,200.0,0.175329521691216,5.220421438926172,19.047833751423724,10.0,0.0,5.220421438926172,0.0,0.6493409566175681,1.0,1.0,1.0,1.0,0.0,DB,WR,WR,WR,0.8831136522058559,0.6666666666666666,WR
2023091709.0,4269.0,52465.0,53601.0,300.0,0.0578392999212871,5.492412948786716,7.947045144048256,10.0,0.0,5.492412948786716,0.0,0.8843214001574258,1.0,0.7947045144048256,1.0,1.0,0.0,DB,WR,WR,WR,0.920381369600107,0.6666666666666666,WR
2023091709.0,4294.0,56042.0,53609.0,300.0,0.1735417360263804,3.1219385003551925,19.39454015727206,10.0,700.0,3.1219385003551925,0.0,0.6529165279472392,1.0,1.0,1.0,0.0,0.0,DB,WR,WR,WR,0.8843055093157464,0.0,WR
2023091709.0,4317.0,53486.0,46127.0,400.0,0.0306974483195808,5.376578837885666,1.7162266920731082,10.0,1000.0,5.376578837885666,0.0,0.9386051033608384,1.0,0.1716226692073108,1.0,0.0,0.0,DB,WR,WR,WR,0.8138595682950749,0.0,WR
2023091709.0,4342.0,52465.0,38868.0,300.0,0.1612535133268535,2.7280029325497344,6.918820343826458,10.0,500.0,2.7280029325497344,0.0,0.677492973346293,1.0,0.6918820343826458,1.0,0.0,0.0,DB,WR,WR,WR,0.8308740646586268,0.0,WR
2023091709.0,4397.0,56042.0,47931.0,200.0,0.0557038955245339,3.589498572224256,6.545091145492735,10.0,0.0,3.589498572224256,0.0,0.8885922089509322,1.0,0.6545091145492735,1.0,1.0,0.0,DB,WR,WR,WR,0.8937658925601653,0.6666666666666666,WR
2023091710.0,100.0,47911.0,47881.0,0.0,0.1850854333735068,6.7142907294814105,3.2905814635374093,10.0,400.0,6.7142907294814105,1.0,0.6298291332529864,1.0,0.3290581463537409,1.0,0.0,0.0,DB,WR,WR,WR,0.742421340355077,0.0,WR
2023091710.0,172.0,52425.0,46211.0,300.0,0.075235263192111,0.9625487000666474,9.086545067205863,10.0,200.0,0.9625487000666474,0.0,0.849529473615778,0.641699133377765,0.9086545067205863,1.0,0.0,0.22996103994668204,DB,WR,WR,WR,0.8360271614501139,0.07665367998222734,WR
2023091710.0,230.0,47911.0,47881.0,700.0,0.0830832268309624,5.888582172305996,9.37359202278582,10.0,500.0,5.888582172305996,0.0,0.8338335463380752,1.0,0.9373592022785819,1.0,0.0,0.0,DB,WR,WR,WR,0.9320830225684081,0.0,WR
2023091710.0,321.0,54594.0,54469.0,300.0,0.2013145262059806,2.850491185743257,5.885350200285395,10.0,1200.0,2.850491185743257,0.0,0.5973709475880389,1.0,0.5885350200285395,1.0,0.0,0.0,DB,WR,WR,WR,0.7834973198683874,0.0,WR
2023091710.0,402.0,46705.0,38540.0,200.0,0.0664470589282299,2.467893838883674,18.050896614080727,10.0,400.0,2.467893838883674,0.0,0.8671058821435402,1.0,1.0,1.0,0.0,0.0,DB,WR,WR,WR,0.9557019607145133,0.0,WR
2023091710.0,467.0,52425.0,54833.0,0.0,0.0551001761500336,2.915561695454243,10.189866923223272,10.0,300.0,2.915561695454243,1.0,0.8897996476999328,1.0,1.0,1.0,0.0,0.0,DB,WR,WR,WR,0.9632665492333108,0.0,WR
2023091710.0,521.0,56077.0,47881.0,200.0,0.2032663527122173,8.453508147508938,4.957044698586365,10.0,0.0,8.453508147508938,0.0,0.5934672945755655,1.0,0.49570446985863653,1.0,1.0,0.0,DB,WR,WR,WR,0.7636299921635824,0.6666666666666666,WR
2023091710.0,689.0,54475.0,52459.0,400.0,0.2405494511769637,1.3159027319676837,7.904849514696929,10.0,800.0,1.3159027319676837,0.0,0.5189010976460726,0.8772684879784558,0.7904849514696929,1.0,0.0,0.0,DB,WR,WR,WR,0.7650022863035509,0.0,WR
2023091710.0,805.0,52425.0,53575.0,200.0,0.1407647181731019,3.8181278134708863,11.822844005710316,10.0,0.0,3.8181278134708863,0.0,0.7184705636537962,1.0,1.0,1.0,1.0,0.0,DB,WR,WR,WR,0.9061568545512653,0.6666666666666666,WR
2023091710.0,921.0,52425.0,46211.0,200.0,0.2277563253192844,5.7400783966771725,19.221562402438064,10.0,0.0,5.7400783966771725,0.0,0.5444873493614313,1.0,1.0,1.0,1.0,0.0,DB,WR,WR,WR,0.8481624497871437,0.6666666666666666,WR
2023091710.0,973.0,54553.0,54469.0,100.0,0.199673193138115,3.8104724116571145,10.753960495169563,10.0,700.0,3.8104724116571145,0.16666666666666663,0.60065361372377,1.0,1.0,1.0,0.0,0.0,DB,WR,WR,WR,0.8668845379079233,0.0,WR
2023091710.0,1020.0,47911.0,47881.0,300.0,0.2133018205891987,4.559747800043333,1.3242627532406333,10.0,0.0,4.559747800043333,0.0,0.5733963588216027,1.0,0.13242627532406331,1.0,1.0,0.0,DB,WR,WR,WR,0.6842840413386801,0.6666666666666666,WR
2023091710.0,1067.0,54553.0,54833.0,300.0,0.0826628826857195,2.5691243644479336,14.906058271836038,10.0,500.0,2.5691243644479336,0.0,0.8346742346285609,1.0,1.0,1.0,0.0,0.0,DB,WR,WR,WR,0.9448914115428535,0.0,WR
2023091710.0,1137.0,46150.0,46211.0,300.0,0.0673718827719345,0.9121951545584938,19.35586231321484,10.0,800.0,0.9121951545584938,0.0,0.865256234456131,0.6081301030389958,1.0,1.0,0.0,0.270243876353205,DB,WR,WR,WR,0.8505867722957758,0.090081292117735,WR
2023091710.0,1250.0,37139.0,44904.0,400.0,0.2698490219060575,1.4442298985964772,11.11055003353771,10.0,600.0,1.4442298985964772,0.0,0.46030195618788505,0.9628199323976515,1.0,1.0,0.0,0.0,DB,WR,WR,WR,0.8101859673686687,0.0,WR
2023091710.0,1322.0,46150.0,46211.0,400.0,0.1438988474828004,1.924266093865394,15.43136497318504,10.0,600.0,1.924266093865394,0.0,0.7122023050343992,1.0,1.0,1.0,0.0,0.0,DB,WR,WR,WR,0.9040674350114664,0.0,WR
2023091710.0,1345.0,54553.0,46211.0,100.0,0.1137276505280209,1.968882932020074,1.1024148692722031,10.0,600.0,1.968882932020074,0.16666666666666663,0.7725446989439582,1.0,0.11024148692722031,1.0,0.0,0.0,DB,WR,WR,WR,0.7462298637000968,0.0,WR
2023091710.0,1394.0,54475.0,38540.0,200.0,0.1270056486248101,1.5938946012832826,8.841335928559106,10.0,500.0,1.5938946012832826,0.0,0.7459887027503798,1.0,0.8841335928559106,1.0,0.0,0.0,DB,WR,WR,WR,0.892156286154642,0.0,WR
2023091710.0,1460.0,56077.0,53583.0,300.0,0.2046588946464208,3.53141614653385,4.222126094116033,10.0,600.0,3.53141614653385,0.0,0.5906822107071583,1.0,0.42221260941160327,1.0,0.0,0.0,DB,WR,WR,WR,0.7480032587847066,0.0,WR
2023091710.0,1485.0,52425.0,53583.0,200.0,0.0698536932562513,4.212837523570066,6.528362514927854,10.0,500.0,4.212837523570066,0.0,0.8602926134874974,1.0,0.6528362514927853,1.0,0.0,0.0,DB,WR,WR,WR,0.8839981214610562,0.0,WR
2023091710.0,1538.0,52425.0,54469.0,100.0,0.1796292478040996,4.019950248448356,5.049886795174123,10.0,0.0,4.019950248448356,0.16666666666666663,0.6407415043918008,1.0,0.5049886795174123,1.0,1.0,0.0,DB,WR,WR,WR,0.7812449040340826,0.6666666666666666,WR
2023091710.0,1561.0,53117.0,41243.0,300.0,0.264040167673268,3.7414569354731304,5.417243609368745,10.0,700.0,3.7414569354731304,0.0,0.471919664653464,1.0,0.5417243609368745,1.0,0.0,0.0,DB,WR,WR,WR,0.7323180937385295,0.0,WR
2023091710.0,1678.0,47911.0,46186.0,200.0,0.1352905704827148,6.8586660510626976,1.6723073198763614,10.0,300.0,6.8586660510626976,0.0,0.7294188590345704,1.0,0.16723073198763613,1.0,0.0,0.0,DB,WR,WR,WR,0.743252432742384,0.0,WR
2023091710.0,1820.0,55923.0,53575.0,200.0,0.1855376417986831,1.322195144447293,7.536623493146773,10.0,200.0,1.322195144447293,0.0,0.6289247164026338,0.8814634296315287,0.7536623493146772,1.0,0.0,0.0,DB,WR,WR,WR,0.7954309565655543,0.0,WR
2023091710.0,1899.0,46226.0,55149.0,300.0,0.0532628210347064,4.494374261229254,3.1317312967092628,10.0,1100.0,4.494374261229254,0.0,0.8934743579305872,1.0,0.31317312967092625,1.0,0.0,0.0,DB,WR,WR,WR,0.8271260785777141,0.0,WR
2023091710.0,1924.0,53536.0,46088.0,500.0,0.0825860856225886,4.870523585817033,10.192482191640725,10.0,400.0,4.870523585817033,0.0,0.8348278287548228,1.0,1.0,1.0,0.0,0.0,DB,WR,WR,WR,0.9449426095849408,0.0,WR
2023091710.0,1949.0,46226.0,55149.0,400.0,0.0571785279451212,6.055377775168122,6.162967789698946,10.0,900.0,6.055377775168122,0.0,0.8856429441097576,1.0,0.6162967789698947,1.0,0.0,0.0,DB,WR,WR,WR,0.8851403371638982,0.0,WR
2023091710.0,2452.0,52425.0,41243.0,0.0,0.3529868886938204,5.7564746155959,12.306501535079676,10.0,0.0,5.7564746155959,1.0,0.2940262226123592,1.0,1.0,1.0,1.0,0.0,DB,WR,WR,WR,0.764675407537453,0.6666666666666666,WR
2023091710.0,2627.0,54594.0,46186.0,300.0,0.1066698717467193,2.479516081819195,15.804238211347169,10.0,500.0,2.479516081819195,0.0,0.7866602565065615,1.0,1.0,1.0,0.0,0.0,DB,WR,WR,WR,0.9288867521688537,0.0,WR
2023091710.0,2686.0,46705.0,38540.0,300.0,0.1082234435115155,4.271545387795848,46.897987542372974,10.0,400.0,4.271545387795848,0.0,0.7835531129769691,1.0,1.0,1.0,0.0,0.0,DB,WR,WR,WR,0.9278510376589896,0.0,WR
2023091710.0,2822.0,52425.0,53629.0,100.0,0.1706486225580278,4.0227353877678755,2.282260201307292,10.0,0.0,4.0227353877678755,0.16666666666666663,0.6587027548839444,1.0,0.2282260201307292,1.0,1.0,0.0,DB,WR,WR,WR,0.7318794556541273,0.6666666666666666,WR
2023091710.0,2849.0,47911.0,47881.0,200.0,0.2326657115548686,3.216022387981766,34.46926910633219,10.0,700.0,3.216022387981766,0.0,0.5346685768902628,1.0,1.0,1.0,0.0,0.0,DB,WR,WR,WR,0.8448895256300876,0.0,WR
2023091710.0,2958.0,46226.0,54632.0,1400.0,0.2334790635544856,8.420053444010913,3.3243799979398703,10.0,700.0,8.420053444010913,0.0,0.5330418728910288,1.0,0.332437999793987,1.0,0.0,0.0,DB,WR,WR,WR,0.7108348909224737,0.0,WR
2023091710.0,3145.0,47911.0,47881.0,200.0,0.2394144545464031,3.3991175325369403,6.75781052156302,10.0,500.0,3.3991175325369403,0.0,0.5211710909071938,1.0,0.675781052156302,1.0,0.0,0.0,DB,WR,WR,WR,0.7755465740669916,0.0,WR
2023091710.0,3223.0,52425.0,53629.0,300.0,0.1834976419886223,6.013626193903308,3.854204180701287,10.0,400.0,6.013626193903308,0.0,0.6330047160227554,1.0,0.3854204180701287,1.0,0.0,0.0,DB,WR,WR,WR,0.7547523222882775,0.0,WR
2023091710.0,3299.0,47911.0,54469.0,200.0,0.1897436867636619,5.251980578791206,4.704052584887424,10.0,900.0,5.251980578791206,0.0,0.6205126264726761,1.0,0.4704052584887424,1.0,0.0,0.0,DB,WR,WR,WR,0.7675852605219738,0.0,WR
2023091710.0,3372.0,54475.0,38540.0,300.0,0.1006969179322075,1.6650825805346725,1.454607219293078,10.0,400.0,1.6650825805346725,0.0,0.798606164135585,1.0,0.14546072192930778,1.0,0.0,0.0,DB,WR,WR,WR,0.7619608657643899,0.0,WR
2023091710.0,3425.0,54475.0,43533.0,300.0,0.1981498739566078,9.382558286522924,5.814507704455061,10.0,1200.0,9.382558286522924,0.0,0.6037002520867845,1.0,0.5814507704455061,1.0,0.0,0.0,DB,WR,WR,WR,0.7841902381180292,0.0,WR
2023091710.0,3659.0,54475.0,52459.0,300.0,0.1120683155905685,1.330939517784341,4.5597181599232925,10.0,600.0,1.330939517784341,0.0,0.775863368818863,0.8872930118562273,0.4559718159923293,1.0,0.0,0.0,DB,WR,WR,WR,0.7864269559664141,0.0,WR
2023091710.0,3682.0,47839.0,42346.0,400.0,0.0409714062058186,6.519608883974558,9.732782496562894,10.0,300.0,6.519608883974558,0.0,0.9180571875883627,1.0,0.9732782496562894,1.0,0.0,0.0,DB,WR,WR,WR,0.9673413791273787,0.0,WR
2023091710.0,3707.0,46705.0,52459.0,400.0,0.0639502871216519,2.5423021063595077,0.71541636249437,10.0,700.0,2.5423021063595077,0.0,0.8720994257566962,1.0,0.071541636249437,1.0,0.0,0.0,DB,WR,WR,WR,0.7716748025021194,0.0,WR
2023091710.0,3815.0,46226.0,55149.0,300.0,0.062446815315779,2.18908656749796,6.99424082570373,10.0,500.0,2.18908656749796,0.0,0.875106369368442,1.0,0.699424082570373,1.0,0.0,0.0,DB,WR,WR,WR,0.8982536063035552,0.0,WR
2023091710.0,3860.0,54475.0,52459.0,300.0,0.1345682751975934,1.7253985046939195,2.0551724564697356,10.0,900.0,1.7253985046939195,0.0,0.7308634496048132,1.0,0.20551724564697355,1.0,0.0,0.0,DB,WR,WR,WR,0.7513912656643323,0.0,WR
2023091710.0,3973.0,46226.0,55149.0,400.0,0.1514784284501074,4.612385499933844,5.968430445654777,10.0,1100.0,4.612385499933844,0.0,0.6970431430997852,1.0,0.5968430445654777,1.0,0.0,0.0,DB,WR,WR,WR,0.8183829899463572,0.0,WR
2023091710.0,4021.0,46705.0,54632.0,300.0,0.1383865869859761,0.5458937625582433,3.47457691652589,10.0,1000.0,0.5458937625582433,0.0,0.7232268260280478,0.3639291750388289,0.347457691652589,1.0,0.0,0.5632849899534054,DB,WR,WR,WR,0.607614927016888,0.18776166331780178,WR
2023091710.0,4103.0,53536.0,55149.0,500.0,0.1801388353465182,5.2873433782950086,15.587634222934511,10.0,400.0,5.2873433782950086,0.0,0.6397223293069636,1.0,1.0,1.0,0.0,0.0,DB,WR,WR,WR,0.8799074431023212,0.0,WR
2023091710.0,4152.0,54594.0,47881.0,400.0,0.1940701963381276,2.846137733842124,7.827532752099125,10.0,0.0,2.846137733842124,0.0,0.6118596073237448,1.0,0.7827532752099124,1.0,1.0,0.0,DB,WR,WR,WR,0.8271705241498973,0.6666666666666666,WR
2023091711.0,102.0,54481.0,43387.0,300.0,0.1882312833797313,4.619718606149083,24.44431624903041,10.0,0.0,4.619718606149083,0.0,0.6235374332405375,1.0,1.0,1.0,1.0,0.0,DB,WR,WR,WR,0.8745124777468457,0.6666666666666666,WR
2023091711.0,182.0,53553.0,52764.0,1400.0,0.2308486353370423,9.799005051534577,1.1639586989878934,10.0,0.0,9.799005051534577,0.0,0.5383027293259154,1.0,0.11639586989878933,1.0,1.0,0.0,DB,WR,WR,WR,0.669380083755063,0.6666666666666666,WR
2023091711.0,271.0,52423.0,52624.0,300.0,0.0910688665875362,2.080793118020145,13.795065099570522,10.0,0.0,2.080793118020145,0.0,0.8178622668249276,1.0,1.0,1.0,1.0,0.0,DB,WR,WR,WR,0.9392874222749757,0.6666666666666666,WR
2023091711.0,504.0,53511.0,53438.0,400.0,0.1217065229080186,3.098080050611994,19.429389604567337,10.0,700.0,3.098080050611994,0.0,0.7565869541839628,1.0,1.0,1.0,0.0,0.0,DB,WR,WR,WR,0.9188623180613209,0.0,WR
2023091711.0,551.0,53511.0,53438.0,0.0,0.1699862353164053,5.978503157145611,5.4460685593901985,10.0,200.0,5.978503157145611,1.0,0.6600275293671893,1.0,0.5446068559390198,1.0,0.0,0.0,DB,WR,WR,WR,0.7955972143102004,0.0,WR
2023091711.0,622.0,47859.0,54580.0,200.0,0.1501567808110226,5.005287204546808,16.891745897840664,10.0,300.0,5.005287204546808,0.0,0.6996864383779549,1.0,1.0,1.0,0.0,0.0,DB,WR,WR,WR,0.8998954794593182,0.0,WR
2023091711.0,675.0,41349.0,52764.0,300.0,0.1277762913328628,1.6710774967068447,13.072217165722211,10.0,1000.0,1.6710774967068447,0.0,0.7444474173342743,1.0,1.0,1.0,0.0,0.0,DB,WR,WR,WR,0.9148158057780913,0.0,WR
2023091711.0,720.0,54481.0,43387.0,400.0,0.1995628339028203,2.9873901653449857,20.321296508354553,10.0,0.0,2.9873901653449857,0.0,0.6008743321943594,1.0,1.0,1.0,1.0,0.0,DB,WR,WR,WR,0.866958110731453,0.6666666666666666,WR
2023091711.0,750.0,54481.0,46175.0,300.0,0.0894511715785444,5.6000089285643195,13.843218422244004,10.0,0.0,5.6000089285643195,0.0,0.8210976568429111,1.0,1.0,1.0,1.0,0.0,DB,WR,WR,WR,0.9403658856143036,0.6666666666666666,WR
2023091711.0,855.0,55928.0,47871.0,300.0,0.0866003534179924,7.965387623964073,4.374346444679648,10.0,400.0,7.965387623964073,0.0,0.8267992931640152,1.0,0.43743464446796476,1.0,0.0,0.0,DB,WR,WR,WR,0.8297533599482645,0.0,WR
2023091711.0,1031.0,48541.0,53503.0,500.0,0.1498176231190587,3.301348209444139,6.706204207086372,10.0,900.0,3.301348209444139,0.0,0.7003647537618827,1.0,0.6706204207086371,1.0,0.0,0.0,DB,WR,WR,WR,0.8342456687290215,0.0,WR
2023091711.0,1082.0,55928.0,55880.0,300.0,0.1518939771782618,1.204325537385967,4.090385078700925,10.0,0.0,1.204325537385967,0.0,0.6962120456434764,0.8028836915906447,0.40903850787009255,1.0,1.0,0.036539570091226437,DB,WR,WR,WR,0.7279807012126824,0.6788465233637421,WR
2023091711.0,1232.0,54967.0,47871.0,200.0,0.2807999561691833,2.477518920210302,9.45203276489115,10.0,100.0,2.477518920210302,0.0,0.4384000876616334,1.0,0.9452032764891151,1.0,0.2857142857142857,0.0,DB,WR,WR,WR,0.8018406845183674,0.19047619047619047,WR
2023091711.0,1363.0,47859.0,54580.0,200.0,0.1079117520780716,1.2734991166074572,11.354696717105856,10.0,400.0,1.2734991166074572,0.0,0.7841764958438568,0.8489994110716381,1.0,1.0,0.0,0.0,DB,WR,WR,WR,0.8877920082337224,0.0,WR
2023091711.0,1577.0,47859.0,42929.0,200.0,0.1707157715147453,6.642868356365346,20.988589852622432,10.0,0.0,6.642868356365346,0.0,0.6585684569705095,1.0,1.0,1.0,1.0,0.0,DB,WR,WR,WR,0.8861894856568364,0.6666666666666666,WR
2023091711.0,1680.0,53553.0,52764.0,700.0,0.3285978693095787,7.184928670487966,3.662416526770768,10.0,900.0,7.184928670487966,0.0,0.34280426138084263,1.0,0.36624165267707676,1.0,0.0,0.0,DB,WR,WR,WR,0.6541830843290295,0.0,WR
2023091711.0,1784.0,41349.0,53438.0,300.0,0.1419219577981614,2.3078344827998385,24.438045623012584,10.0,0.0,2.3078344827998385,0.0,0.7161560844036772,1.0,1.0,1.0,1.0,0.0,DB,WR,WR,WR,0.9053853614678923,0.6666666666666666,WR
2023091711.0,1807.0,41349.0,43387.0,300.0,0.1031536071432626,1.8613167382259288,20.404659626733448,10.0,900.0,1.8613167382259288,0.0,0.7936927857134748,1.0,1.0,1.0,0.0,0.0,DB,WR,WR,WR,0.9312309285711582,0.0,WR
2023091711.0,1960.0,52423.0,53503.0,600.0,0.0799672552033763,6.890174163255961,17.0176876452587,10.0,0.0,6.890174163255961,0.0,0.8400654895932473,1.0,1.0,1.0,1.0,0.0,DB,WR,WR,WR,0.9466884965310823,0.6666666666666666,WR
2023091711.0,2035.0,44852.0,42929.0,400.0,0.1266624301524378,5.925276364862655,4.142241529272031,10.0,1100.0,5.925276364862655,0.0,0.7466751396951243,1.0,0.4142241529272031,1.0,0.0,0.0,DB,WR,WR,WR,0.7984032104838152,0.0,WR
2023091711.0,2060.0,44852.0,42929.0,400.0,0.2313836766003632,9.986716177002336,9.718605546812414,10.0,200.0,9.986716177002336,0.0,0.5372326467992736,1.0,0.9718605546812414,1.0,0.0,0.0,DB,WR,WR,WR,0.8401163265360061,0.0,WR
2023091711.0,2118.0,52474.0,46175.0,500.0,0.1578045396282145,8.537505490481394,4.058782606292067,10.0,1000.0,8.537505490481394,0.0,0.684390920743571,1.0,0.40587826062920673,1.0,0.0,0.0,DB,WR,WR,WR,0.7759726257070316,0.0,WR
2023091711.0,2150.0,53553.0,54580.0,400.0,0.207508778243544,1.4860013458944092,10.83371315368462,10.0,0.0,1.4860013458944092,0.0,0.5849824435129121,0.9906675639296062,1.0,1.0,1.0,0.0,DB,WR,WR,WR,0.8591721648855323,0.6666666666666666,WR
2023091711.0,2456.0,53553.0,52764.0,300.0,0.053650100962937,5.313765143474068,8.28169596947618,10.0,400.0,5.313765143474068,0.0,0.892699798074126,1.0,0.828169596947618,1.0,0.0,0.0,DB,WR,WR,WR,0.9298671854142322,0.0,WR
2023091711.0,2539.0,47859.0,54580.0,300.0,0.1125054960035999,2.6035360569809667,6.5609563542471205,10.0,600.0,2.6035360569809667,0.0,0.7749890079928002,1.0,0.656095635424712,1.0,0.0,0.0,DB,WR,WR,WR,0.8562154630825424,0.0,WR
2023091711.0,2647.0,52423.0,52624.0,400.0,0.1026809846825819,3.106541485317719,0.690065422505986,10.0,0.0,3.106541485317719,0.0,0.7946380306348362,1.0,0.0690065422505986,1.0,1.0,0.0,DB,WR,WR,WR,0.7453473186617318,0.6666666666666666,WR
2023091711.0,2693.0,46109.0,55880.0,400.0,0.0352001082249418,2.024104740372891,0.527399373060841,10.0,500.0,2.024104740372891,0.0,0.9295997835501164,1.0,0.052739937306084096,1.0,0.0,0.0,DB,WR,WR,WR,0.7870812486445888,0.0,WR
2023091711.0,2863.0,52474.0,42929.0,600.0,0.106988725114319,4.986541887921932,1.3130044511112042,10.0,800.0,4.986541887921932,0.0,0.786022549771362,1.0,0.13130044511112043,1.0,0.0,0.0,DB,WR,WR,WR,0.7549342722793447,0.0,WR
2023091711.0,2998.0,46109.0,47871.0,300.0,0.2701900565651274,1.3732079230764744,10.99265907057194,10.0,0.0,1.3732079230764744,0.0,0.4596198868697452,0.9154719487176496,1.0,1.0,1.0,0.0,DB,WR,WR,WR,0.7973324819479548,0.6666666666666666,WR
2023091711.0,3211.0,47859.0,54580.0,300.0,0.1005784137676532,1.5634896865665582,5.69567103225936,10.0,600.0,1.5634896865665582,0.0,0.7988431724646936,1.0,0.569567103225936,1.0,0.0,0.0,DB,WR,WR,WR,0.846861144800085,0.0,WR
2023091711.0,3369.0,54614.0,54580.0,400.0,0.1612359895773128,2.324758051927126,30.33192444872194,10.0,400.0,2.324758051927126,0.0,0.6775280208453744,1.0,1.0,1.0,0.0,0.0,DB,WR,WR,WR,0.8925093402817914,0.0,WR
2023091711.0,3511.0,53464.0,52624.0,300.0,0.1405418087260868,1.4650938536489713,20.87112176005165,10.0,0.0,1.4650938536489713,0.0,0.7189163825478264,0.9767292357659808,1.0,1.0,1.0,0.0,DB,WR,WR,WR,0.9000999237202036,0.6666666666666666,WR
2023091711.0,3747.0,46522.0,43387.0,600.0,0.2594205080559361,4.7900939447990005,4.239380758238656,10.0,0.0,4.7900939447990005,0.0,0.48115898388812783,1.0,0.42393807582386556,1.0,1.0,0.0,DB,WR,WR,WR,0.711840609794149,0.6666666666666666,WR
2023091711.0,3794.0,53511.0,46175.0,500.0,0.1532360484667611,4.6824993326214175,13.410955262144762,10.0,0.0,4.6824993326214175,0.0,0.6935279030664778,1.0,1.0,1.0,1.0,0.0,DB,WR,WR,WR,0.8978426343554925,0.6666666666666666,WR
2023091711.0,3873.0,53464.0,47871.0,600.0,0.0606822559100778,7.209507611480833,4.141229503563241,10.0,1200.0,7.209507611480833,0.0,0.8786354881798444,1.0,0.41412295035632407,1.0,0.0,0.0,DB,WR,WR,WR,0.8423697527978795,0.0,WR
2023091711.0,3920.0,46109.0,53448.0,300.0,0.2960903638183777,9.853253269859652,17.57124173567161,10.0,0.0,9.853253269859652,0.0,0.40781927236324456,1.0,1.0,1.0,1.0,0.0,DB,WR,WR,WR,0.8026064241210814,0.6666666666666666,WR
2023091711.0,3943.0,46109.0,53448.0,400.0,0.0427327386967152,2.332059175921571,5.270231437665604,10.0,0.0,2.332059175921571,0.0,0.9145345226065696,1.0,0.5270231437665605,1.0,1.0,0.0,DB,WR,WR,WR,0.8769161362888354,0.6666666666666666,WR
2023091711.0,4096.0,44927.0,55880.0,500.0,0.1996060636482798,7.108621526006284,3.6691642395319577,10.0,700.0,7.108621526006284,0.0,0.6007878727034404,1.0,0.3669164239531958,1.0,0.0,0.0,DB,WR,WR,WR,0.7403125756917859,0.0,WR
2023091711.0,4219.0,52513.0,53448.0,300.0,0.0940728845222638,3.1398248358785894,14.09101818704809,10.0,500.0,3.1398248358785894,0.0,0.8118542309554724,1.0,1.0,1.0,0.0,0.0,DB,WR,WR,WR,0.937284743651824,0.0,WR
2023091711.0,4471.0,46109.0,55880.0,400.0,0.2275368309674143,2.545682619652343,34.981156307603236,10.0,1000.0,2.545682619652343,0.0,0.5449263380651714,1.0,1.0,1.0,0.0,0.0,DB,WR,WR,WR,0.8483087793550571,0.0,WR
2023091711.0,4501.0,54967.0,53503.0,300.0,0.2028317181368658,8.911442083074997,44.13258727137789,10.0,700.0,8.911442083074997,0.0,0.5943365637262684,1.0,1.0,1.0,0.0,0.0,DB,WR,WR,WR,0.8647788545754227,0.0,WR
2023091711.0,4524.0,52423.0,43373.0,500.0,0.1885196585349532,1.4375673897247394,8.37633512594514,10.0,1300.0,1.4375673897247394,0.0,0.6229606829300935,0.9583782598164929,0.837633512594514,1.0,0.0,0.0,DB,WR,WR,WR,0.8307477994466654,0.0,WR
2023091711.0,4592.0,46109.0,55880.0,400.0,0.1510067227080646,4.199869045577494,14.392218772934877,10.0,700.0,4.199869045577494,0.0,0.6979865545838708,1.0,1.0,1.0,0.0,0.0,DB,WR,WR,WR,0.8993288515279568,0.0,WR
2023091711.0,4627.0,54967.0,52624.0,200.0,0.0351702293383547,3.383031185194722,0.4010922241590785,10.0,800.0,3.383031185194722,0.0,0.9296595413232907,1.0,0.04010922241590785,1.0,0.0,0.0,DB,WR,WR,WR,0.7845750249242783,0.0,WR
2023091712.0,56.0,46111.0,46142.0,100.0,0.0327423093799045,3.5689354154985833,7.340047541520447,10.0,500.0,3.5689354154985833,0.16666666666666663,0.934515381240191,1.0,0.7340047541520447,1.0,0.0,0.0,DB,WR,WR,WR,0.9249727445771392,0.0,WR
2023091712.0,81.0,42357.0,43327.0,600.0,0.0048795003647416,7.519341726507713,39.80297264290144,10.0,,7.519341726507713,0.0,0.9902409992705168,1.0,1.0,1.0,,0.0,None,WR,WR,WR,0.9967469997568388,0.0,WR
2023091712.0,318.0,46279.0,47826.0,600.0,0.256397708543264,5.739242110244169,3.874172566212303,10.0,700.0,5.739242110244169,0.0,0.487204582913472,1.0,0.3874172566212303,1.0,0.0,0.0,DB,WR,WR,WR,0.7065516456287366,0.0,WR
2023091712.0,343.0,53435.0,47826.0,600.0,0.0140830867828517,5.420147599466275,4.6262906501318755,10.0,300.0,5.420147599466275,0.0,0.9718338264342966,1.0,0.46262906501318757,1.0,0.0,0.0,DB,WR,WR,WR,0.8831370884807362,0.0,WR
2023091712.0,420.0,42718.0,47826.0,400.0,0.2325080643762706,11.983042184687486,4.813660321431756,10.0,400.0,11.983042184687486,0.0,0.5349838712474588,1.0,0.48136603214317564,1.0,0.0,0.0,DB,WR,WR,WR,0.741267830177788,0.0,WR
2023091712.0,445.0,43454.0,43435.0,400.0,0.0400780488547036,2.2268587741480066,9.6594168715831,10.0,500.0,2.2268587741480066,0.0,0.9198439022905928,1.0,0.96594168715831,1.0,0.0,0.0,DB,WR,WR,WR,0.9664696381951928,0.0,WR
2023091712.0,643.0,45185.0,43299.0,200.0,0.1577087785239914,5.154046953608387,13.900541786511988,10.0,300.0,5.154046953608387,0.0,0.6845824429520172,1.0,1.0,1.0,0.0,0.0,DB,WR,WR,WR,0.894860814317339,0.0,WR
2023091712.0,683.0,42357.0,43299.0,300.0,0.0876645021377806,1.085218871933216,7.018739342901151,10.0,400.0,1.085218871933216,0.0,0.8246709957244388,0.7234792479554774,0.7018739342901151,1.0,0.0,0.13182490245342715,DB,WR,WR,WR,0.8081929182209633,0.043941634151142384,WR
2023091712.0,719.0,43324.0,53465.0,200.0,0.1753206586039799,2.769043156037842,23.74421545515125,10.0,0.0,2.769043156037842,0.0,0.6493586827920401,1.0,1.0,1.0,1.0,0.0,DB,WR,WR,WR,0.88311956093068,0.6666666666666666,WR
2023091712.0,788.0,45185.0,43299.0,300.0,0.072830953763403,3.225554215944914,6.066778261098132,10.0,700.0,3.225554215944914,0.0,0.854338092473194,1.0,0.6066778261098131,1.0,0.0,0.0,DB,WR,WR,WR,0.8727815960463606,0.0,WR
2023091712.0,811.0,56075.0,46259.0,300.0,0.1458544802594856,3.440886513676385,25.394030927252643,10.0,0.0,3.440886513676385,0.0,0.7082910394810288,1.0,1.0,1.0,1.0,0.0,DB,WR,WR,WR,0.9027636798270096,0.6666666666666666,WR
2023091712.0,894.0,46279.0,52991.0,0.0,0.0886405260427919,5.002249493977676,9.840901066009382,10.0,0.0,5.002249493977676,1.0,0.8227189479144161,1.0,0.9840901066009382,1.0,1.0,0.0,DB,WR,WR,WR,0.9377243372916596,0.6666666666666666,WR
2023091712.0,922.0,43454.0,52991.0,0.0,0.1033554688498698,7.001578393476716,11.281141130099998,10.0,600.0,7.001578393476716,1.0,0.7932890623002604,1.0,1.0,1.0,0.0,0.0,DB,WR,WR,WR,0.9310963541000867,0.0,WR
2023091712.0,991.0,53435.0,55881.0,300.0,0.0336350381220784,4.585040894037916,3.693696279257374,10.0,300.0,4.585040894037916,0.0,0.9327299237558432,1.0,0.3693696279257374,1.0,0.0,0.0,DB,WR,WR,WR,0.8514505668370951,0.0,WR
2023091712.0,1245.0,44874.0,47971.0,300.0,0.0921273351804223,1.784740877550577,9.621367614127522,10.0,0.0,1.784740877550577,0.0,0.8157453296391554,1.0,0.9621367614127522,1.0,1.0,0.0,DB,WR,WR,WR,0.9310091288289355,0.6666666666666666,WR
2023091712.0,1304.0,45185.0,43299.0,300.0,0.0689569247520826,2.520495982936696,2.1243565710797143,10.0,900.0,2.520495982936696,0.0,0.8620861504958348,1.0,0.21243565710797144,1.0,0.0,0.0,DB,WR,WR,WR,0.7965158482535392,0.0,WR
2023091712.0,1493.0,43454.0,47826.0,300.0,0.0589349924351682,4.766812352086036,2.1361653406206083,10.0,600.0,4.766812352086036,0.0,0.8821300151296636,1.0,0.21361653406206083,1.0,0.0,0.0,DB,WR,WR,WR,0.8034333118556334,0.0,WR
2023091712.0,1579.0,46111.0,53465.0,200.0,0.0802377419802878,8.868195983400458,13.289525753366146,10.0,0.0,8.868195983400458,0.0,0.8395245160394245,1.0,1.0,1.0,1.0,0.0,DB,WR,WR,WR,0.9465081720131414,0.6666666666666666,WR
2023091712.0,1639.0,43324.0,46142.0,100.0,0.1040997824487751,4.494196257396867,18.5232734071192,10.0,500.0,4.494196257396867,0.16666666666666663,0.7918004351024498,1.0,1.0,1.0,0.0,0.0,DB,WR,WR,WR,0.9306001450341499,0.0,WR
2023091712.0,1712.0,42357.0,43299.0,300.0,0.0252652594155163,5.1878511929314115,3.1486758944719484,10.0,700.0,5.1878511929314115,0.0,0.9494694811689675,1.0,0.31486758944719484,1.0,0.0,0.0,DB,WR,WR,WR,0.8461300116124281,0.0,WR
2023091712.0,1848.0,42357.0,43299.0,200.0,0.1017902520443655,3.821792773032044,11.635520044916245,10.0,600.0,3.821792773032044,0.0,0.796419495911269,1.0,1.0,1.0,0.0,0.0,DB,WR,WR,WR,0.9321398319704228,0.0,WR
2023091712.0,1921.0,52922.0,55881.0,0.0,0.0508674748734393,10.002399712069105,6.273073000666587,10.0,900.0,10.002399712069105,1.0,0.8982650502531214,1.0,0.6273073000666587,1.0,0.0,0.0,DB,WR,WR,WR,0.8915498100977055,0.0,WR
2023091712.0,1946.0,52922.0,52991.0,300.0,0.1908860916882107,5.760112846116821,5.813097460783976,10.0,500.0,5.760112846116821,0.0,0.6182278166235786,1.0,0.5813097460783976,1.0,0.0,0.0,DB,WR,WR,WR,0.7890045547568723,0.0,WR
2023091712.0,2003.0,45900.0,44837.0,200.0,0.0298635239943225,2.7247201691182936,2.1891747883436405,10.0,0.0,2.7247201691182936,0.0,0.940272952011355,1.0,0.21891747883436405,1.0,1.0,0.0,DB,WR,WR,WR,0.8238744797706576,0.6666666666666666,WR
2023091712.0,2028.0,46192.0,53589.0,400.0,0.1006644591369433,4.1283531825656565,12.970312429891552,10.0,0.0,4.1283531825656565,0.0,0.7986710817261133,1.0,1.0,1.0,1.0,0.0,DB,WR,WR,WR,0.932890360575371,0.6666666666666666,WR
2023091712.0,2053.0,45900.0,52991.0,300.0,0.1021311374203247,2.088564100045771,11.087815831965507,10.0,0.0,2.088564100045771,0.0,0.7957377251593506,1.0,1.0,1.0,1.0,0.0,DB,WR,WR,WR,0.9319125750531168,0.6666666666666666,WR
2023091712.0,2078.0,46279.0,53589.0,400.0,0.2750922710214838,2.984392735549396,39.943203582473934,10.0,1100.0,2.984392735549396,0.0,0.44981545795703237,1.0,1.0,1.0,0.0,0.0,DB,WR,WR,WR,0.816605152652344,0.0,WR
2023091712.0,2184.0,43454.0,52445.0,600.0,0.1039138837600405,1.117720895393836,17.492025685053633,10.0,400.0,1.117720895393836,0.0,0.792172232479919,0.7451472635958907,1.0,1.0,0.0,0.10582328368493121,DB,WR,WR,WR,0.8627633477855438,0.03527442789497707,WR
2023091712.0,2480.0,42357.0,43299.0,,0.0069006555934236,6.5207668260719185,25.53689571464548,10.0,700.0,6.5207668260719185,,0.9861986888131528,1.0,1.0,1.0,0.0,0.0,DB,WR,WR,WR,0.9953995629377175,0.0,WR
2023091712.0,2579.0,46192.0,43435.0,0.0,0.1041884739078082,8.929882418038883,9.703793929177534,10.0,600.0,8.929882418038883,1.0,0.7916230521843837,1.0,0.9703793929177534,1.0,0.0,0.0,DB,WR,WR,WR,0.9246168959783452,0.0,WR
2023091712.0,2611.0,43454.0,47826.0,400.0,0.0779158464041759,5.7843322864441316,10.947454833479394,10.0,0.0,5.7843322864441316,0.0,0.8441683071916481,1.0,1.0,1.0,1.0,0.0,DB,WR,WR,WR,0.9480561023972159,0.6666666666666666,WR
2023091712.0,2685.0,43454.0,43435.0,500.0,0.0123669388480168,2.352615565705541,1.843346996264586,10.0,700.0,2.352615565705541,0.0,0.9752661223039664,1.0,0.1843346996264586,1.0,0.0,0.0,DB,WR,WR,WR,0.8286223140266138,0.0,WR
2023091712.0,2732.0,53435.0,52991.0,400.0,0.119528679667927,1.3550645741070797,4.333403168842065,10.0,600.0,1.3550645741070797,0.0,0.760942640664146,0.9033763827380531,0.43334031688420654,1.0,0.0,0.0,DB,WR,WR,WR,0.7812159789950374,0.0,WR
2023091712.0,2828.0,55949.0,46212.0,400.0,0.1455460611420949,9.066449139547416,9.544227729690446,10.0,0.0,9.066449139547416,0.0,0.7089078777158102,1.0,0.9544227729690447,1.0,1.0,0.0,DB,WR,WR,WR,0.8938538471657456,0.6666666666666666,WR
2023091712.0,2853.0,54590.0,52445.0,400.0,0.2054010305069897,7.959302733280095,5.335182441924896,10.0,200.0,7.959302733280095,0.0,0.5891979389860206,1.0,0.5335182441924896,1.0,0.0,0.0,DB,WR,WR,WR,0.7697696285005047,0.0,WR
2023091712.0,2935.0,45185.0,43327.0,100.0,0.0479523742835554,1.6617159805454158,1.7595292860068106,10.0,0.0,1.6617159805454158,0.16666666666666663,0.9040952514328892,1.0,0.17595292860068107,1.0,1.0,0.0,DB,WR,WR,WR,0.803222336197766,0.6666666666666666,WR
2023091712.0,3011.0,45185.0,43327.0,100.0,0.1299267192726433,3.5958031091815914,12.6216140860918,10.0,600.0,3.5958031091815914,0.16666666666666663,0.7401465614547134,1.0,1.0,1.0,0.0,0.0,DB,WR,WR,WR,0.913382187151571,0.0,WR
2023091712.0,3163.0,53435.0,43435.0,400.0,0.0787504538839497,2.4959567303941768,2.411287408891979,10.0,1100.0,2.4959567303941768,0.0,0.8424990922321006,1.0,0.24112874088919792,1.0,0.0,0.0,DB,WR,WR,WR,0.7957254455885397,0.0,WR
2023091712.0,3215.0,43454.0,55881.0,0.0,0.1304359554016392,0.9986490875177316,11.261199308964311,10.0,0.0,0.9986490875177316,1.0,0.7391280891967216,0.6657660583451545,1.0,1.0,1.0,0.20108072998581472,DB,WR,WR,WR,0.8239136452909482,0.7336935766619382,WR
2023091712.0,3306.0,43324.0,47971.0,100.0,0.0495815826021451,2.499299901972545,13.193914381065929,10.0,1100.0,2.499299901972545,0.16666666666666663,0.9008368347957099,1.0,1.0,1.0,0.0,0.0,DB,WR,WR,WR,0.9669456115985698,0.0,WR
2023091712.0,3331.0,44874.0,43299.0,300.0,0.1084435336938079,1.3685759021698518,43.14277790420019,10.0,400.0,1.3685759021698518,0.0,0.7831129326123842,0.9123839347799012,1.0,1.0,0.0,0.0,DB,WR,WR,WR,0.9043400268121016,0.0,WR
2023091712.0,3479.0,43324.0,46142.0,200.0,0.1854148792920568,2.8391724146307147,15.883953441310524,10.0,500.0,2.8391724146307147,0.0,0.6291702414158864,1.0,1.0,1.0,0.0,0.0,DB,WR,WR,WR,0.8763900804719621,0.0,WR
2023091712.0,3576.0,46192.0,47826.0,0.0,0.0689927532426415,5.054463374088296,9.90555305096938,10.0,300.0,5.054463374088296,1.0,0.862014493514717,1.0,0.9905553050969379,1.0,0.0,0.0,DB,WR,WR,WR,0.9521158921909599,0.0,WR
2023091712.0,3606.0,43454.0,44837.0,0.0,0.1777590680958994,7.85077066280757,6.478186089677076,10.0,0.0,7.85077066280757,1.0,0.6444818638082013,1.0,0.6478186089677076,1.0,1.0,0.0,DB,WR,WR,WR,0.8110576763962752,0.6666666666666666,WR
2023091712.0,3844.0,46111.0,53465.0,100.0,0.0622296350023644,6.666363326432185,6.803309902806819,10.0,100.0,6.666363326432185,0.16666666666666663,0.8755407299952712,1.0,0.6803309902806819,1.0,0.2857142857142857,0.0,DB,WR,WR,WR,0.8945797747212267,0.19047619047619047,WR
2023091712.0,3928.0,45185.0,43327.0,0.0,0.1478228980753736,0.996092365195116,8.6333533091018,10.0,100.0,0.996092365195116,1.0,0.7043542038492527,0.664061576796744,0.86333533091018,1.0,0.2857142857142857,0.20312610784390717,DB,WR,WR,WR,0.784534887944252,0.25818489309082615,WR
2023091712.0,3951.0,42357.0,43299.0,400.0,0.0986719169072296,2.9698484809835106,4.038330505222207,10.0,1000.0,2.9698484809835106,0.0,0.8026561661855408,1.0,0.40383305052222074,1.0,0.0,0.0,DB,WR,WR,WR,0.814985332166291,0.0,WR
2023091712.0,3976.0,43324.0,38707.0,100.0,0.1061563467743419,1.1541230437002783,8.054759655889375,10.0,0.0,1.1541230437002783,0.16666666666666663,0.7876873064513162,0.7694153624668522,0.8054759655889375,1.0,1.0,0.07670156503977732,DB,WR,WR,WR,0.8288350585927201,0.6922338550132591,WR
2023091712.0,4055.0,44874.0,43327.0,100.0,0.1581500800235264,1.2254386969571376,40.02286598550363,10.0,0.0,1.2254386969571376,0.16666666666666663,0.6836998399529473,0.8169591313047584,1.0,1.0,1.0,0.019649042434289887,DB,WR,WR,WR,0.8457557149989179,0.6732163474780966,WR
2023091712.0,4328.0,45185.0,47971.0,300.0,0.1961513760309636,4.271123973850444,19.661526016788784,10.0,0.0,4.271123973850444,0.0,0.6076972479380728,1.0,1.0,1.0,1.0,0.0,DB,WR,WR,WR,0.8692324159793575,0.6666666666666666,WR
2023091712.0,4353.0,45185.0,54936.0,300.0,0.1121346646070516,1.6090059042775395,22.685867367829964,10.0,700.0,1.6090059042775395,0.0,0.7757306707858969,1.0,1.0,1.0,0.0,0.0,DB,WR,WR,WR,0.9252435569286321,0.0,WR
2023091712.0,4405.0,43324.0,47971.0,100.0,0.1009759102646838,3.207647112760382,10.07493896000326,10.0,400.0,3.207647112760382,0.16666666666666663,0.7980481794706324,1.0,1.0,1.0,0.0,0.0,DB,WR,WR,WR,0.9326827264902107,0.0,WR
2023091712.0,4428.0,46111.0,46142.0,200.0,0.0831810574535354,2.361397891080621,6.0029890690846015,10.0,1100.0,2.361397891080621,0.0,0.8336378850929291,1.0,0.6002989069084601,1.0,0.0,0.0,DB,WR,WR,WR,0.864605743079335,0.0,WR
2023091712.0,4453.0,46111.0,38707.0,300.0,0.17877759527253,1.8828170383762737,25.27072861240584,10.0,600.0,1.8828170383762737,0.0,0.64244480945494,1.0,1.0,1.0,0.0,0.0,DB,WR,WR,WR,0.8808149364849799,0.0,WR
2023091800.0,101.0,43336.0,42816.0,500.0,0.0582338086560398,4.3932789576807,7.12212413472012,10.0,700.0,4.3932789576807,0.0,0.8835323826879204,1.0,0.712212413472012,1.0,0.0,0.0,DB,WR,WR,WR,0.9036199435903758,0.0,WR
2023091800.0,148.0,54476.0,46124.0,0.0,0.1127014161197733,1.420422472365174,12.47259632511833,10.0,0.0,1.420422472365174,1.0,0.7745971677604534,0.946948314910116,1.0,1.0,1.0,0.0,DB,WR,WR,WR,0.9107186065628486,0.6666666666666666,WR
2023091800.0,429.0,40488.0,53489.0,300.0,0.1482599069202459,3.111221625021273,8.06603157341443,10.0,300.0,3.111221625021273,0.0,0.7034801861595081,1.0,0.806603157341443,1.0,0.0,0.0,DB,WR,WR,WR,0.8624806935214578,0.0,WR
2023091800.0,523.0,46542.0,52417.0,500.0,0.3433724721853146,2.6772560579817557,7.881969309147042,10.0,1300.0,2.6772560579817557,0.0,0.31325505562937084,1.0,0.7881969309147042,1.0,0.0,0.0,DB,WR,WR,WR,0.7287244047260644,0.0,WR
2023091800.0,646.0,43336.0,46527.0,400.0,0.0900519668033196,4.3205670924081145,5.379138879639554,10.0,0.0,4.3205670924081145,0.0,0.8198960663933608,1.0,0.5379138879639555,1.0,1.0,0.0,DB,WR,WR,WR,0.8475481330572446,0.6666666666666666,WR
2023091800.0,720.0,54476.0,52472.0,400.0,0.1507466795770601,7.8540753752430925,10.10130109287616,10.0,400.0,7.8540753752430925,0.0,0.6985066408458798,1.0,1.0,1.0,0.0,0.0,DB,WR,WR,WR,0.8995022136152931,0.0,WR
2023091800.0,743.0,54476.0,43350.0,400.0,0.2924813159794043,5.728891690370834,3.729205460106229,10.0,100.0,5.728891690370834,0.0,0.4150373680411914,1.0,0.3729205460106229,1.0,0.2857142857142857,0.0,DB,WR,WR,WR,0.679596565215855,0.19047619047619047,WR
2023091800.0,790.0,47920.0,46124.0,400.0,0.19122288167526,7.57131428485174,6.506408737566862,10.0,500.0,7.57131428485174,0.0,0.61755423664948,1.0,0.6506408737566862,1.0,0.0,0.0,DB,WR,WR,WR,0.8026462536344972,0.0,WR
2023091800.0,837.0,43336.0,52417.0,400.0,0.1508754409862999,4.3191897388283405,11.632069756237051,10.0,0.0,4.3191897388283405,0.0,0.6982491180274002,1.0,1.0,1.0,1.0,0.0,DB,WR,WR,WR,0.8994163726758,0.6666666666666666,WR
2023091800.0,1027.0,40488.0,54514.0,500.0,0.0918649147475593,2.9145497079308824,23.052988050097657,10.0,800.0,2.9145497079308824,0.0,0.8162701705048814,1.0,1.0,1.0,0.0,0.0,DB,WR,WR,WR,0.938756723501627,0.0,WR
2023091800.0,1072.0,47836.0,53489.0,100.0,0.1984074017672309,5.849923076417338,3.88371749463107,10.0,300.0,5.849923076417338,0.16666666666666663,0.6031851964655381,1.0,0.38837174946310704,1.0,0.0,0.0,DB,WR,WR,WR,0.7454027487144674,0.0,WR
2023091800.0,1102.0,40488.0,54514.0,400.0,0.1546071945783397,0.8940357934669046,4.380027128815348,10.0,800.0,0.8940357934669046,0.0,0.6907856108433206,0.5960238623112698,0.4380027128815348,1.0,0.0,0.2847713652264763,DB,WR,WR,WR,0.6768021094737524,0.09492378840882543,WR
2023091800.0,1236.0,43336.0,46124.0,400.0,0.1349424828740397,1.0652699188468675,18.84506670631139,10.0,800.0,1.0652699188468675,0.0,0.7301150342519206,0.7101799458979117,1.0,1.0,0.0,0.14778406492250595,DB,WR,WR,WR,0.8327529969900832,0.04926135497416865,WR
2023091800.0,1340.0,43336.0,46124.0,300.0,0.2463953482398816,1.1720068259186889,53.00767650540278,10.0,600.0,1.1720068259186889,0.0,0.5072093035202367,0.7813378839457926,1.0,1.0,0.0,0.0623945392650489,DB,WR,WR,WR,0.7774265368922902,0.0207981797550163,WR
2023091800.0,1363.0,43336.0,46124.0,400.0,0.2082107864682604,1.134416149391397,3.917736823054545,10.0,500.0,1.134416149391397,0.0,0.5835784270634792,0.756277432927598,0.3917736823054545,1.0,0.0,0.09246708048688246,DB,WR,WR,WR,0.67455486092961,0.03082236016229415,WR
2023091800.0,1454.0,54476.0,46124.0,500.0,0.1659952875351317,2.140840956259946,16.405945656746017,10.0,900.0,2.140840956259946,0.0,0.6680094249297366,1.0,1.0,1.0,0.0,0.0,DB,WR,WR,WR,0.8893364749765788,0.0,WR
2023091800.0,1477.0,52762.0,46527.0,400.0,0.1660452182170678,5.821589130125906,12.73584809225745,10.0,0.0,5.821589130125906,0.0,0.6679095635658644,1.0,1.0,1.0,1.0,0.0,DB,WR,WR,WR,0.8893031878552881,0.6666666666666666,WR
2023091800.0,1646.0,55133.0,42816.0,400.0,0.2067571749946408,4.861481255749115,12.12989300751219,10.0,0.0,4.861481255749115,0.0,0.5864856500107184,1.0,1.0,1.0,1.0,0.0,DB,WR,WR,WR,0.862161883336906,0.6666666666666666,WR
2023091800.0,1705.0,43336.0,46124.0,300.0,0.0515012713666459,4.794006675005781,8.273832524239051,10.0,0.0,4.794006675005781,0.0,0.8969974572667082,1.0,0.8273832524239051,1.0,1.0,0.0,DB,WR,WR,WR,0.9311424695736837,0.6666666666666666,WR
2023091800.0,1730.0,43336.0,46124.0,300.0,0.1074777678789213,0.676756972627546,4.04395440964706,10.0,600.0,0.676756972627546,0.0,0.7850444642421575,0.45117131508503067,0.404395440964706,1.0,0.0,0.4585944218979632,DB,WR,WR,WR,0.6628729269630018,0.15286480729932106,WR
2023091800.0,1773.0,46130.0,53505.0,400.0,0.2954609062924352,2.8100711734758654,7.709214682142854,10.0,500.0,2.8100711734758654,0.0,0.4090781874151296,1.0,0.7709214682142854,1.0,0.0,0.0,DB,WR,WR,WR,0.7572103561145669,0.0,WR
2023091800.0,1854.0,55904.0,38607.0,400.0,0.2182300384165105,1.7455371666051662,11.53138919165751,10.0,400.0,1.7455371666051662,0.0,0.563539923166979,1.0,1.0,1.0,0.0,0.0,DB,WR,WR,WR,0.8545133077223263,0.0,WR
2023091800.0,1920.0,43336.0,46527.0,400.0,0.0938893214288109,3.8428244820704474,8.97796331161131,10.0,600.0,3.8428244820704474,0.0,0.8122213571423782,1.0,0.897796331161131,1.0,0.0,0.0,DB,WR,WR,WR,0.9169663852796855,0.0,WR
2023091800.0,1945.0,54476.0,42816.0,500.0,0.2676102049141503,2.134595980507789,8.521089209085664,10.0,300.0,2.134595980507789,0.0,0.46477959017169945,1.0,0.8521089209085664,1.0,0.0,0.0,DB,WR,WR,WR,0.7920149809056131,0.0,WR
2023091800.0,1972.0,40488.0,54514.0,300.0,0.2919345927628531,3.020016556246008,7.277199078494252,10.0,700.0,3.020016556246008,0.0,0.4161308144742938,1.0,0.7277199078494252,1.0,0.0,0.0,DB,WR,WR,WR,0.7509209197279829,0.0,WR
2023091800.0,2098.0,54476.0,42816.0,300.0,0.036159595405221,6.123348757011963,7.467573899682478,10.0,600.0,6.123348757011963,0.0,0.927680809189558,1.0,0.7467573899682478,1.0,0.0,0.0,DB,WR,WR,WR,0.9252450810568356,0.0,WR
2023091800.0,2151.0,55133.0,43350.0,300.0,0.0360555127546398,4.728519852977247,7.43092812740947,10.0,300.0,4.728519852977247,0.0,0.9278889744907204,1.0,0.7430928127409471,1.0,0.0,0.0,DB,WR,WR,WR,0.9245815540450961,0.0,WR
2023091800.0,2196.0,54476.0,42816.0,400.0,0.0483474018367878,3.300560558450642,2.46321596086507,10.0,700.0,3.300560558450642,0.0,0.9033051963264244,1.0,0.246321596086507,1.0,0.0,0.0,DB,WR,WR,WR,0.817032717992776,0.0,WR
2023091800.0,2455.0,40488.0,54514.0,0.0,0.2338830142781132,2.0185390756683397,15.8775907555977,10.0,800.0,2.0185390756683397,1.0,0.5322339714437736,1.0,1.0,1.0,0.0,0.0,DB,WR,WR,WR,0.8440779904812578,0.0,WR
2023091800.0,2500.0,55904.0,53505.0,400.0,0.1730966026888855,0.8658521813797123,11.496983496424868,10.0,0.0,0.8658521813797123,0.0,0.653806794622229,0.5772347875864748,1.0,1.0,1.0,0.3073182548962301,DB,WR,WR,WR,0.7718648748971362,0.76910608496541,WR
2023091800.0,2700.0,55904.0,53505.0,400.0,0.1003161668592521,1.3191285001848765,2.8007129568495266,10.0,700.0,1.3191285001848765,0.0,0.7993676662814958,0.879419000123251,0.28007129568495265,1.0,0.0,0.0,DB,WR,WR,WR,0.7569818812636894,0.0,WR
2023091800.0,2839.0,54476.0,45004.0,200.0,0.0078732651481814,5.719484242482011,1.3528087974104213,10.0,0.0,5.719484242482011,0.0,0.9842534697036373,1.0,0.13528087974104214,1.0,1.0,0.0,DB,WR,WR,WR,0.8218073325160875,0.6666666666666666,WR
2023091800.0,2943.0,54476.0,52417.0,400.0,0.1165970488257389,1.192686044187661,6.075704399633229,10.0,500.0,1.192686044187661,0.0,0.7668059023485222,0.7951240294584406,0.6075704399633228,1.0,0.0,0.04585116464987116,DB,WR,WR,WR,0.7891491299644227,0.015283721549957052,WR
2023091800.0,2968.0,52942.0,43497.0,0.0,0.1852025917745212,4.674665763453043,2.5737569721384417,10.0,0.0,4.674665763453043,1.0,0.6295948164509576,1.0,0.2573756972138442,1.0,1.0,0.0,DB,WR,WR,WR,0.7280067449264214,0.6666666666666666,WR
2023091800.0,3042.0,52942.0,46527.0,400.0,0.0745553266509252,4.821752793331486,12.031534563361058,10.0,200.0,4.821752793331486,0.0,0.8508893466981496,1.0,1.0,1.0,0.0,0.0,DB,WR,WR,WR,0.950296448899383,0.0,WR
2023091800.0,3202.0,55904.0,44823.0,600.0,0.0474341649025256,0.5772347875864731,1.4813738903812326,10.0,900.0,0.5772347875864731,0.0,0.9051316701949488,0.3848231917243154,0.14813738903812326,1.0,0.0,0.5382121699308215,DB,WR,WR,WR,0.633957552332425,0.17940405664360717,WR
2023091800.0,3587.0,47836.0,54514.0,700.0,0.2348697364571439,9.114472008843958,6.856605532511805,10.0,400.0,9.114472008843958,0.0,0.5302605270857121,1.0,0.6856605532511806,1.0,0.0,0.0,DB,WR,WR,WR,0.7805522863454735,0.0,WR
2023091800.0,3634.0,46094.0,53489.0,400.0,0.2575048516353147,4.285907138518046,1.3240517187720091,10.0,0.0,4.285907138518046,0.0,0.48499029672937055,1.0,0.1324051718772009,1.0,1.0,0.0,DB,WR,WR,WR,0.6548111332852303,0.6666666666666666,DB
2023091800.0,3705.0,46094.0,53489.0,400.0,0.0998445761868885,3.863935817272335,4.665590161141108,10.0,1400.0,3.863935817272335,0.0,0.8003108476262231,1.0,0.4665590161141108,1.0,0.0,0.0,DB,WR,WR,WR,0.8267487524315631,0.0,WR
2023091800.0,3852.0,55133.0,46124.0,300.0,0.2364539176922939,1.3406341782902658,8.587974121845045,10.0,300.0,1.3406341782902658,0.0,0.5270921646154122,0.8937561188601771,0.8587974121845046,1.0,0.0,0.0,DB,WR,WR,WR,0.7857918356714187,0.0,WR
2023091800.0,4057.0,55904.0,53489.0,500.0,0.088779903948074,6.315773903489576,1.5179728968923296,10.0,700.0,6.315773903489576,0.0,0.822440192103852,1.0,0.15179728968923295,1.0,0.0,0.0,DB,WR,WR,WR,0.7711728553057972,0.0,WR
2023091800.0,4114.0,47836.0,40017.0,400.0,0.1234021021609191,1.6417368851311116,16.381695932217095,10.0,500.0,1.6417368851311116,0.0,0.7531957956781619,1.0,1.0,1.0,0.0,0.0,DB,WR,WR,WR,0.9177319318927205,0.0,WR
2023091800.0,4142.0,40488.0,54514.0,0.0,0.1194206444572322,5.572970482606202,19.606470402660246,10.0,0.0,5.572970482606202,1.0,0.7611587110855356,1.0,1.0,1.0,1.0,0.0,DB,WR,WR,WR,0.9203862370285117,0.6666666666666666,WR
2023091800.0,4167.0,53555.0,40017.0,400.0,0.2327331489382608,7.895701362133702,1.269996688517863,10.0,400.0,7.895701362133702,0.0,0.5345337021234784,1.0,0.12699966885178632,1.0,0.0,0.0,DB,WR,WR,WR,0.67024450114485,0.0,WR
2023091800.0,4197.0,53555.0,54514.0,600.0,0.0655438784326959,7.850159234053789,4.905004313790342,10.0,0.0,7.850159234053789,0.0,0.8689122431346081,1.0,0.4905004313790342,1.0,1.0,0.0,DB,WR,WR,WR,0.8544041673206761,0.6666666666666666,WR
2023091800.0,4222.0,55904.0,53505.0,400.0,0.1095675931617756,0.90448880590088,9.989626300078958,10.0,700.0,0.90448880590088,0.0,0.7808648136764488,0.6029925372672533,0.9989626300078959,1.0,0.0,0.276408955279296,DB,WR,WR,WR,0.8208788071649963,0.092136318426432,WR
2023091800.0,4274.0,46094.0,54514.0,300.0,0.2102848944696344,7.842359338872455,2.3915500205799836,10.0,0.0,7.842359338872455,0.0,0.5794302110607312,1.0,0.23915500205799836,1.0,1.0,0.0,DB,WR,WR,WR,0.7076410707651767,0.6666666666666666,WR
2023091800.0,4304.0,53555.0,40017.0,300.0,0.2234572714724518,12.202573499061586,1.8875777428278644,10.0,200.0,12.202573499061586,0.0,0.5530854570550964,1.0,0.18875777428278645,1.0,0.0,0.0,DB,WR,WR,WR,0.6887800405415894,0.0,WR
2023091800.0,4339.0,55904.0,40017.0,300.0,0.0430852710297862,5.697016763184039,3.57487024149309,10.0,300.0,5.697016763184039,0.0,0.9138294579404276,1.0,0.357487024149309,1.0,0.0,0.0,DB,WR,WR,WR,0.8427738908100042,0.0,WR
2023091800.0,4369.0,40488.0,53505.0,300.0,0.195293992712893,3.444938315848345,2.980375222752592,10.0,700.0,3.444938315848345,0.0,0.609412014574214,1.0,0.2980375222752592,1.0,0.0,0.0,DB,WR,WR,WR,0.7294115093131232,0.0,WR
2023091801.0,56.0,52523.0,52510.0,400.0,0.0880507874835347,2.4820354550247625,20.081732220179724,10.0,900.0,2.4820354550247625,0.0,0.8238984250329306,1.0,1.0,1.0,0.0,0.0,DB,WR,WR,WR,0.9412994750109768,0.0,WR
2023091801.0,144.0,53463.0,47956.0,300.0,0.1607306235081955,4.5690480408943,15.849923527998545,10.0,400.0,4.5690480408943,0.0,0.678538752983609,1.0,1.0,1.0,0.0,0.0,DB,WR,WR,WR,0.8928462509945363,0.0,WR
2023091801.0,176.0,42347.0,46652.0,700.0,0.2182963040302709,1.758237754116322,11.233639490074708,10.0,0.0,1.758237754116322,0.0,0.5634073919394582,1.0,1.0,1.0,1.0,0.0,DB,WR,WR,WR,0.854469130646486,0.6666666666666666,WR
2023091801.0,230.0,54564.0,46080.0,500.0,0.0565538091849989,6.640858378252012,8.890981482742914,10.0,0.0,6.640858378252012,0.0,0.8868923816300022,1.0,0.8890981482742915,1.0,1.0,0.0,DB,WR,WR,WR,0.9401170901981922,0.6666666666666666,WR
2023091801.0,384.0,53463.0,55897.0,300.0,0.1158691791058637,4.309350299059012,12.879616958152774,10.0,600.0,4.309350299059012,0.0,0.7682616417882726,1.0,1.0,1.0,0.0,0.0,DB,WR,WR,WR,0.9227538805960908,0.0,WR
2023091801.0,592.0,53463.0,43306.0,500.0,0.04999867723118,5.832495177880561,1.7674410809271068,10.0,0.0,5.832495177880561,0.0,0.90000264553764,1.0,0.17674410809271068,1.0,1.0,0.0,DB,WR,WR,WR,0.8020163701310887,0.6666666666666666,WR
2023091801.0,807.0,42347.0,37078.0,400.0,0.16389286001903,0.9347726996441448,9.979077857902348,10.0,700.0,0.9347726996441448,0.0,0.6722142799619399,0.6231817997627632,0.9979077857902349,1.0,0.0,0.25218184028468416,DB,WR,WR,WR,0.789834797082097,0.08406061342822804,WR
2023091801.0,911.0,53463.0,43306.0,300.0,0.1908251231947104,3.364357293748688,2.0332063130819873,10.0,0.0,3.364357293748688,0.0,0.6183497536105792,1.0,0.20332063130819872,1.0,1.0,0.0,DB,WR,WR,WR,0.7134473774651661,0.6666666666666666,WR
2023091801.0,1071.0,48988.0,46073.0,0.0,0.1107197311180751,10.631975357383029,4.830829946962809,10.0,900.0,10.631975357383029,1.0,0.7785605377638498,1.0,0.4830829946962809,1.0,0.0,0.0,DB,WR,WR,WR,0.8228034448605395,0.0,WR
2023091801.0,1163.0,42347.0,43306.0,400.0,0.1462725914027329,3.600888779176616,14.644148022169292,10.0,0.0,3.600888779176616,0.0,0.7074548171945342,1.0,1.0,1.0,1.0,0.0,DB,WR,WR,WR,0.9024849390648446,0.6666666666666666,WR
2023091801.0,1216.0,54621.0,44962.0,400.0,0.2903792375437966,3.403321906608306,10.338898605340267,10.0,0.0,3.403321906608306,0.0,0.41924152491240685,1.0,1.0,1.0,1.0,0.0,DB,WR,WR,WR,0.8064138416374689,0.6666666666666666,WR
2023091801.0,1304.0,41290.0,47863.0,400.0,0.1213981054217901,2.634691632810191,4.7343353419259495,10.0,900.0,2.634691632810191,0.0,0.7572037891564198,1.0,0.47343353419259493,1.0,0.0,0.0,DB,WR,WR,WR,0.8137546365573255,0.0,WR
2023091801.0,1407.0,54603.0,53481.0,0.0,0.092028147292988,6.100860595030834,3.0840005843888463,10.0,300.0,6.100860595030834,1.0,0.815943705414024,1.0,0.30840005843888463,1.0,0.0,0.0,DB,WR,WR,WR,0.8003279134924515,0.0,WR
2023091801.0,1478.0,52523.0,47956.0,300.0,0.2047380440139709,3.514839967907497,12.961601636257855,10.0,600.0,3.514839967907497,0.0,0.5905239119720582,1.0,1.0,1.0,0.0,0.0,DB,WR,WR,WR,0.8635079706573526,0.0,WR
2023091801.0,1539.0,54621.0,43306.0,500.0,0.2069458582221304,7.732948984701762,10.679326603355678,10.0,0.0,7.732948984701762,0.0,0.5861082835557392,1.0,1.0,1.0,1.0,0.0,DB,WR,WR,WR,0.8620360945185797,0.6666666666666666,WR
2023091801.0,1615.0,53453.0,52452.0,0.0,0.0716353100576721,10.198244947048492,6.993488525680207,10.0,0.0,10.198244947048492,1.0,0.8567293798846558,1.0,0.6993488525680207,1.0,1.0,0.0,DB,WR,WR,WR,0.8921128971418227,0.6666666666666666,WR
2023091801.0,1640.0,54517.0,54533.0,100.0,0.0782102429689561,0.9138927727036686,7.990148486299643,10.0,500.0,0.9138927727036686,0.16666666666666663,0.8435795140620879,0.6092618484691125,0.7990148486299643,1.0,0.0,0.26888578183706513,DB,WR,WR,WR,0.8034659673384521,0.08962859394568837,WR
2023091801.0,1743.0,53463.0,46698.0,600.0,0.0730746295086915,1.458903697986952,0.8822476978580241,10.0,800.0,1.458903697986952,0.0,0.853850740982617,0.9726024653246347,0.08822476978580242,1.0,0.0,0.0,DB,WR,WR,WR,0.7616225250379353,0.0,WR
2023091801.0,1863.0,54517.0,47846.0,500.0,0.1338976154700724,4.096889063667698,14.400746453128294,10.0,200.0,4.096889063667698,0.0,0.7322047690598552,1.0,1.0,1.0,0.0,0.0,DB,WR,WR,WR,0.9107349230199516,0.0,WR
2023091801.0,1945.0,42347.0,46080.0,400.0,0.1026084305916918,4.25603101492459,10.67609074306308,10.0,1200.0,4.25603101492459,0.0,0.7947831388166164,1.0,1.0,1.0,0.0,0.0,DB,WR,WR,WR,0.9315943796055387,0.0,WR
2023091801.0,1990.0,53463.0,43306.0,500.0,0.0649008567903476,6.016851336039469,18.52386595805856,10.0,1000.0,6.016851336039469,0.0,0.8701982864193047,1.0,1.0,1.0,0.0,0.0,DB,WR,WR,WR,0.9567327621397681,0.0,WR
2023091801.0,2091.0,54603.0,46073.0,400.0,0.1259640884020188,0.9426027795418368,4.888872929128988,10.0,600.0,0.9426027795418368,0.0,0.7480718231959624,0.6284018530278912,0.4888872929128988,1.0,0.0,0.24591777636653056,DB,WR,WR,WR,0.7147085604553381,0.08197259212217685,WR
2023091801.0,2116.0,54905.0,53481.0,700.0,0.1071066195759592,6.986401076376876,14.974179820599897,10.0,700.0,6.986401076376876,0.0,0.7857867608480816,1.0,1.0,1.0,0.0,0.0,DB,WR,WR,WR,0.9285955869493605,0.0,WR
2023091801.0,2139.0,54517.0,53455.0,600.0,0.1004276569761253,3.3807987221956854,13.567564470291174,10.0,600.0,3.3807987221956854,0.0,0.7991446860477494,1.0,1.0,1.0,0.0,0.0,DB,WR,WR,WR,0.933048228682583,0.0,WR
2023091801.0,2253.0,44841.0,37078.0,900.0,0.1978099792194212,8.521296849658505,4.0922949273385125,10.0,100.0,8.521296849658505,0.0,0.6043800415611575,1.0,0.40922949273385123,1.0,0.2857142857142857,0.0,DB,WR,WR,WR,0.7499725790671561,0.19047619047619047,WR
2023091801.0,2597.0,54517.0,46073.0,400.0,0.268548059748883,3.714969717238624,11.69397612578634,10.0,800.0,3.714969717238624,0.0,0.46290388050223397,1.0,1.0,1.0,0.0,0.0,DB,WR,WR,WR,0.8209679601674112,0.0,WR
2023091801.0,2698.0,54517.0,46073.0,400.0,0.0246258552854111,6.77321932318747,9.721572759700496,10.0,800.0,6.77321932318747,0.0,0.9507482894291778,1.0,0.9721572759700496,1.0,0.0,0.0,DB,WR,WR,WR,0.9780142183370691,0.0,WR
2023091801.0,2723.0,54517.0,46073.0,500.0,0.0845178966479949,1.504260615717901,19.91064622636874,10.0,800.0,1.504260615717901,0.0,0.8309642067040102,1.0,1.0,1.0,0.0,0.0,DB,WR,WR,WR,0.9436547355680033,0.0,WR
2023091801.0,2789.0,44841.0,43503.0,400.0,0.1141843444441008,0.3744329045369716,58.31232468811788,10.0,700.0,0.3744329045369716,0.0,0.7716313111117984,0.24962193635798105,1.0,1.0,0.0,0.7004536763704228,DB,WR,WR,WR,0.7237762867327276,0.2334845587901409,WR
2023091801.0,2955.0,54517.0,47863.0,500.0,0.1569967638869277,6.555867600859555,14.698248087547956,10.0,0.0,6.555867600859555,0.0,0.6860064722261445,1.0,1.0,1.0,1.0,0.0,DB,WR,WR,WR,0.8953354907420481,0.6666666666666666,WR
2023091801.0,3000.0,47876.0,53455.0,300.0,0.0172697890558942,4.093812404104518,3.03992692606318,10.0,400.0,4.093812404104518,0.0,0.9654604218882116,1.0,0.303992692606318,1.0,0.0,0.0,DB,WR,WR,WR,0.8492853458173341,0.0,WR
2023091801.0,3131.0,52595.0,37078.0,600.0,0.1119114963108612,5.015107177319336,6.672894062213949,10.0,1200.0,5.015107177319336,0.0,0.7761770073782777,1.0,0.6672894062213949,1.0,0.0,0.0,DB,WR,WR,WR,0.8588502170370381,0.0,WR
2023091801.0,3154.0,42347.0,46652.0,400.0,0.1080788867061186,2.1499999999999915,12.643775106575292,10.0,700.0,2.1499999999999915,0.0,0.7838422265877628,1.0,1.0,1.0,0.0,0.0,DB,WR,WR,WR,0.9279474088625874,0.0,WR
2023091801.0,3179.0,54564.0,46698.0,500.0,0.1616092319753086,2.6148996156640543,9.114935479510285,10.0,0.0,2.6148996156640543,0.0,0.6767815360493827,1.0,0.9114935479510284,1.0,1.0,0.0,DB,WR,WR,WR,0.8745592216066665,0.6666666666666666,WR
2023091801.0,3204.0,40026.0,46698.0,500.0,0.1261628085592815,3.3700148367625924,6.393590556647062,10.0,0.0,3.3700148367625924,0.0,0.747674382881437,1.0,0.6393590556647062,1.0,1.0,0.0,DB,WR,WR,WR,0.8437632720934202,0.6666666666666666,WR
2023091801.0,3509.0,46167.0,43306.0,600.0,0.1974990692457592,6.511812343733506,5.047268184413275,10.0,0.0,6.511812343733506,0.0,0.6050018615084816,1.0,0.5047268184413275,1.0,1.0,0.0,DB,WR,WR,WR,0.7692793175244259,0.6666666666666666,WR
2023091801.0,3554.0,42347.0,46698.0,700.0,0.1394017831408808,1.1621101496846151,7.816638157441071,10.0,800.0,1.1621101496846151,0.0,0.7211964337182384,0.7747400997897435,0.7816638157441071,1.0,0.0,0.07031188025230795,DB,WR,WR,WR,0.8033289343321657,0.02343729341743598,WR
2023091801.0,3640.0,42347.0,46698.0,400.0,0.1732028222596022,4.410770907675892,12.688259399773711,10.0,0.0,4.410770907675892,0.0,0.6535943554807956,1.0,1.0,1.0,1.0,0.0,DB,WR,WR,WR,0.8845314518269318,0.6666666666666666,WR
2023091801.0,3826.0,44841.0,47956.0,400.0,0.0786513153848343,4.346504342572316,9.067016378873506,10.0,400.0,4.346504342572316,0.0,0.8426973692303315,1.0,0.9067016378873506,1.0,0.0,0.0,DB,WR,WR,WR,0.9289061173209139,0.0,WR
2023091801.0,4004.0,53463.0,42467.0,500.0,0.0895448466964594,5.633231754508243,8.361903634761498,10.0,600.0,5.633231754508243,0.0,0.8209103066070812,1.0,0.8361903634761498,1.0,0.0,0.0,DB,WR,WR,WR,0.9075415082309236,0.0,WR
2023091801.0,4169.0,54592.0,37078.0,700.0,0.1334113019896572,2.8977404990785467,22.96993910455295,10.0,700.0,2.8977404990785467,0.0,0.7331773960206855,1.0,1.0,1.0,0.0,0.0,DB,WR,WR,WR,0.911059132006895,0.0,WR
2023091801.0,4401.0,42347.0,46698.0,500.0,0.0383504919644865,6.14886168327114,2.7234277162731035,10.0,0.0,6.14886168327114,0.0,0.923299016071027,1.0,0.27234277162731035,1.0,1.0,0.0,DB,WR,WR,WR,0.828901559682471,0.6666666666666666,WR
2023091801.0,4431.0,53463.0,46652.0,400.0,0.0796320561571537,4.004722212588533,4.6277226877493,10.0,900.0,4.004722212588533,0.0,0.8407358876856926,1.0,0.46277226877492994,1.0,0.0,0.0,DB,WR,WR,WR,0.8394664163168833,0.0,WR
